obsolete_hs10,new_hs10,source_file,source_url,source_sha256,checked_on
0208900090,0208900090,conc-10-stats-2022.xlsx,https://www.cbsa-asfc.gc.ca/trade-commerce/tariff-tarif/2022/concordance/conc-10-stats-2022.xlsx,603892b51de70231,2026-09-07
0306190000,0306190000,conc-10-stats-2022.xlsx,https://www.cbsa-asfc.gc.ca/trade-commerce/tariff-tarif/2022/concordance/conc-10-stats-2022.xlsx,603892b51de70231,2026-09-07
0306390000,0306390000,conc-10-stats-2022.xlsx,https://www.cbsa-asfc.gc.ca/trade-commerce/tariff-tarif/2022/concordance/conc-10-stats-2022.xlsx,603892b51de70231,2026-09-07
0306990000,0306990000,conc-10-stats-2022.xlsx,https://www.cbsa-asfc.gc.ca/trade-commerce/tariff-tarif/2022/concordance/conc-10-stats-2022.xlsx,603892b51de70231,2026-09-07
0307210010,0307210010,conc-10-stats-2022.xlsx,https://www.cbsa-asfc.gc.ca/trade-commerce/tariff-tarif/2022/concordance/conc-10-stats-2022.xlsx,603892b51de70231,2026-09-07
0307910000,0307210010,conc-10-stats-2022.xlsx,https://www.cbsa-asfc.gc.ca/trade-commerce/tariff-tarif/2022/concordance/conc-10-stats-2022.xlsx,603892b51de70231,2026-09-07
0307210090,0307210090,conc-10-stats-2022.xlsx,https://www.cbsa-asfc.gc.ca/trade-commerce/tariff-tarif/2022/concordance/conc-10-stats-2022.xlsx,603892b51de70231,2026-09-07
0307910000,0307210090,conc-10-stats-2022.xlsx,https://www.cbsa-asfc.gc.ca/trade-commerce/tariff-tarif/2022/concordance/conc-10-stats-2022.xlsx,603892b51de70231,2026-09-07
0307921000,0307221000,conc-10-stats-2022.xlsx,https://www.cbsa-asfc.gc.ca/trade-commerce/tariff-tarif/2022/concordance/conc-10-stats-2022.xlsx,603892b51de70231,2026-09-07
0307220000,0307229000,conc-10-stats-2022.xlsx,https://www.cbsa-asfc.gc.ca/trade-commerce/tariff-tarif/2022/concordance/conc-10-stats-2022.xlsx,603892b51de70231,2026-09-07
0307929000,0307229000,conc-10-stats-2022.xlsx,https://www.cbsa-asfc.gc.ca/trade-commerce/tariff-tarif/2022/concordance/conc-10-stats-2022.xlsx,603892b51de70231,2026-09-07
0307290000,0307291000,conc-10-stats-2022.xlsx,https://www.cbsa-asfc.gc.ca/trade-commerce/tariff-tarif/2022/concordance/conc-10-stats-2022.xlsx,603892b51de70231,2026-09-07
0307991000,0307291000,conc-10-stats-2022.xlsx,https://www.cbsa-asfc.gc.ca/trade-commerce/tariff-tarif/2022/concordance/conc-10-stats-2022.xlsx,603892b51de70231,2026-09-07
0307999000,0307299000,conc-10-stats-2022.xlsx,https://www.cbsa-asfc.gc.ca/trade-commerce/tariff-tarif/2022/concordance/conc-10-stats-2022.xlsx,603892b51de70231,2026-09-07
0307910000,0307910000,conc-10-stats-2022.xlsx,https://www.cbsa-asfc.gc.ca/trade-commerce/tariff-tarif/2022/concordance/conc-10-stats-2022.xlsx,603892b51de70231,2026-09-07
0307921000,0307921000,conc-10-stats-2022.xlsx,https://www.cbsa-asfc.gc.ca/trade-commerce/tariff-tarif/2022/concordance/conc-10-stats-2022.xlsx,603892b51de70231,2026-09-07
0307929000,0307929000,conc-10-stats-2022.xlsx,https://www.cbsa-asfc.gc.ca/trade-commerce/tariff-tarif/2022/concordance/conc-10-stats-2022.xlsx,603892b51de70231,2026-09-07
0307991000,0307991000,conc-10-stats-2022.xlsx,https://www.cbsa-asfc.gc.ca/trade-commerce/tariff-tarif/2022/concordance/conc-10-stats-2022.xlsx,603892b51de70231,2026-09-07
0307999000,0307999000,conc-10-stats-2022.xlsx,https://www.cbsa-asfc.gc.ca/trade-commerce/tariff-tarif/2022/concordance/conc-10-stats-2022.xlsx,603892b51de70231,2026-09-07
0308901000,0308901000,conc-10-stats-2022.xlsx,https://www.cbsa-asfc.gc.ca/trade-commerce/tariff-tarif/2022/concordance/conc-10-stats-2022.xlsx,603892b51de70231,2026-09-07
0308909000,0308909000,conc-10-stats-2022.xlsx,https://www.cbsa-asfc.gc.ca/trade-commerce/tariff-tarif/2022/concordance/conc-10-stats-2022.xlsx,603892b51de70231,2026-09-07
0305100000,0309100000,conc-10-stats-2022.xlsx,https://www.cbsa-asfc.gc.ca/trade-commerce/tariff-tarif/2022/concordance/conc-10-stats-2022.xlsx,603892b51de70231,2026-09-07
0306190000,0309901000,conc-10-stats-2022.xlsx,https://www.cbsa-asfc.gc.ca/trade-commerce/tariff-tarif/2022/concordance/conc-10-stats-2022.xlsx,603892b51de70231,2026-09-07
0306390000,0309901000,conc-10-stats-2022.xlsx,https://www.cbsa-asfc.gc.ca/trade-commerce/tariff-tarif/2022/concordance/conc-10-stats-2022.xlsx,603892b51de70231,2026-09-07
0306990000,0309901000,conc-10-stats-2022.xlsx,https://www.cbsa-asfc.gc.ca/trade-commerce/tariff-tarif/2022/concordance/conc-10-stats-2022.xlsx,603892b51de70231,2026-09-07
0307921000,0309902100,conc-10-stats-2022.xlsx,https://www.cbsa-asfc.gc.ca/trade-commerce/tariff-tarif/2022/concordance/conc-10-stats-2022.xlsx,603892b51de70231,2026-09-07
0307991000,0309902100,conc-10-stats-2022.xlsx,https://www.cbsa-asfc.gc.ca/trade-commerce/tariff-tarif/2022/concordance/conc-10-stats-2022.xlsx,603892b51de70231,2026-09-07
0307910000,0309902900,conc-10-stats-2022.xlsx,https://www.cbsa-asfc.gc.ca/trade-commerce/tariff-tarif/2022/concordance/conc-10-stats-2022.xlsx,603892b51de70231,2026-09-07
0307929000,0309902900,conc-10-stats-2022.xlsx,https://www.cbsa-asfc.gc.ca/trade-commerce/tariff-tarif/2022/concordance/conc-10-stats-2022.xlsx,603892b51de70231,2026-09-07
0307999000,0309902900,conc-10-stats-2022.xlsx,https://www.cbsa-asfc.gc.ca/trade-commerce/tariff-tarif/2022/concordance/conc-10-stats-2022.xlsx,603892b51de70231,2026-09-07
0308901000,0309909100,conc-10-stats-2022.xlsx,https://www.cbsa-asfc.gc.ca/trade-commerce/tariff-tarif/2022/concordance/conc-10-stats-2022.xlsx,603892b51de70231,2026-09-07
0308909000,0309909900,conc-10-stats-2022.xlsx,https://www.cbsa-asfc.gc.ca/trade-commerce/tariff-tarif/2022/concordance/conc-10-stats-2022.xlsx,603892b51de70231,2026-09-07
1901903990,0403201000,conc-10-stats-2022.xlsx,https://www.cbsa-asfc.gc.ca/trade-commerce/tariff-tarif/2022/concordance/conc-10-stats-2022.xlsx,603892b51de70231,2026-09-07
1901904090,0403201000,conc-10-stats-2022.xlsx,https://www.cbsa-asfc.gc.ca/trade-commerce/tariff-tarif/2022/concordance/conc-10-stats-2022.xlsx,603892b51de70231,2026-09-07
1901905900,0403201000,conc-10-stats-2022.xlsx,https://www.cbsa-asfc.gc.ca/trade-commerce/tariff-tarif/2022/concordance/conc-10-stats-2022.xlsx,603892b51de70231,2026-09-07
1901903390,0403202100,conc-10-stats-2022.xlsx,https://www.cbsa-asfc.gc.ca/trade-commerce/tariff-tarif/2022/concordance/conc-10-stats-2022.xlsx,603892b51de70231,2026-09-07
1901905300,0403202100,conc-10-stats-2022.xlsx,https://www.cbsa-asfc.gc.ca/trade-commerce/tariff-tarif/2022/concordance/conc-10-stats-2022.xlsx,603892b51de70231,2026-09-07
0403101010,0403202910,conc-10-stats-2022.xlsx,https://www.cbsa-asfc.gc.ca/trade-commerce/tariff-tarif/2022/concordance/conc-10-stats-2022.xlsx,603892b51de70231,2026-09-07
0403101020,0403202920,conc-10-stats-2022.xlsx,https://www.cbsa-asfc.gc.ca/trade-commerce/tariff-tarif/2022/concordance/conc-10-stats-2022.xlsx,603892b51de70231,2026-09-07
1901903490,0403203100,conc-10-stats-2022.xlsx,https://www.cbsa-asfc.gc.ca/trade-commerce/tariff-tarif/2022/concordance/conc-10-stats-2022.xlsx,603892b51de70231,2026-09-07
1901905400,0403203100,conc-10-stats-2022.xlsx,https://www.cbsa-asfc.gc.ca/trade-commerce/tariff-tarif/2022/concordance/conc-10-stats-2022.xlsx,603892b51de70231,2026-09-07
0403102010,0403203910,conc-10-stats-2022.xlsx,https://www.cbsa-asfc.gc.ca/trade-commerce/tariff-tarif/2022/concordance/conc-10-stats-2022.xlsx,603892b51de70231,2026-09-07
0403102020,0403203920,conc-10-stats-2022.xlsx,https://www.cbsa-asfc.gc.ca/trade-commerce/tariff-tarif/2022/concordance/conc-10-stats-2022.xlsx,603892b51de70231,2026-09-07
0208900090,0410101000,conc-10-stats-2022.xlsx,https://www.cbsa-asfc.gc.ca/trade-commerce/tariff-tarif/2022/concordance/conc-10-stats-2022.xlsx,603892b51de70231,2026-09-07
0410000000,0410109000,conc-10-stats-2022.xlsx,https://www.cbsa-asfc.gc.ca/trade-commerce/tariff-tarif/2022/concordance/conc-10-stats-2022.xlsx,603892b51de70231,2026-09-07
0410000000,0410900000,conc-10-stats-2022.xlsx,https://www.cbsa-asfc.gc.ca/trade-commerce/tariff-tarif/2022/concordance/conc-10-stats-2022.xlsx,603892b51de70231,2026-09-07
0704101100,0704101100,conc-10-stats-2022.xlsx,https://www.cbsa-asfc.gc.ca/trade-commerce/tariff-tarif/2022/concordance/conc-10-stats-2022.xlsx,603892b51de70231,2026-09-07
0704101200,0704101200,conc-10-stats-2022.xlsx,https://www.cbsa-asfc.gc.ca/trade-commerce/tariff-tarif/2022/concordance/conc-10-stats-2022.xlsx,603892b51de70231,2026-09-07
0704901000,0704102000,conc-10-stats-2022.xlsx,https://www.cbsa-asfc.gc.ca/trade-commerce/tariff-tarif/2022/concordance/conc-10-stats-2022.xlsx,603892b51de70231,2026-09-07
0704902100,0704103100,conc-10-stats-2022.xlsx,https://www.cbsa-asfc.gc.ca/trade-commerce/tariff-tarif/2022/concordance/conc-10-stats-2022.xlsx,603892b51de70231,2026-09-07
0704109010,0704103910,conc-10-stats-2022.xlsx,https://www.cbsa-asfc.gc.ca/trade-commerce/tariff-tarif/2022/concordance/conc-10-stats-2022.xlsx,603892b51de70231,2026-09-07
0704902910,0704103910,conc-10-stats-2022.xlsx,https://www.cbsa-asfc.gc.ca/trade-commerce/tariff-tarif/2022/concordance/conc-10-stats-2022.xlsx,603892b51de70231,2026-09-07
0704109020,0704103920,conc-10-stats-2022.xlsx,https://www.cbsa-asfc.gc.ca/trade-commerce/tariff-tarif/2022/concordance/conc-10-stats-2022.xlsx,603892b51de70231,2026-09-07
0704902920,0704103920,conc-10-stats-2022.xlsx,https://www.cbsa-asfc.gc.ca/trade-commerce/tariff-tarif/2022/concordance/conc-10-stats-2022.xlsx,603892b51de70231,2026-09-07
0704109010,0704109030,conc-10-stats-2022.xlsx,https://www.cbsa-asfc.gc.ca/trade-commerce/tariff-tarif/2022/concordance/conc-10-stats-2022.xlsx,603892b51de70231,2026-09-07
0704109020,0704109040,conc-10-stats-2022.xlsx,https://www.cbsa-asfc.gc.ca/trade-commerce/tariff-tarif/2022/concordance/conc-10-stats-2022.xlsx,603892b51de70231,2026-09-07
0709591000,0709521000,conc-10-stats-2022.xlsx,https://www.cbsa-asfc.gc.ca/trade-commerce/tariff-tarif/2022/concordance/conc-10-stats-2022.xlsx,603892b51de70231,2026-09-07
0709599000,0709529000,conc-10-stats-2022.xlsx,https://www.cbsa-asfc.gc.ca/trade-commerce/tariff-tarif/2022/concordance/conc-10-stats-2022.xlsx,603892b51de70231,2026-09-07
0709591000,0709531000,conc-10-stats-2022.xlsx,https://www.cbsa-asfc.gc.ca/trade-commerce/tariff-tarif/2022/concordance/conc-10-stats-2022.xlsx,603892b51de70231,2026-09-07
0709599000,0709539000,conc-10-stats-2022.xlsx,https://www.cbsa-asfc.gc.ca/trade-commerce/tariff-tarif/2022/concordance/conc-10-stats-2022.xlsx,603892b51de70231,2026-09-07
0709591000,0709541000,conc-10-stats-2022.xlsx,https://www.cbsa-asfc.gc.ca/trade-commerce/tariff-tarif/2022/concordance/conc-10-stats-2022.xlsx,603892b51de70231,2026-09-07
0709599000,0709549000,conc-10-stats-2022.xlsx,https://www.cbsa-asfc.gc.ca/trade-commerce/tariff-tarif/2022/concordance/conc-10-stats-2022.xlsx,603892b51de70231,2026-09-07
0709591000,0709551000,conc-10-stats-2022.xlsx,https://www.cbsa-asfc.gc.ca/trade-commerce/tariff-tarif/2022/concordance/conc-10-stats-2022.xlsx,603892b51de70231,2026-09-07
0709599000,0709559000,conc-10-stats-2022.xlsx,https://www.cbsa-asfc.gc.ca/trade-commerce/tariff-tarif/2022/concordance/conc-10-stats-2022.xlsx,603892b51de70231,2026-09-07
0709592000,0709560000,conc-10-stats-2022.xlsx,https://www.cbsa-asfc.gc.ca/trade-commerce/tariff-tarif/2022/concordance/conc-10-stats-2022.xlsx,603892b51de70231,2026-09-07
0709591000,0709591000,conc-10-stats-2022.xlsx,https://www.cbsa-asfc.gc.ca/trade-commerce/tariff-tarif/2022/concordance/conc-10-stats-2022.xlsx,603892b51de70231,2026-09-07
0709599000,0709599000,conc-10-stats-2022.xlsx,https://www.cbsa-asfc.gc.ca/trade-commerce/tariff-tarif/2022/concordance/conc-10-stats-2022.xlsx,603892b51de70231,2026-09-07
0712391100,0712341000,conc-10-stats-2022.xlsx,https://www.cbsa-asfc.gc.ca/trade-commerce/tariff-tarif/2022/concordance/conc-10-stats-2022.xlsx,603892b51de70231,2026-09-07
0712391900,0712349000,conc-10-stats-2022.xlsx,https://www.cbsa-asfc.gc.ca/trade-commerce/tariff-tarif/2022/concordance/conc-10-stats-2022.xlsx,603892b51de70231,2026-09-07
0712391100,0712391100,conc-10-stats-2022.xlsx,https://www.cbsa-asfc.gc.ca/trade-commerce/tariff-tarif/2022/concordance/conc-10-stats-2022.xlsx,603892b51de70231,2026-09-07
0712391900,0712391900,conc-10-stats-2022.xlsx,https://www.cbsa-asfc.gc.ca/trade-commerce/tariff-tarif/2022/concordance/conc-10-stats-2022.xlsx,603892b51de70231,2026-09-07
0802900090,0802910000,conc-10-stats-2022.xlsx,https://www.cbsa-asfc.gc.ca/trade-commerce/tariff-tarif/2022/concordance/conc-10-stats-2022.xlsx,603892b51de70231,2026-09-07
0802900090,0802920000,conc-10-stats-2022.xlsx,https://www.cbsa-asfc.gc.ca/trade-commerce/tariff-tarif/2022/concordance/conc-10-stats-2022.xlsx,603892b51de70231,2026-09-07
0802900011,0802990011,conc-10-stats-2022.xlsx,https://www.cbsa-asfc.gc.ca/trade-commerce/tariff-tarif/2022/concordance/conc-10-stats-2022.xlsx,603892b51de70231,2026-09-07
0802900012,0802990012,conc-10-stats-2022.xlsx,https://www.cbsa-asfc.gc.ca/trade-commerce/tariff-tarif/2022/concordance/conc-10-stats-2022.xlsx,603892b51de70231,2026-09-07
0802900090,0802990090,conc-10-stats-2022.xlsx,https://www.cbsa-asfc.gc.ca/trade-commerce/tariff-tarif/2022/concordance/conc-10-stats-2022.xlsx,603892b51de70231,2026-09-07
2008112000,1202421000,conc-10-stats-2022.xlsx,https://www.cbsa-asfc.gc.ca/trade-commerce/tariff-tarif/2022/concordance/conc-10-stats-2022.xlsx,603892b51de70231,2026-09-07
1202420000,1202429000,conc-10-stats-2022.xlsx,https://www.cbsa-asfc.gc.ca/trade-commerce/tariff-tarif/2022/concordance/conc-10-stats-2022.xlsx,603892b51de70231,2026-09-07
1211901010,1211601000,conc-10-stats-2022.xlsx,https://www.cbsa-asfc.gc.ca/trade-commerce/tariff-tarif/2022/concordance/conc-10-stats-2022.xlsx,603892b51de70231,2026-09-07
1211901020,1211601000,conc-10-stats-2022.xlsx,https://www.cbsa-asfc.gc.ca/trade-commerce/tariff-tarif/2022/concordance/conc-10-stats-2022.xlsx,603892b51de70231,2026-09-07
1211909010,1211609000,conc-10-stats-2022.xlsx,https://www.cbsa-asfc.gc.ca/trade-commerce/tariff-tarif/2022/concordance/conc-10-stats-2022.xlsx,603892b51de70231,2026-09-07
1211909090,1211609000,conc-10-stats-2022.xlsx,https://www.cbsa-asfc.gc.ca/trade-commerce/tariff-tarif/2022/concordance/conc-10-stats-2022.xlsx,603892b51de70231,2026-09-07
1211901010,1211901010,conc-10-stats-2022.xlsx,https://www.cbsa-asfc.gc.ca/trade-commerce/tariff-tarif/2022/concordance/conc-10-stats-2022.xlsx,603892b51de70231,2026-09-07
1211901020,1211901020,conc-10-stats-2022.xlsx,https://www.cbsa-asfc.gc.ca/trade-commerce/tariff-tarif/2022/concordance/conc-10-stats-2022.xlsx,603892b51de70231,2026-09-07
1211909010,1211909010,conc-10-stats-2022.xlsx,https://www.cbsa-asfc.gc.ca/trade-commerce/tariff-tarif/2022/concordance/conc-10-stats-2022.xlsx,603892b51de70231,2026-09-07
1211909090,1211909090,conc-10-stats-2022.xlsx,https://www.cbsa-asfc.gc.ca/trade-commerce/tariff-tarif/2022/concordance/conc-10-stats-2022.xlsx,603892b51de70231,2026-09-07
1509100011,1509200011,conc-10-stats-2022.xlsx,https://www.cbsa-asfc.gc.ca/trade-commerce/tariff-tarif/2022/concordance/conc-10-stats-2022.xlsx,603892b51de70231,2026-09-07
1509100012,1509200012,conc-10-stats-2022.xlsx,https://www.cbsa-asfc.gc.ca/trade-commerce/tariff-tarif/2022/concordance/conc-10-stats-2022.xlsx,603892b51de70231,2026-09-07
1509100020,1509200020,conc-10-stats-2022.xlsx,https://www.cbsa-asfc.gc.ca/trade-commerce/tariff-tarif/2022/concordance/conc-10-stats-2022.xlsx,603892b51de70231,2026-09-07
1509100011,1509300011,conc-10-stats-2022.xlsx,https://www.cbsa-asfc.gc.ca/trade-commerce/tariff-tarif/2022/concordance/conc-10-stats-2022.xlsx,603892b51de70231,2026-09-07
1509100012,1509300012,conc-10-stats-2022.xlsx,https://www.cbsa-asfc.gc.ca/trade-commerce/tariff-tarif/2022/concordance/conc-10-stats-2022.xlsx,603892b51de70231,2026-09-07
1509100020,1509300020,conc-10-stats-2022.xlsx,https://www.cbsa-asfc.gc.ca/trade-commerce/tariff-tarif/2022/concordance/conc-10-stats-2022.xlsx,603892b51de70231,2026-09-07
1509100011,1509400000,conc-10-stats-2022.xlsx,https://www.cbsa-asfc.gc.ca/trade-commerce/tariff-tarif/2022/concordance/conc-10-stats-2022.xlsx,603892b51de70231,2026-09-07
1509100012,1509400000,conc-10-stats-2022.xlsx,https://www.cbsa-asfc.gc.ca/trade-commerce/tariff-tarif/2022/concordance/conc-10-stats-2022.xlsx,603892b51de70231,2026-09-07
1509100020,1509400000,conc-10-stats-2022.xlsx,https://www.cbsa-asfc.gc.ca/trade-commerce/tariff-tarif/2022/concordance/conc-10-stats-2022.xlsx,603892b51de70231,2026-09-07
1510000000,1510100000,conc-10-stats-2022.xlsx,https://www.cbsa-asfc.gc.ca/trade-commerce/tariff-tarif/2022/concordance/conc-10-stats-2022.xlsx,603892b51de70231,2026-09-07
1510000000,1510900000,conc-10-stats-2022.xlsx,https://www.cbsa-asfc.gc.ca/trade-commerce/tariff-tarif/2022/concordance/conc-10-stats-2022.xlsx,603892b51de70231,2026-09-07
1515900090,1515600000,conc-10-stats-2022.xlsx,https://www.cbsa-asfc.gc.ca/trade-commerce/tariff-tarif/2022/concordance/conc-10-stats-2022.xlsx,603892b51de70231,2026-09-07
1515900090,1515900090,conc-10-stats-2022.xlsx,https://www.cbsa-asfc.gc.ca/trade-commerce/tariff-tarif/2022/concordance/conc-10-stats-2022.xlsx,603892b51de70231,2026-09-07
1516200090,1516200090,conc-10-stats-2022.xlsx,https://www.cbsa-asfc.gc.ca/trade-commerce/tariff-tarif/2022/concordance/conc-10-stats-2022.xlsx,603892b51de70231,2026-09-07
1516200090,1516300000,conc-10-stats-2022.xlsx,https://www.cbsa-asfc.gc.ca/trade-commerce/tariff-tarif/2022/concordance/conc-10-stats-2022.xlsx,603892b51de70231,2026-09-07
1704909090,1704909090,conc-10-stats-2022.xlsx,https://www.cbsa-asfc.gc.ca/trade-commerce/tariff-tarif/2022/concordance/conc-10-stats-2022.xlsx,603892b51de70231,2026-09-07
1901903390,1901903390,conc-10-stats-2022.xlsx,https://www.cbsa-asfc.gc.ca/trade-commerce/tariff-tarif/2022/concordance/conc-10-stats-2022.xlsx,603892b51de70231,2026-09-07
1901903490,1901903490,conc-10-stats-2022.xlsx,https://www.cbsa-asfc.gc.ca/trade-commerce/tariff-tarif/2022/concordance/conc-10-stats-2022.xlsx,603892b51de70231,2026-09-07
1901903990,1901903990,conc-10-stats-2022.xlsx,https://www.cbsa-asfc.gc.ca/trade-commerce/tariff-tarif/2022/concordance/conc-10-stats-2022.xlsx,603892b51de70231,2026-09-07
1901904090,1901904090,conc-10-stats-2022.xlsx,https://www.cbsa-asfc.gc.ca/trade-commerce/tariff-tarif/2022/concordance/conc-10-stats-2022.xlsx,603892b51de70231,2026-09-07
1901905300,1901905300,conc-10-stats-2022.xlsx,https://www.cbsa-asfc.gc.ca/trade-commerce/tariff-tarif/2022/concordance/conc-10-stats-2022.xlsx,603892b51de70231,2026-09-07
1901905400,1901905400,conc-10-stats-2022.xlsx,https://www.cbsa-asfc.gc.ca/trade-commerce/tariff-tarif/2022/concordance/conc-10-stats-2022.xlsx,603892b51de70231,2026-09-07
1901905900,1901905900,conc-10-stats-2022.xlsx,https://www.cbsa-asfc.gc.ca/trade-commerce/tariff-tarif/2022/concordance/conc-10-stats-2022.xlsx,603892b51de70231,2026-09-07
2106902100,2106902100,conc-10-stats-2022.xlsx,https://www.cbsa-asfc.gc.ca/trade-commerce/tariff-tarif/2022/concordance/conc-10-stats-2022.xlsx,603892b51de70231,2026-09-07
2106902910,2106902910,conc-10-stats-2022.xlsx,https://www.cbsa-asfc.gc.ca/trade-commerce/tariff-tarif/2022/concordance/conc-10-stats-2022.xlsx,603892b51de70231,2026-09-07
2106902990,2106902990,conc-10-stats-2022.xlsx,https://www.cbsa-asfc.gc.ca/trade-commerce/tariff-tarif/2022/concordance/conc-10-stats-2022.xlsx,603892b51de70231,2026-09-07
2106909999,2106909999,conc-10-stats-2022.xlsx,https://www.cbsa-asfc.gc.ca/trade-commerce/tariff-tarif/2022/concordance/conc-10-stats-2022.xlsx,603892b51de70231,2026-09-07
2202999090,2202999090,conc-10-stats-2022.xlsx,https://www.cbsa-asfc.gc.ca/trade-commerce/tariff-tarif/2022/concordance/conc-10-stats-2022.xlsx,603892b51de70231,2026-09-07
2403919010,2403919010,conc-10-stats-2022.xlsx,https://www.cbsa-asfc.gc.ca/trade-commerce/tariff-tarif/2022/concordance/conc-10-stats-2022.xlsx,603892b51de70231,2026-09-07
2403919020,2403919020,conc-10-stats-2022.xlsx,https://www.cbsa-asfc.gc.ca/trade-commerce/tariff-tarif/2022/concordance/conc-10-stats-2022.xlsx,603892b51de70231,2026-09-07
2403919010,2404110000,conc-10-stats-2022.xlsx,https://www.cbsa-asfc.gc.ca/trade-commerce/tariff-tarif/2022/concordance/conc-10-stats-2022.xlsx,603892b51de70231,2026-09-07
2403919020,2404110000,conc-10-stats-2022.xlsx,https://www.cbsa-asfc.gc.ca/trade-commerce/tariff-tarif/2022/concordance/conc-10-stats-2022.xlsx,603892b51de70231,2026-09-07
3824990021,2404120000,conc-10-stats-2022.xlsx,https://www.cbsa-asfc.gc.ca/trade-commerce/tariff-tarif/2022/concordance/conc-10-stats-2022.xlsx,603892b51de70231,2026-09-07
3824990029,2404190000,conc-10-stats-2022.xlsx,https://www.cbsa-asfc.gc.ca/trade-commerce/tariff-tarif/2022/concordance/conc-10-stats-2022.xlsx,603892b51de70231,2026-09-07
2106901010,2404910010,conc-10-stats-2022.xlsx,https://www.cbsa-asfc.gc.ca/trade-commerce/tariff-tarif/2022/concordance/conc-10-stats-2022.xlsx,603892b51de70231,2026-09-07
3824990090,2404910090,conc-10-stats-2022.xlsx,https://www.cbsa-asfc.gc.ca/trade-commerce/tariff-tarif/2022/concordance/conc-10-stats-2022.xlsx,603892b51de70231,2026-09-07
3824990010,2404920000,conc-10-stats-2022.xlsx,https://www.cbsa-asfc.gc.ca/trade-commerce/tariff-tarif/2022/concordance/conc-10-stats-2022.xlsx,603892b51de70231,2026-09-07
3824990090,2404920000,conc-10-stats-2022.xlsx,https://www.cbsa-asfc.gc.ca/trade-commerce/tariff-tarif/2022/concordance/conc-10-stats-2022.xlsx,603892b51de70231,2026-09-07
3824990010,2404990000,conc-10-stats-2022.xlsx,https://www.cbsa-asfc.gc.ca/trade-commerce/tariff-tarif/2022/concordance/conc-10-stats-2022.xlsx,603892b51de70231,2026-09-07
3824990090,2404990000,conc-10-stats-2022.xlsx,https://www.cbsa-asfc.gc.ca/trade-commerce/tariff-tarif/2022/concordance/conc-10-stats-2022.xlsx,603892b51de70231,2026-09-07
2844400010,2844410000,conc-10-stats-2022.xlsx,https://www.cbsa-asfc.gc.ca/trade-commerce/tariff-tarif/2022/concordance/conc-10-stats-2022.xlsx,603892b51de70231,2026-09-07
2844400090,2844410000,conc-10-stats-2022.xlsx,https://www.cbsa-asfc.gc.ca/trade-commerce/tariff-tarif/2022/concordance/conc-10-stats-2022.xlsx,603892b51de70231,2026-09-07
2844400010,2844420000,conc-10-stats-2022.xlsx,https://www.cbsa-asfc.gc.ca/trade-commerce/tariff-tarif/2022/concordance/conc-10-stats-2022.xlsx,603892b51de70231,2026-09-07
2844400090,2844420000,conc-10-stats-2022.xlsx,https://www.cbsa-asfc.gc.ca/trade-commerce/tariff-tarif/2022/concordance/conc-10-stats-2022.xlsx,603892b51de70231,2026-09-07
2844400010,2844430000,conc-10-stats-2022.xlsx,https://www.cbsa-asfc.gc.ca/trade-commerce/tariff-tarif/2022/concordance/conc-10-stats-2022.xlsx,603892b51de70231,2026-09-07
2844400090,2844430000,conc-10-stats-2022.xlsx,https://www.cbsa-asfc.gc.ca/trade-commerce/tariff-tarif/2022/concordance/conc-10-stats-2022.xlsx,603892b51de70231,2026-09-07
2844400010,2844440000,conc-10-stats-2022.xlsx,https://www.cbsa-asfc.gc.ca/trade-commerce/tariff-tarif/2022/concordance/conc-10-stats-2022.xlsx,603892b51de70231,2026-09-07
2844400090,2844440000,conc-10-stats-2022.xlsx,https://www.cbsa-asfc.gc.ca/trade-commerce/tariff-tarif/2022/concordance/conc-10-stats-2022.xlsx,603892b51de70231,2026-09-07
2845900000,2845200000,conc-10-stats-2022.xlsx,https://www.cbsa-asfc.gc.ca/trade-commerce/tariff-tarif/2022/concordance/conc-10-stats-2022.xlsx,603892b51de70231,2026-09-07
2845900000,2845300000,conc-10-stats-2022.xlsx,https://www.cbsa-asfc.gc.ca/trade-commerce/tariff-tarif/2022/concordance/conc-10-stats-2022.xlsx,603892b51de70231,2026-09-07
2845900000,2845400000,conc-10-stats-2022.xlsx,https://www.cbsa-asfc.gc.ca/trade-commerce/tariff-tarif/2022/concordance/conc-10-stats-2022.xlsx,603892b51de70231,2026-09-07
2845900000,2845900000,conc-10-stats-2022.xlsx,https://www.cbsa-asfc.gc.ca/trade-commerce/tariff-tarif/2022/concordance/conc-10-stats-2022.xlsx,603892b51de70231,2026-09-07
2903390029,2903410000,conc-10-stats-2022.xlsx,https://www.cbsa-asfc.gc.ca/trade-commerce/tariff-tarif/2022/concordance/conc-10-stats-2022.xlsx,603892b51de70231,2026-09-07
2903390029,2903420000,conc-10-stats-2022.xlsx,https://www.cbsa-asfc.gc.ca/trade-commerce/tariff-tarif/2022/concordance/conc-10-stats-2022.xlsx,603892b51de70231,2026-09-07
2903390029,2903430000,conc-10-stats-2022.xlsx,https://www.cbsa-asfc.gc.ca/trade-commerce/tariff-tarif/2022/concordance/conc-10-stats-2022.xlsx,603892b51de70231,2026-09-07
2903390029,2903440000,conc-10-stats-2022.xlsx,https://www.cbsa-asfc.gc.ca/trade-commerce/tariff-tarif/2022/concordance/conc-10-stats-2022.xlsx,603892b51de70231,2026-09-07
2903390022,2903450000,conc-10-stats-2022.xlsx,https://www.cbsa-asfc.gc.ca/trade-commerce/tariff-tarif/2022/concordance/conc-10-stats-2022.xlsx,603892b51de70231,2026-09-07
2903390029,2903460000,conc-10-stats-2022.xlsx,https://www.cbsa-asfc.gc.ca/trade-commerce/tariff-tarif/2022/concordance/conc-10-stats-2022.xlsx,603892b51de70231,2026-09-07
2903390029,2903470000,conc-10-stats-2022.xlsx,https://www.cbsa-asfc.gc.ca/trade-commerce/tariff-tarif/2022/concordance/conc-10-stats-2022.xlsx,603892b51de70231,2026-09-07
2903390029,2903480000,conc-10-stats-2022.xlsx,https://www.cbsa-asfc.gc.ca/trade-commerce/tariff-tarif/2022/concordance/conc-10-stats-2022.xlsx,603892b51de70231,2026-09-07
2903390029,2903490000,conc-10-stats-2022.xlsx,https://www.cbsa-asfc.gc.ca/trade-commerce/tariff-tarif/2022/concordance/conc-10-stats-2022.xlsx,603892b51de70231,2026-09-07
2903390029,2903510000,conc-10-stats-2022.xlsx,https://www.cbsa-asfc.gc.ca/trade-commerce/tariff-tarif/2022/concordance/conc-10-stats-2022.xlsx,603892b51de70231,2026-09-07
2903390029,2903590000,conc-10-stats-2022.xlsx,https://www.cbsa-asfc.gc.ca/trade-commerce/tariff-tarif/2022/concordance/conc-10-stats-2022.xlsx,603892b51de70231,2026-09-07
2903390090,2903610000,conc-10-stats-2022.xlsx,https://www.cbsa-asfc.gc.ca/trade-commerce/tariff-tarif/2022/concordance/conc-10-stats-2022.xlsx,603892b51de70231,2026-09-07
2903310000,2903620000,conc-10-stats-2022.xlsx,https://www.cbsa-asfc.gc.ca/trade-commerce/tariff-tarif/2022/concordance/conc-10-stats-2022.xlsx,603892b51de70231,2026-09-07
2903390090,2903690000,conc-10-stats-2022.xlsx,https://www.cbsa-asfc.gc.ca/trade-commerce/tariff-tarif/2022/concordance/conc-10-stats-2022.xlsx,603892b51de70231,2026-09-07
2909600000,2909600000,conc-10-stats-2022.xlsx,https://www.cbsa-asfc.gc.ca/trade-commerce/tariff-tarif/2022/concordance/conc-10-stats-2022.xlsx,603892b51de70231,2026-09-07
2911000000,2909600000,conc-10-stats-2022.xlsx,https://www.cbsa-asfc.gc.ca/trade-commerce/tariff-tarif/2022/concordance/conc-10-stats-2022.xlsx,603892b51de70231,2026-09-07
2911000000,2911000000,conc-10-stats-2022.xlsx,https://www.cbsa-asfc.gc.ca/trade-commerce/tariff-tarif/2022/concordance/conc-10-stats-2022.xlsx,603892b51de70231,2026-09-07
2930900090,2930100000,conc-10-stats-2022.xlsx,https://www.cbsa-asfc.gc.ca/trade-commerce/tariff-tarif/2022/concordance/conc-10-stats-2022.xlsx,603892b51de70231,2026-09-07
2930900090,2930900090,conc-10-stats-2022.xlsx,https://www.cbsa-asfc.gc.ca/trade-commerce/tariff-tarif/2022/concordance/conc-10-stats-2022.xlsx,603892b51de70231,2026-09-07
2931310000,2931410000,conc-10-stats-2022.xlsx,https://www.cbsa-asfc.gc.ca/trade-commerce/tariff-tarif/2022/concordance/conc-10-stats-2022.xlsx,603892b51de70231,2026-09-07
2931320000,2931420000,conc-10-stats-2022.xlsx,https://www.cbsa-asfc.gc.ca/trade-commerce/tariff-tarif/2022/concordance/conc-10-stats-2022.xlsx,603892b51de70231,2026-09-07
2931330000,2931430000,conc-10-stats-2022.xlsx,https://www.cbsa-asfc.gc.ca/trade-commerce/tariff-tarif/2022/concordance/conc-10-stats-2022.xlsx,603892b51de70231,2026-09-07
2931390000,2931440000,conc-10-stats-2022.xlsx,https://www.cbsa-asfc.gc.ca/trade-commerce/tariff-tarif/2022/concordance/conc-10-stats-2022.xlsx,603892b51de70231,2026-09-07
2931380000,2931450000,conc-10-stats-2022.xlsx,https://www.cbsa-asfc.gc.ca/trade-commerce/tariff-tarif/2022/concordance/conc-10-stats-2022.xlsx,603892b51de70231,2026-09-07
2931350000,2931460000,conc-10-stats-2022.xlsx,https://www.cbsa-asfc.gc.ca/trade-commerce/tariff-tarif/2022/concordance/conc-10-stats-2022.xlsx,603892b51de70231,2026-09-07
2931360000,2931470000,conc-10-stats-2022.xlsx,https://www.cbsa-asfc.gc.ca/trade-commerce/tariff-tarif/2022/concordance/conc-10-stats-2022.xlsx,603892b51de70231,2026-09-07
2931390000,2931480000,conc-10-stats-2022.xlsx,https://www.cbsa-asfc.gc.ca/trade-commerce/tariff-tarif/2022/concordance/conc-10-stats-2022.xlsx,603892b51de70231,2026-09-07
2931340000,2931490000,conc-10-stats-2022.xlsx,https://www.cbsa-asfc.gc.ca/trade-commerce/tariff-tarif/2022/concordance/conc-10-stats-2022.xlsx,603892b51de70231,2026-09-07
2931370000,2931490000,conc-10-stats-2022.xlsx,https://www.cbsa-asfc.gc.ca/trade-commerce/tariff-tarif/2022/concordance/conc-10-stats-2022.xlsx,603892b51de70231,2026-09-07
2931390000,2931490000,conc-10-stats-2022.xlsx,https://www.cbsa-asfc.gc.ca/trade-commerce/tariff-tarif/2022/concordance/conc-10-stats-2022.xlsx,603892b51de70231,2026-09-07
2931390000,2931510000,conc-10-stats-2022.xlsx,https://www.cbsa-asfc.gc.ca/trade-commerce/tariff-tarif/2022/concordance/conc-10-stats-2022.xlsx,603892b51de70231,2026-09-07
2931390000,2931520000,conc-10-stats-2022.xlsx,https://www.cbsa-asfc.gc.ca/trade-commerce/tariff-tarif/2022/concordance/conc-10-stats-2022.xlsx,603892b51de70231,2026-09-07
2931390000,2931530000,conc-10-stats-2022.xlsx,https://www.cbsa-asfc.gc.ca/trade-commerce/tariff-tarif/2022/concordance/conc-10-stats-2022.xlsx,603892b51de70231,2026-09-07
2931390000,2931540000,conc-10-stats-2022.xlsx,https://www.cbsa-asfc.gc.ca/trade-commerce/tariff-tarif/2022/concordance/conc-10-stats-2022.xlsx,603892b51de70231,2026-09-07
2931390000,2931590000,conc-10-stats-2022.xlsx,https://www.cbsa-asfc.gc.ca/trade-commerce/tariff-tarif/2022/concordance/conc-10-stats-2022.xlsx,603892b51de70231,2026-09-07
2932990000,2932960000,conc-10-stats-2022.xlsx,https://www.cbsa-asfc.gc.ca/trade-commerce/tariff-tarif/2022/concordance/conc-10-stats-2022.xlsx,603892b51de70231,2026-09-07
2932990000,2932990000,conc-10-stats-2022.xlsx,https://www.cbsa-asfc.gc.ca/trade-commerce/tariff-tarif/2022/concordance/conc-10-stats-2022.xlsx,603892b51de70231,2026-09-07
2933330000,2933330000,conc-10-stats-2022.xlsx,https://www.cbsa-asfc.gc.ca/trade-commerce/tariff-tarif/2022/concordance/conc-10-stats-2022.xlsx,603892b51de70231,2026-09-07
2933390090,2933330000,conc-10-stats-2022.xlsx,https://www.cbsa-asfc.gc.ca/trade-commerce/tariff-tarif/2022/concordance/conc-10-stats-2022.xlsx,603892b51de70231,2026-09-07
2933390090,2933340000,conc-10-stats-2022.xlsx,https://www.cbsa-asfc.gc.ca/trade-commerce/tariff-tarif/2022/concordance/conc-10-stats-2022.xlsx,603892b51de70231,2026-09-07
2933390090,2933350000,conc-10-stats-2022.xlsx,https://www.cbsa-asfc.gc.ca/trade-commerce/tariff-tarif/2022/concordance/conc-10-stats-2022.xlsx,603892b51de70231,2026-09-07
2933390090,2933360000,conc-10-stats-2022.xlsx,https://www.cbsa-asfc.gc.ca/trade-commerce/tariff-tarif/2022/concordance/conc-10-stats-2022.xlsx,603892b51de70231,2026-09-07
2933390090,2933370000,conc-10-stats-2022.xlsx,https://www.cbsa-asfc.gc.ca/trade-commerce/tariff-tarif/2022/concordance/conc-10-stats-2022.xlsx,603892b51de70231,2026-09-07
2933390090,2933390090,conc-10-stats-2022.xlsx,https://www.cbsa-asfc.gc.ca/trade-commerce/tariff-tarif/2022/concordance/conc-10-stats-2022.xlsx,603892b51de70231,2026-09-07
2934990090,2934920000,conc-10-stats-2022.xlsx,https://www.cbsa-asfc.gc.ca/trade-commerce/tariff-tarif/2022/concordance/conc-10-stats-2022.xlsx,603892b51de70231,2026-09-07
2934990090,2934990090,conc-10-stats-2022.xlsx,https://www.cbsa-asfc.gc.ca/trade-commerce/tariff-tarif/2022/concordance/conc-10-stats-2022.xlsx,603892b51de70231,2026-09-07
2939710000,2939450000,conc-10-stats-2022.xlsx,https://www.cbsa-asfc.gc.ca/trade-commerce/tariff-tarif/2022/concordance/conc-10-stats-2022.xlsx,603892b51de70231,2026-09-07
2939490000,2939490000,conc-10-stats-2022.xlsx,https://www.cbsa-asfc.gc.ca/trade-commerce/tariff-tarif/2022/concordance/conc-10-stats-2022.xlsx,603892b51de70231,2026-09-07
2939710000,2939490000,conc-10-stats-2022.xlsx,https://www.cbsa-asfc.gc.ca/trade-commerce/tariff-tarif/2022/concordance/conc-10-stats-2022.xlsx,603892b51de70231,2026-09-07
2939790000,2939490000,conc-10-stats-2022.xlsx,https://www.cbsa-asfc.gc.ca/trade-commerce/tariff-tarif/2022/concordance/conc-10-stats-2022.xlsx,603892b51de70231,2026-09-07
2939710000,2939720000,conc-10-stats-2022.xlsx,https://www.cbsa-asfc.gc.ca/trade-commerce/tariff-tarif/2022/concordance/conc-10-stats-2022.xlsx,603892b51de70231,2026-09-07
2939790000,2939790000,conc-10-stats-2022.xlsx,https://www.cbsa-asfc.gc.ca/trade-commerce/tariff-tarif/2022/concordance/conc-10-stats-2022.xlsx,603892b51de70231,2026-09-07
3002130000,3002130000,conc-10-stats-2022.xlsx,https://www.cbsa-asfc.gc.ca/trade-commerce/tariff-tarif/2022/concordance/conc-10-stats-2022.xlsx,603892b51de70231,2026-09-07
3002140000,3002140000,conc-10-stats-2022.xlsx,https://www.cbsa-asfc.gc.ca/trade-commerce/tariff-tarif/2022/concordance/conc-10-stats-2022.xlsx,603892b51de70231,2026-09-07
3002150000,3002150000,conc-10-stats-2022.xlsx,https://www.cbsa-asfc.gc.ca/trade-commerce/tariff-tarif/2022/concordance/conc-10-stats-2022.xlsx,603892b51de70231,2026-09-07
3002200010,3002410010,conc-10-stats-2022.xlsx,https://www.cbsa-asfc.gc.ca/trade-commerce/tariff-tarif/2022/concordance/conc-10-stats-2022.xlsx,603892b51de70231,2026-09-07
3002200090,3002410090,conc-10-stats-2022.xlsx,https://www.cbsa-asfc.gc.ca/trade-commerce/tariff-tarif/2022/concordance/conc-10-stats-2022.xlsx,603892b51de70231,2026-09-07
3002300010,3002420010,conc-10-stats-2022.xlsx,https://www.cbsa-asfc.gc.ca/trade-commerce/tariff-tarif/2022/concordance/conc-10-stats-2022.xlsx,603892b51de70231,2026-09-07
3002300090,3002420090,conc-10-stats-2022.xlsx,https://www.cbsa-asfc.gc.ca/trade-commerce/tariff-tarif/2022/concordance/conc-10-stats-2022.xlsx,603892b51de70231,2026-09-07
3002900050,3002490010,conc-10-stats-2022.xlsx,https://www.cbsa-asfc.gc.ca/trade-commerce/tariff-tarif/2022/concordance/conc-10-stats-2022.xlsx,603892b51de70231,2026-09-07
3002900010,3002490020,conc-10-stats-2022.xlsx,https://www.cbsa-asfc.gc.ca/trade-commerce/tariff-tarif/2022/concordance/conc-10-stats-2022.xlsx,603892b51de70231,2026-09-07
3002900090,3002490090,conc-10-stats-2022.xlsx,https://www.cbsa-asfc.gc.ca/trade-commerce/tariff-tarif/2022/concordance/conc-10-stats-2022.xlsx,603892b51de70231,2026-09-07
3002900090,3002510000,conc-10-stats-2022.xlsx,https://www.cbsa-asfc.gc.ca/trade-commerce/tariff-tarif/2022/concordance/conc-10-stats-2022.xlsx,603892b51de70231,2026-09-07
3002900090,3002590000,conc-10-stats-2022.xlsx,https://www.cbsa-asfc.gc.ca/trade-commerce/tariff-tarif/2022/concordance/conc-10-stats-2022.xlsx,603892b51de70231,2026-09-07
3002900010,3002900020,conc-10-stats-2022.xlsx,https://www.cbsa-asfc.gc.ca/trade-commerce/tariff-tarif/2022/concordance/conc-10-stats-2022.xlsx,603892b51de70231,2026-09-07
3002900090,3002900090,conc-10-stats-2022.xlsx,https://www.cbsa-asfc.gc.ca/trade-commerce/tariff-tarif/2022/concordance/conc-10-stats-2022.xlsx,603892b51de70231,2026-09-07
2106902100,3006931000,conc-10-stats-2022.xlsx,https://www.cbsa-asfc.gc.ca/trade-commerce/tariff-tarif/2022/concordance/conc-10-stats-2022.xlsx,603892b51de70231,2026-09-07
2106902910,3006931000,conc-10-stats-2022.xlsx,https://www.cbsa-asfc.gc.ca/trade-commerce/tariff-tarif/2022/concordance/conc-10-stats-2022.xlsx,603892b51de70231,2026-09-07
2106902990,3006931000,conc-10-stats-2022.xlsx,https://www.cbsa-asfc.gc.ca/trade-commerce/tariff-tarif/2022/concordance/conc-10-stats-2022.xlsx,603892b51de70231,2026-09-07
1704909090,3006932000,conc-10-stats-2022.xlsx,https://www.cbsa-asfc.gc.ca/trade-commerce/tariff-tarif/2022/concordance/conc-10-stats-2022.xlsx,603892b51de70231,2026-09-07
2106909999,3006933000,conc-10-stats-2022.xlsx,https://www.cbsa-asfc.gc.ca/trade-commerce/tariff-tarif/2022/concordance/conc-10-stats-2022.xlsx,603892b51de70231,2026-09-07
2202999090,3006934000,conc-10-stats-2022.xlsx,https://www.cbsa-asfc.gc.ca/trade-commerce/tariff-tarif/2022/concordance/conc-10-stats-2022.xlsx,603892b51de70231,2026-09-07
3824990090,3006939000,conc-10-stats-2022.xlsx,https://www.cbsa-asfc.gc.ca/trade-commerce/tariff-tarif/2022/concordance/conc-10-stats-2022.xlsx,603892b51de70231,2026-09-07
3204190040,3204180000,conc-10-stats-2022.xlsx,https://www.cbsa-asfc.gc.ca/trade-commerce/tariff-tarif/2022/concordance/conc-10-stats-2022.xlsx,603892b51de70231,2026-09-07
3204190090,3204180000,conc-10-stats-2022.xlsx,https://www.cbsa-asfc.gc.ca/trade-commerce/tariff-tarif/2022/concordance/conc-10-stats-2022.xlsx,603892b51de70231,2026-09-07
3204190040,3204190040,conc-10-stats-2022.xlsx,https://www.cbsa-asfc.gc.ca/trade-commerce/tariff-tarif/2022/concordance/conc-10-stats-2022.xlsx,603892b51de70231,2026-09-07
3204190090,3204190090,conc-10-stats-2022.xlsx,https://www.cbsa-asfc.gc.ca/trade-commerce/tariff-tarif/2022/concordance/conc-10-stats-2022.xlsx,603892b51de70231,2026-09-07
3402111000,3402311000,conc-10-stats-2022.xlsx,https://www.cbsa-asfc.gc.ca/trade-commerce/tariff-tarif/2022/concordance/conc-10-stats-2022.xlsx,603892b51de70231,2026-09-07
3402119010,3402319000,conc-10-stats-2022.xlsx,https://www.cbsa-asfc.gc.ca/trade-commerce/tariff-tarif/2022/concordance/conc-10-stats-2022.xlsx,603892b51de70231,2026-09-07
3402119020,3402319000,conc-10-stats-2022.xlsx,https://www.cbsa-asfc.gc.ca/trade-commerce/tariff-tarif/2022/concordance/conc-10-stats-2022.xlsx,603892b51de70231,2026-09-07
3402119090,3402319000,conc-10-stats-2022.xlsx,https://www.cbsa-asfc.gc.ca/trade-commerce/tariff-tarif/2022/concordance/conc-10-stats-2022.xlsx,603892b51de70231,2026-09-07
3402111000,3402391000,conc-10-stats-2022.xlsx,https://www.cbsa-asfc.gc.ca/trade-commerce/tariff-tarif/2022/concordance/conc-10-stats-2022.xlsx,603892b51de70231,2026-09-07
3402119010,3402399010,conc-10-stats-2022.xlsx,https://www.cbsa-asfc.gc.ca/trade-commerce/tariff-tarif/2022/concordance/conc-10-stats-2022.xlsx,603892b51de70231,2026-09-07
3402119020,3402399020,conc-10-stats-2022.xlsx,https://www.cbsa-asfc.gc.ca/trade-commerce/tariff-tarif/2022/concordance/conc-10-stats-2022.xlsx,603892b51de70231,2026-09-07
3402119090,3402399090,conc-10-stats-2022.xlsx,https://www.cbsa-asfc.gc.ca/trade-commerce/tariff-tarif/2022/concordance/conc-10-stats-2022.xlsx,603892b51de70231,2026-09-07
3402120000,3402410000,conc-10-stats-2022.xlsx,https://www.cbsa-asfc.gc.ca/trade-commerce/tariff-tarif/2022/concordance/conc-10-stats-2022.xlsx,603892b51de70231,2026-09-07
3402131000,3402421000,conc-10-stats-2022.xlsx,https://www.cbsa-asfc.gc.ca/trade-commerce/tariff-tarif/2022/concordance/conc-10-stats-2022.xlsx,603892b51de70231,2026-09-07
3402139011,3402429011,conc-10-stats-2022.xlsx,https://www.cbsa-asfc.gc.ca/trade-commerce/tariff-tarif/2022/concordance/conc-10-stats-2022.xlsx,603892b51de70231,2026-09-07
3402139012,3402429012,conc-10-stats-2022.xlsx,https://www.cbsa-asfc.gc.ca/trade-commerce/tariff-tarif/2022/concordance/conc-10-stats-2022.xlsx,603892b51de70231,2026-09-07
3402139019,3402429019,conc-10-stats-2022.xlsx,https://www.cbsa-asfc.gc.ca/trade-commerce/tariff-tarif/2022/concordance/conc-10-stats-2022.xlsx,603892b51de70231,2026-09-07
3402139020,3402429020,conc-10-stats-2022.xlsx,https://www.cbsa-asfc.gc.ca/trade-commerce/tariff-tarif/2022/concordance/conc-10-stats-2022.xlsx,603892b51de70231,2026-09-07
3402139090,3402429090,conc-10-stats-2022.xlsx,https://www.cbsa-asfc.gc.ca/trade-commerce/tariff-tarif/2022/concordance/conc-10-stats-2022.xlsx,603892b51de70231,2026-09-07
3402190000,3402490000,conc-10-stats-2022.xlsx,https://www.cbsa-asfc.gc.ca/trade-commerce/tariff-tarif/2022/concordance/conc-10-stats-2022.xlsx,603892b51de70231,2026-09-07
3402201000,3402501000,conc-10-stats-2022.xlsx,https://www.cbsa-asfc.gc.ca/trade-commerce/tariff-tarif/2022/concordance/conc-10-stats-2022.xlsx,603892b51de70231,2026-09-07
3402209011,3402509011,conc-10-stats-2022.xlsx,https://www.cbsa-asfc.gc.ca/trade-commerce/tariff-tarif/2022/concordance/conc-10-stats-2022.xlsx,603892b51de70231,2026-09-07
3402209012,3402509012,conc-10-stats-2022.xlsx,https://www.cbsa-asfc.gc.ca/trade-commerce/tariff-tarif/2022/concordance/conc-10-stats-2022.xlsx,603892b51de70231,2026-09-07
3402209019,3402509019,conc-10-stats-2022.xlsx,https://www.cbsa-asfc.gc.ca/trade-commerce/tariff-tarif/2022/concordance/conc-10-stats-2022.xlsx,603892b51de70231,2026-09-07
3402209020,3402509020,conc-10-stats-2022.xlsx,https://www.cbsa-asfc.gc.ca/trade-commerce/tariff-tarif/2022/concordance/conc-10-stats-2022.xlsx,603892b51de70231,2026-09-07
3402209050,3402509050,conc-10-stats-2022.xlsx,https://www.cbsa-asfc.gc.ca/trade-commerce/tariff-tarif/2022/concordance/conc-10-stats-2022.xlsx,603892b51de70231,2026-09-07
3402209060,3402509060,conc-10-stats-2022.xlsx,https://www.cbsa-asfc.gc.ca/trade-commerce/tariff-tarif/2022/concordance/conc-10-stats-2022.xlsx,603892b51de70231,2026-09-07
3402209070,3402509070,conc-10-stats-2022.xlsx,https://www.cbsa-asfc.gc.ca/trade-commerce/tariff-tarif/2022/concordance/conc-10-stats-2022.xlsx,603892b51de70231,2026-09-07
3402209090,3402509090,conc-10-stats-2022.xlsx,https://www.cbsa-asfc.gc.ca/trade-commerce/tariff-tarif/2022/concordance/conc-10-stats-2022.xlsx,603892b51de70231,2026-09-07
3603000020,3603100000,conc-10-stats-2022.xlsx,https://www.cbsa-asfc.gc.ca/trade-commerce/tariff-tarif/2022/concordance/conc-10-stats-2022.xlsx,603892b51de70231,2026-09-07
3603000030,3603200000,conc-10-stats-2022.xlsx,https://www.cbsa-asfc.gc.ca/trade-commerce/tariff-tarif/2022/concordance/conc-10-stats-2022.xlsx,603892b51de70231,2026-09-07
3603000050,3603300000,conc-10-stats-2022.xlsx,https://www.cbsa-asfc.gc.ca/trade-commerce/tariff-tarif/2022/concordance/conc-10-stats-2022.xlsx,603892b51de70231,2026-09-07
3603000050,3603400000,conc-10-stats-2022.xlsx,https://www.cbsa-asfc.gc.ca/trade-commerce/tariff-tarif/2022/concordance/conc-10-stats-2022.xlsx,603892b51de70231,2026-09-07
3603000060,3603500000,conc-10-stats-2022.xlsx,https://www.cbsa-asfc.gc.ca/trade-commerce/tariff-tarif/2022/concordance/conc-10-stats-2022.xlsx,603892b51de70231,2026-09-07
3603000070,3603600000,conc-10-stats-2022.xlsx,https://www.cbsa-asfc.gc.ca/trade-commerce/tariff-tarif/2022/concordance/conc-10-stats-2022.xlsx,603892b51de70231,2026-09-07
3808591000,3808591000,conc-10-stats-2022.xlsx,https://www.cbsa-asfc.gc.ca/trade-commerce/tariff-tarif/2022/concordance/conc-10-stats-2022.xlsx,603892b51de70231,2026-09-07
3808911010,3808591000,conc-10-stats-2022.xlsx,https://www.cbsa-asfc.gc.ca/trade-commerce/tariff-tarif/2022/concordance/conc-10-stats-2022.xlsx,603892b51de70231,2026-09-07
3808911090,3808591000,conc-10-stats-2022.xlsx,https://www.cbsa-asfc.gc.ca/trade-commerce/tariff-tarif/2022/concordance/conc-10-stats-2022.xlsx,603892b51de70231,2026-09-07
3808921010,3808591000,conc-10-stats-2022.xlsx,https://www.cbsa-asfc.gc.ca/trade-commerce/tariff-tarif/2022/concordance/conc-10-stats-2022.xlsx,603892b51de70231,2026-09-07
3808921090,3808591000,conc-10-stats-2022.xlsx,https://www.cbsa-asfc.gc.ca/trade-commerce/tariff-tarif/2022/concordance/conc-10-stats-2022.xlsx,603892b51de70231,2026-09-07
3808931010,3808591000,conc-10-stats-2022.xlsx,https://www.cbsa-asfc.gc.ca/trade-commerce/tariff-tarif/2022/concordance/conc-10-stats-2022.xlsx,603892b51de70231,2026-09-07
3808931090,3808591000,conc-10-stats-2022.xlsx,https://www.cbsa-asfc.gc.ca/trade-commerce/tariff-tarif/2022/concordance/conc-10-stats-2022.xlsx,603892b51de70231,2026-09-07
3808941010,3808591000,conc-10-stats-2022.xlsx,https://www.cbsa-asfc.gc.ca/trade-commerce/tariff-tarif/2022/concordance/conc-10-stats-2022.xlsx,603892b51de70231,2026-09-07
3808941090,3808591000,conc-10-stats-2022.xlsx,https://www.cbsa-asfc.gc.ca/trade-commerce/tariff-tarif/2022/concordance/conc-10-stats-2022.xlsx,603892b51de70231,2026-09-07
3808991010,3808591000,conc-10-stats-2022.xlsx,https://www.cbsa-asfc.gc.ca/trade-commerce/tariff-tarif/2022/concordance/conc-10-stats-2022.xlsx,603892b51de70231,2026-09-07
3808991090,3808591000,conc-10-stats-2022.xlsx,https://www.cbsa-asfc.gc.ca/trade-commerce/tariff-tarif/2022/concordance/conc-10-stats-2022.xlsx,603892b51de70231,2026-09-07
3808592000,3808592000,conc-10-stats-2022.xlsx,https://www.cbsa-asfc.gc.ca/trade-commerce/tariff-tarif/2022/concordance/conc-10-stats-2022.xlsx,603892b51de70231,2026-09-07
3808912010,3808592000,conc-10-stats-2022.xlsx,https://www.cbsa-asfc.gc.ca/trade-commerce/tariff-tarif/2022/concordance/conc-10-stats-2022.xlsx,603892b51de70231,2026-09-07
3808912090,3808592000,conc-10-stats-2022.xlsx,https://www.cbsa-asfc.gc.ca/trade-commerce/tariff-tarif/2022/concordance/conc-10-stats-2022.xlsx,603892b51de70231,2026-09-07
3808922010,3808592000,conc-10-stats-2022.xlsx,https://www.cbsa-asfc.gc.ca/trade-commerce/tariff-tarif/2022/concordance/conc-10-stats-2022.xlsx,603892b51de70231,2026-09-07
3808922090,3808592000,conc-10-stats-2022.xlsx,https://www.cbsa-asfc.gc.ca/trade-commerce/tariff-tarif/2022/concordance/conc-10-stats-2022.xlsx,603892b51de70231,2026-09-07
3808932010,3808592000,conc-10-stats-2022.xlsx,https://www.cbsa-asfc.gc.ca/trade-commerce/tariff-tarif/2022/concordance/conc-10-stats-2022.xlsx,603892b51de70231,2026-09-07
3808932090,3808592000,conc-10-stats-2022.xlsx,https://www.cbsa-asfc.gc.ca/trade-commerce/tariff-tarif/2022/concordance/conc-10-stats-2022.xlsx,603892b51de70231,2026-09-07
3808942010,3808592000,conc-10-stats-2022.xlsx,https://www.cbsa-asfc.gc.ca/trade-commerce/tariff-tarif/2022/concordance/conc-10-stats-2022.xlsx,603892b51de70231,2026-09-07
3808942090,3808592000,conc-10-stats-2022.xlsx,https://www.cbsa-asfc.gc.ca/trade-commerce/tariff-tarif/2022/concordance/conc-10-stats-2022.xlsx,603892b51de70231,2026-09-07
3808992010,3808592000,conc-10-stats-2022.xlsx,https://www.cbsa-asfc.gc.ca/trade-commerce/tariff-tarif/2022/concordance/conc-10-stats-2022.xlsx,603892b51de70231,2026-09-07
3808992090,3808592000,conc-10-stats-2022.xlsx,https://www.cbsa-asfc.gc.ca/trade-commerce/tariff-tarif/2022/concordance/conc-10-stats-2022.xlsx,603892b51de70231,2026-09-07
3808911010,3808911010,conc-10-stats-2022.xlsx,https://www.cbsa-asfc.gc.ca/trade-commerce/tariff-tarif/2022/concordance/conc-10-stats-2022.xlsx,603892b51de70231,2026-09-07
3808911090,3808911090,conc-10-stats-2022.xlsx,https://www.cbsa-asfc.gc.ca/trade-commerce/tariff-tarif/2022/concordance/conc-10-stats-2022.xlsx,603892b51de70231,2026-09-07
3808912010,3808912010,conc-10-stats-2022.xlsx,https://www.cbsa-asfc.gc.ca/trade-commerce/tariff-tarif/2022/concordance/conc-10-stats-2022.xlsx,603892b51de70231,2026-09-07
3808912090,3808912090,conc-10-stats-2022.xlsx,https://www.cbsa-asfc.gc.ca/trade-commerce/tariff-tarif/2022/concordance/conc-10-stats-2022.xlsx,603892b51de70231,2026-09-07
3808921010,3808921010,conc-10-stats-2022.xlsx,https://www.cbsa-asfc.gc.ca/trade-commerce/tariff-tarif/2022/concordance/conc-10-stats-2022.xlsx,603892b51de70231,2026-09-07
3808921090,3808921090,conc-10-stats-2022.xlsx,https://www.cbsa-asfc.gc.ca/trade-commerce/tariff-tarif/2022/concordance/conc-10-stats-2022.xlsx,603892b51de70231,2026-09-07
3808922010,3808922010,conc-10-stats-2022.xlsx,https://www.cbsa-asfc.gc.ca/trade-commerce/tariff-tarif/2022/concordance/conc-10-stats-2022.xlsx,603892b51de70231,2026-09-07
3808922090,3808922090,conc-10-stats-2022.xlsx,https://www.cbsa-asfc.gc.ca/trade-commerce/tariff-tarif/2022/concordance/conc-10-stats-2022.xlsx,603892b51de70231,2026-09-07
3808931010,3808931010,conc-10-stats-2022.xlsx,https://www.cbsa-asfc.gc.ca/trade-commerce/tariff-tarif/2022/concordance/conc-10-stats-2022.xlsx,603892b51de70231,2026-09-07
3808931090,3808931090,conc-10-stats-2022.xlsx,https://www.cbsa-asfc.gc.ca/trade-commerce/tariff-tarif/2022/concordance/conc-10-stats-2022.xlsx,603892b51de70231,2026-09-07
3808932010,3808932010,conc-10-stats-2022.xlsx,https://www.cbsa-asfc.gc.ca/trade-commerce/tariff-tarif/2022/concordance/conc-10-stats-2022.xlsx,603892b51de70231,2026-09-07
3808932090,3808932090,conc-10-stats-2022.xlsx,https://www.cbsa-asfc.gc.ca/trade-commerce/tariff-tarif/2022/concordance/conc-10-stats-2022.xlsx,603892b51de70231,2026-09-07
3808941010,3808941010,conc-10-stats-2022.xlsx,https://www.cbsa-asfc.gc.ca/trade-commerce/tariff-tarif/2022/concordance/conc-10-stats-2022.xlsx,603892b51de70231,2026-09-07
3808941090,3808941090,conc-10-stats-2022.xlsx,https://www.cbsa-asfc.gc.ca/trade-commerce/tariff-tarif/2022/concordance/conc-10-stats-2022.xlsx,603892b51de70231,2026-09-07
3808942010,3808942010,conc-10-stats-2022.xlsx,https://www.cbsa-asfc.gc.ca/trade-commerce/tariff-tarif/2022/concordance/conc-10-stats-2022.xlsx,603892b51de70231,2026-09-07
3808942090,3808942090,conc-10-stats-2022.xlsx,https://www.cbsa-asfc.gc.ca/trade-commerce/tariff-tarif/2022/concordance/conc-10-stats-2022.xlsx,603892b51de70231,2026-09-07
3808991010,3808991010,conc-10-stats-2022.xlsx,https://www.cbsa-asfc.gc.ca/trade-commerce/tariff-tarif/2022/concordance/conc-10-stats-2022.xlsx,603892b51de70231,2026-09-07
3808991090,3808991090,conc-10-stats-2022.xlsx,https://www.cbsa-asfc.gc.ca/trade-commerce/tariff-tarif/2022/concordance/conc-10-stats-2022.xlsx,603892b51de70231,2026-09-07
3808992010,3808992010,conc-10-stats-2022.xlsx,https://www.cbsa-asfc.gc.ca/trade-commerce/tariff-tarif/2022/concordance/conc-10-stats-2022.xlsx,603892b51de70231,2026-09-07
3808992090,3808992090,conc-10-stats-2022.xlsx,https://www.cbsa-asfc.gc.ca/trade-commerce/tariff-tarif/2022/concordance/conc-10-stats-2022.xlsx,603892b51de70231,2026-09-07
2518300000,3816000090,conc-10-stats-2022.xlsx,https://www.cbsa-asfc.gc.ca/trade-commerce/tariff-tarif/2022/concordance/conc-10-stats-2022.xlsx,603892b51de70231,2026-09-07
3816000090,3816000090,conc-10-stats-2022.xlsx,https://www.cbsa-asfc.gc.ca/trade-commerce/tariff-tarif/2022/concordance/conc-10-stats-2022.xlsx,603892b51de70231,2026-09-07
3002110000,3822110000,conc-10-stats-2022.xlsx,https://www.cbsa-asfc.gc.ca/trade-commerce/tariff-tarif/2022/concordance/conc-10-stats-2022.xlsx,603892b51de70231,2026-09-07
3002130000,3822110000,conc-10-stats-2022.xlsx,https://www.cbsa-asfc.gc.ca/trade-commerce/tariff-tarif/2022/concordance/conc-10-stats-2022.xlsx,603892b51de70231,2026-09-07
3002140000,3822110000,conc-10-stats-2022.xlsx,https://www.cbsa-asfc.gc.ca/trade-commerce/tariff-tarif/2022/concordance/conc-10-stats-2022.xlsx,603892b51de70231,2026-09-07
3002150000,3822110000,conc-10-stats-2022.xlsx,https://www.cbsa-asfc.gc.ca/trade-commerce/tariff-tarif/2022/concordance/conc-10-stats-2022.xlsx,603892b51de70231,2026-09-07
3002130000,3822120000,conc-10-stats-2022.xlsx,https://www.cbsa-asfc.gc.ca/trade-commerce/tariff-tarif/2022/concordance/conc-10-stats-2022.xlsx,603892b51de70231,2026-09-07
3002140000,3822120000,conc-10-stats-2022.xlsx,https://www.cbsa-asfc.gc.ca/trade-commerce/tariff-tarif/2022/concordance/conc-10-stats-2022.xlsx,603892b51de70231,2026-09-07
3002150000,3822120000,conc-10-stats-2022.xlsx,https://www.cbsa-asfc.gc.ca/trade-commerce/tariff-tarif/2022/concordance/conc-10-stats-2022.xlsx,603892b51de70231,2026-09-07
3002190000,3822120000,conc-10-stats-2022.xlsx,https://www.cbsa-asfc.gc.ca/trade-commerce/tariff-tarif/2022/concordance/conc-10-stats-2022.xlsx,603892b51de70231,2026-09-07
3822000020,3822120000,conc-10-stats-2022.xlsx,https://www.cbsa-asfc.gc.ca/trade-commerce/tariff-tarif/2022/concordance/conc-10-stats-2022.xlsx,603892b51de70231,2026-09-07
3822000030,3822120000,conc-10-stats-2022.xlsx,https://www.cbsa-asfc.gc.ca/trade-commerce/tariff-tarif/2022/concordance/conc-10-stats-2022.xlsx,603892b51de70231,2026-09-07
3006200020,3822130010,conc-10-stats-2022.xlsx,https://www.cbsa-asfc.gc.ca/trade-commerce/tariff-tarif/2022/concordance/conc-10-stats-2022.xlsx,603892b51de70231,2026-09-07
3006200090,3822130090,conc-10-stats-2022.xlsx,https://www.cbsa-asfc.gc.ca/trade-commerce/tariff-tarif/2022/concordance/conc-10-stats-2022.xlsx,603892b51de70231,2026-09-07
3002130000,3822190000,conc-10-stats-2022.xlsx,https://www.cbsa-asfc.gc.ca/trade-commerce/tariff-tarif/2022/concordance/conc-10-stats-2022.xlsx,603892b51de70231,2026-09-07
3002140000,3822190000,conc-10-stats-2022.xlsx,https://www.cbsa-asfc.gc.ca/trade-commerce/tariff-tarif/2022/concordance/conc-10-stats-2022.xlsx,603892b51de70231,2026-09-07
3002150000,3822190000,conc-10-stats-2022.xlsx,https://www.cbsa-asfc.gc.ca/trade-commerce/tariff-tarif/2022/concordance/conc-10-stats-2022.xlsx,603892b51de70231,2026-09-07
3002190000,3822190000,conc-10-stats-2022.xlsx,https://www.cbsa-asfc.gc.ca/trade-commerce/tariff-tarif/2022/concordance/conc-10-stats-2022.xlsx,603892b51de70231,2026-09-07
3822000020,3822190000,conc-10-stats-2022.xlsx,https://www.cbsa-asfc.gc.ca/trade-commerce/tariff-tarif/2022/concordance/conc-10-stats-2022.xlsx,603892b51de70231,2026-09-07
3822000030,3822190000,conc-10-stats-2022.xlsx,https://www.cbsa-asfc.gc.ca/trade-commerce/tariff-tarif/2022/concordance/conc-10-stats-2022.xlsx,603892b51de70231,2026-09-07
3822000010,3822900000,conc-10-stats-2022.xlsx,https://www.cbsa-asfc.gc.ca/trade-commerce/tariff-tarif/2022/concordance/conc-10-stats-2022.xlsx,603892b51de70231,2026-09-07
3824990090,3824890000,conc-10-stats-2022.xlsx,https://www.cbsa-asfc.gc.ca/trade-commerce/tariff-tarif/2022/concordance/conc-10-stats-2022.xlsx,603892b51de70231,2026-09-07
3824990090,3824920000,conc-10-stats-2022.xlsx,https://www.cbsa-asfc.gc.ca/trade-commerce/tariff-tarif/2022/concordance/conc-10-stats-2022.xlsx,603892b51de70231,2026-09-07
3824990010,3824990010,conc-10-stats-2022.xlsx,https://www.cbsa-asfc.gc.ca/trade-commerce/tariff-tarif/2022/concordance/conc-10-stats-2022.xlsx,603892b51de70231,2026-09-07
3824990090,3824990090,conc-10-stats-2022.xlsx,https://www.cbsa-asfc.gc.ca/trade-commerce/tariff-tarif/2022/concordance/conc-10-stats-2022.xlsx,603892b51de70231,2026-09-07
3824710000,3827110000,conc-10-stats-2022.xlsx,https://www.cbsa-asfc.gc.ca/trade-commerce/tariff-tarif/2022/concordance/conc-10-stats-2022.xlsx,603892b51de70231,2026-09-07
3824730000,3827120000,conc-10-stats-2022.xlsx,https://www.cbsa-asfc.gc.ca/trade-commerce/tariff-tarif/2022/concordance/conc-10-stats-2022.xlsx,603892b51de70231,2026-09-07
3824750000,3827130000,conc-10-stats-2022.xlsx,https://www.cbsa-asfc.gc.ca/trade-commerce/tariff-tarif/2022/concordance/conc-10-stats-2022.xlsx,603892b51de70231,2026-09-07
3824760000,3827140000,conc-10-stats-2022.xlsx,https://www.cbsa-asfc.gc.ca/trade-commerce/tariff-tarif/2022/concordance/conc-10-stats-2022.xlsx,603892b51de70231,2026-09-07
3824720000,3827200000,conc-10-stats-2022.xlsx,https://www.cbsa-asfc.gc.ca/trade-commerce/tariff-tarif/2022/concordance/conc-10-stats-2022.xlsx,603892b51de70231,2026-09-07
3824740000,3827310000,conc-10-stats-2022.xlsx,https://www.cbsa-asfc.gc.ca/trade-commerce/tariff-tarif/2022/concordance/conc-10-stats-2022.xlsx,603892b51de70231,2026-09-07
3824740000,3827320000,conc-10-stats-2022.xlsx,https://www.cbsa-asfc.gc.ca/trade-commerce/tariff-tarif/2022/concordance/conc-10-stats-2022.xlsx,603892b51de70231,2026-09-07
3824740000,3827390000,conc-10-stats-2022.xlsx,https://www.cbsa-asfc.gc.ca/trade-commerce/tariff-tarif/2022/concordance/conc-10-stats-2022.xlsx,603892b51de70231,2026-09-07
3824770000,3827400000,conc-10-stats-2022.xlsx,https://www.cbsa-asfc.gc.ca/trade-commerce/tariff-tarif/2022/concordance/conc-10-stats-2022.xlsx,603892b51de70231,2026-09-07
3824780000,3827510000,conc-10-stats-2022.xlsx,https://www.cbsa-asfc.gc.ca/trade-commerce/tariff-tarif/2022/concordance/conc-10-stats-2022.xlsx,603892b51de70231,2026-09-07
3824780000,3827590000,conc-10-stats-2022.xlsx,https://www.cbsa-asfc.gc.ca/trade-commerce/tariff-tarif/2022/concordance/conc-10-stats-2022.xlsx,603892b51de70231,2026-09-07
3824780000,3827610000,conc-10-stats-2022.xlsx,https://www.cbsa-asfc.gc.ca/trade-commerce/tariff-tarif/2022/concordance/conc-10-stats-2022.xlsx,603892b51de70231,2026-09-07
3824780000,3827620000,conc-10-stats-2022.xlsx,https://www.cbsa-asfc.gc.ca/trade-commerce/tariff-tarif/2022/concordance/conc-10-stats-2022.xlsx,603892b51de70231,2026-09-07
3824780000,3827630000,conc-10-stats-2022.xlsx,https://www.cbsa-asfc.gc.ca/trade-commerce/tariff-tarif/2022/concordance/conc-10-stats-2022.xlsx,603892b51de70231,2026-09-07
3824780000,3827640000,conc-10-stats-2022.xlsx,https://www.cbsa-asfc.gc.ca/trade-commerce/tariff-tarif/2022/concordance/conc-10-stats-2022.xlsx,603892b51de70231,2026-09-07
3824780000,3827650000,conc-10-stats-2022.xlsx,https://www.cbsa-asfc.gc.ca/trade-commerce/tariff-tarif/2022/concordance/conc-10-stats-2022.xlsx,603892b51de70231,2026-09-07
3824780000,3827680000,conc-10-stats-2022.xlsx,https://www.cbsa-asfc.gc.ca/trade-commerce/tariff-tarif/2022/concordance/conc-10-stats-2022.xlsx,603892b51de70231,2026-09-07
3824780000,3827690000,conc-10-stats-2022.xlsx,https://www.cbsa-asfc.gc.ca/trade-commerce/tariff-tarif/2022/concordance/conc-10-stats-2022.xlsx,603892b51de70231,2026-09-07
3824790000,3827900000,conc-10-stats-2022.xlsx,https://www.cbsa-asfc.gc.ca/trade-commerce/tariff-tarif/2022/concordance/conc-10-stats-2022.xlsx,603892b51de70231,2026-09-07
3907200019,3907210000,conc-10-stats-2022.xlsx,https://www.cbsa-asfc.gc.ca/trade-commerce/tariff-tarif/2022/concordance/conc-10-stats-2022.xlsx,603892b51de70231,2026-09-07
3907200099,3907210000,conc-10-stats-2022.xlsx,https://www.cbsa-asfc.gc.ca/trade-commerce/tariff-tarif/2022/concordance/conc-10-stats-2022.xlsx,603892b51de70231,2026-09-07
3907200011,3907290011,conc-10-stats-2022.xlsx,https://www.cbsa-asfc.gc.ca/trade-commerce/tariff-tarif/2022/concordance/conc-10-stats-2022.xlsx,603892b51de70231,2026-09-07
3907200012,3907290012,conc-10-stats-2022.xlsx,https://www.cbsa-asfc.gc.ca/trade-commerce/tariff-tarif/2022/concordance/conc-10-stats-2022.xlsx,603892b51de70231,2026-09-07
3907200019,3907290019,conc-10-stats-2022.xlsx,https://www.cbsa-asfc.gc.ca/trade-commerce/tariff-tarif/2022/concordance/conc-10-stats-2022.xlsx,603892b51de70231,2026-09-07
3907200091,3907290091,conc-10-stats-2022.xlsx,https://www.cbsa-asfc.gc.ca/trade-commerce/tariff-tarif/2022/concordance/conc-10-stats-2022.xlsx,603892b51de70231,2026-09-07
3907200092,3907290092,conc-10-stats-2022.xlsx,https://www.cbsa-asfc.gc.ca/trade-commerce/tariff-tarif/2022/concordance/conc-10-stats-2022.xlsx,603892b51de70231,2026-09-07
3907200099,3907290099,conc-10-stats-2022.xlsx,https://www.cbsa-asfc.gc.ca/trade-commerce/tariff-tarif/2022/concordance/conc-10-stats-2022.xlsx,603892b51de70231,2026-09-07
3911900000,3911200000,conc-10-stats-2022.xlsx,https://www.cbsa-asfc.gc.ca/trade-commerce/tariff-tarif/2022/concordance/conc-10-stats-2022.xlsx,603892b51de70231,2026-09-07
3911900000,3911900000,conc-10-stats-2022.xlsx,https://www.cbsa-asfc.gc.ca/trade-commerce/tariff-tarif/2022/concordance/conc-10-stats-2022.xlsx,603892b51de70231,2026-09-07
4015191000,4015121000,conc-10-stats-2022.xlsx,https://www.cbsa-asfc.gc.ca/trade-commerce/tariff-tarif/2022/concordance/conc-10-stats-2022.xlsx,603892b51de70231,2026-09-07
4015110000,4015129000,conc-10-stats-2022.xlsx,https://www.cbsa-asfc.gc.ca/trade-commerce/tariff-tarif/2022/concordance/conc-10-stats-2022.xlsx,603892b51de70231,2026-09-07
4015199000,4015129000,conc-10-stats-2022.xlsx,https://www.cbsa-asfc.gc.ca/trade-commerce/tariff-tarif/2022/concordance/conc-10-stats-2022.xlsx,603892b51de70231,2026-09-07
4015191000,4015191000,conc-10-stats-2022.xlsx,https://www.cbsa-asfc.gc.ca/trade-commerce/tariff-tarif/2022/concordance/conc-10-stats-2022.xlsx,603892b51de70231,2026-09-07
4015199000,4015199000,conc-10-stats-2022.xlsx,https://www.cbsa-asfc.gc.ca/trade-commerce/tariff-tarif/2022/concordance/conc-10-stats-2022.xlsx,603892b51de70231,2026-09-07
4401390020,4401320000,conc-10-stats-2022.xlsx,https://www.cbsa-asfc.gc.ca/trade-commerce/tariff-tarif/2022/concordance/conc-10-stats-2022.xlsx,603892b51de70231,2026-09-07
4401390090,4401390000,conc-10-stats-2022.xlsx,https://www.cbsa-asfc.gc.ca/trade-commerce/tariff-tarif/2022/concordance/conc-10-stats-2022.xlsx,603892b51de70231,2026-09-07
4401400000,4401410000,conc-10-stats-2022.xlsx,https://www.cbsa-asfc.gc.ca/trade-commerce/tariff-tarif/2022/concordance/conc-10-stats-2022.xlsx,603892b51de70231,2026-09-07
4401400000,4401490000,conc-10-stats-2022.xlsx,https://www.cbsa-asfc.gc.ca/trade-commerce/tariff-tarif/2022/concordance/conc-10-stats-2022.xlsx,603892b51de70231,2026-09-07
4402901010,4402201000,conc-10-stats-2022.xlsx,https://www.cbsa-asfc.gc.ca/trade-commerce/tariff-tarif/2022/concordance/conc-10-stats-2022.xlsx,603892b51de70231,2026-09-07
4402909000,4402209000,conc-10-stats-2022.xlsx,https://www.cbsa-asfc.gc.ca/trade-commerce/tariff-tarif/2022/concordance/conc-10-stats-2022.xlsx,603892b51de70231,2026-09-07
4402901090,4402901000,conc-10-stats-2022.xlsx,https://www.cbsa-asfc.gc.ca/trade-commerce/tariff-tarif/2022/concordance/conc-10-stats-2022.xlsx,603892b51de70231,2026-09-07
4402909000,4402909000,conc-10-stats-2022.xlsx,https://www.cbsa-asfc.gc.ca/trade-commerce/tariff-tarif/2022/concordance/conc-10-stats-2022.xlsx,603892b51de70231,2026-09-07
4403210010,4403210010,conc-10-stats-2022.xlsx,https://www.cbsa-asfc.gc.ca/trade-commerce/tariff-tarif/2022/concordance/conc-10-stats-2022.xlsx,603892b51de70231,2026-09-07
4403210020,4403210020,conc-10-stats-2022.xlsx,https://www.cbsa-asfc.gc.ca/trade-commerce/tariff-tarif/2022/concordance/conc-10-stats-2022.xlsx,603892b51de70231,2026-09-07
4403210030,4403210030,conc-10-stats-2022.xlsx,https://www.cbsa-asfc.gc.ca/trade-commerce/tariff-tarif/2022/concordance/conc-10-stats-2022.xlsx,603892b51de70231,2026-09-07
4403210090,4403210090,conc-10-stats-2022.xlsx,https://www.cbsa-asfc.gc.ca/trade-commerce/tariff-tarif/2022/concordance/conc-10-stats-2022.xlsx,603892b51de70231,2026-09-07
4403210010,4403220010,conc-10-stats-2022.xlsx,https://www.cbsa-asfc.gc.ca/trade-commerce/tariff-tarif/2022/concordance/conc-10-stats-2022.xlsx,603892b51de70231,2026-09-07
4403220010,4403220010,conc-10-stats-2022.xlsx,https://www.cbsa-asfc.gc.ca/trade-commerce/tariff-tarif/2022/concordance/conc-10-stats-2022.xlsx,603892b51de70231,2026-09-07
4403210020,4403220020,conc-10-stats-2022.xlsx,https://www.cbsa-asfc.gc.ca/trade-commerce/tariff-tarif/2022/concordance/conc-10-stats-2022.xlsx,603892b51de70231,2026-09-07
4403220020,4403220020,conc-10-stats-2022.xlsx,https://www.cbsa-asfc.gc.ca/trade-commerce/tariff-tarif/2022/concordance/conc-10-stats-2022.xlsx,603892b51de70231,2026-09-07
4403210030,4403220030,conc-10-stats-2022.xlsx,https://www.cbsa-asfc.gc.ca/trade-commerce/tariff-tarif/2022/concordance/conc-10-stats-2022.xlsx,603892b51de70231,2026-09-07
4403220030,4403220030,conc-10-stats-2022.xlsx,https://www.cbsa-asfc.gc.ca/trade-commerce/tariff-tarif/2022/concordance/conc-10-stats-2022.xlsx,603892b51de70231,2026-09-07
4403210090,4403220090,conc-10-stats-2022.xlsx,https://www.cbsa-asfc.gc.ca/trade-commerce/tariff-tarif/2022/concordance/conc-10-stats-2022.xlsx,603892b51de70231,2026-09-07
4403220090,4403220090,conc-10-stats-2022.xlsx,https://www.cbsa-asfc.gc.ca/trade-commerce/tariff-tarif/2022/concordance/conc-10-stats-2022.xlsx,603892b51de70231,2026-09-07
4403230010,4403230010,conc-10-stats-2022.xlsx,https://www.cbsa-asfc.gc.ca/trade-commerce/tariff-tarif/2022/concordance/conc-10-stats-2022.xlsx,603892b51de70231,2026-09-07
4403230020,4403230020,conc-10-stats-2022.xlsx,https://www.cbsa-asfc.gc.ca/trade-commerce/tariff-tarif/2022/concordance/conc-10-stats-2022.xlsx,603892b51de70231,2026-09-07
4403230091,4403230091,conc-10-stats-2022.xlsx,https://www.cbsa-asfc.gc.ca/trade-commerce/tariff-tarif/2022/concordance/conc-10-stats-2022.xlsx,603892b51de70231,2026-09-07
4403230099,4403230099,conc-10-stats-2022.xlsx,https://www.cbsa-asfc.gc.ca/trade-commerce/tariff-tarif/2022/concordance/conc-10-stats-2022.xlsx,603892b51de70231,2026-09-07
4403230010,4403240010,conc-10-stats-2022.xlsx,https://www.cbsa-asfc.gc.ca/trade-commerce/tariff-tarif/2022/concordance/conc-10-stats-2022.xlsx,603892b51de70231,2026-09-07
4403240010,4403240010,conc-10-stats-2022.xlsx,https://www.cbsa-asfc.gc.ca/trade-commerce/tariff-tarif/2022/concordance/conc-10-stats-2022.xlsx,603892b51de70231,2026-09-07
4403230020,4403240020,conc-10-stats-2022.xlsx,https://www.cbsa-asfc.gc.ca/trade-commerce/tariff-tarif/2022/concordance/conc-10-stats-2022.xlsx,603892b51de70231,2026-09-07
4403240020,4403240020,conc-10-stats-2022.xlsx,https://www.cbsa-asfc.gc.ca/trade-commerce/tariff-tarif/2022/concordance/conc-10-stats-2022.xlsx,603892b51de70231,2026-09-07
4403230091,4403240091,conc-10-stats-2022.xlsx,https://www.cbsa-asfc.gc.ca/trade-commerce/tariff-tarif/2022/concordance/conc-10-stats-2022.xlsx,603892b51de70231,2026-09-07
4403240091,4403240091,conc-10-stats-2022.xlsx,https://www.cbsa-asfc.gc.ca/trade-commerce/tariff-tarif/2022/concordance/conc-10-stats-2022.xlsx,603892b51de70231,2026-09-07
4403230099,4403240099,conc-10-stats-2022.xlsx,https://www.cbsa-asfc.gc.ca/trade-commerce/tariff-tarif/2022/concordance/conc-10-stats-2022.xlsx,603892b51de70231,2026-09-07
4403240099,4403240099,conc-10-stats-2022.xlsx,https://www.cbsa-asfc.gc.ca/trade-commerce/tariff-tarif/2022/concordance/conc-10-stats-2022.xlsx,603892b51de70231,2026-09-07
4403250010,4403250010,conc-10-stats-2022.xlsx,https://www.cbsa-asfc.gc.ca/trade-commerce/tariff-tarif/2022/concordance/conc-10-stats-2022.xlsx,603892b51de70231,2026-09-07
4403250020,4403250020,conc-10-stats-2022.xlsx,https://www.cbsa-asfc.gc.ca/trade-commerce/tariff-tarif/2022/concordance/conc-10-stats-2022.xlsx,603892b51de70231,2026-09-07
4403250091,4403250091,conc-10-stats-2022.xlsx,https://www.cbsa-asfc.gc.ca/trade-commerce/tariff-tarif/2022/concordance/conc-10-stats-2022.xlsx,603892b51de70231,2026-09-07
4403250092,4403250092,conc-10-stats-2022.xlsx,https://www.cbsa-asfc.gc.ca/trade-commerce/tariff-tarif/2022/concordance/conc-10-stats-2022.xlsx,603892b51de70231,2026-09-07
4403250093,4403250093,conc-10-stats-2022.xlsx,https://www.cbsa-asfc.gc.ca/trade-commerce/tariff-tarif/2022/concordance/conc-10-stats-2022.xlsx,603892b51de70231,2026-09-07
4403250099,4403250099,conc-10-stats-2022.xlsx,https://www.cbsa-asfc.gc.ca/trade-commerce/tariff-tarif/2022/concordance/conc-10-stats-2022.xlsx,603892b51de70231,2026-09-07
4403250010,4403260010,conc-10-stats-2022.xlsx,https://www.cbsa-asfc.gc.ca/trade-commerce/tariff-tarif/2022/concordance/conc-10-stats-2022.xlsx,603892b51de70231,2026-09-07
4403260010,4403260010,conc-10-stats-2022.xlsx,https://www.cbsa-asfc.gc.ca/trade-commerce/tariff-tarif/2022/concordance/conc-10-stats-2022.xlsx,603892b51de70231,2026-09-07
4403250020,4403260020,conc-10-stats-2022.xlsx,https://www.cbsa-asfc.gc.ca/trade-commerce/tariff-tarif/2022/concordance/conc-10-stats-2022.xlsx,603892b51de70231,2026-09-07
4403260020,4403260020,conc-10-stats-2022.xlsx,https://www.cbsa-asfc.gc.ca/trade-commerce/tariff-tarif/2022/concordance/conc-10-stats-2022.xlsx,603892b51de70231,2026-09-07
4403250091,4403260091,conc-10-stats-2022.xlsx,https://www.cbsa-asfc.gc.ca/trade-commerce/tariff-tarif/2022/concordance/conc-10-stats-2022.xlsx,603892b51de70231,2026-09-07
4403260091,4403260091,conc-10-stats-2022.xlsx,https://www.cbsa-asfc.gc.ca/trade-commerce/tariff-tarif/2022/concordance/conc-10-stats-2022.xlsx,603892b51de70231,2026-09-07
4403250092,4403260092,conc-10-stats-2022.xlsx,https://www.cbsa-asfc.gc.ca/trade-commerce/tariff-tarif/2022/concordance/conc-10-stats-2022.xlsx,603892b51de70231,2026-09-07
4403260092,4403260092,conc-10-stats-2022.xlsx,https://www.cbsa-asfc.gc.ca/trade-commerce/tariff-tarif/2022/concordance/conc-10-stats-2022.xlsx,603892b51de70231,2026-09-07
4403250093,4403260093,conc-10-stats-2022.xlsx,https://www.cbsa-asfc.gc.ca/trade-commerce/tariff-tarif/2022/concordance/conc-10-stats-2022.xlsx,603892b51de70231,2026-09-07
4403260093,4403260093,conc-10-stats-2022.xlsx,https://www.cbsa-asfc.gc.ca/trade-commerce/tariff-tarif/2022/concordance/conc-10-stats-2022.xlsx,603892b51de70231,2026-09-07
4403250099,4403260099,conc-10-stats-2022.xlsx,https://www.cbsa-asfc.gc.ca/trade-commerce/tariff-tarif/2022/concordance/conc-10-stats-2022.xlsx,603892b51de70231,2026-09-07
4403260099,4403260099,conc-10-stats-2022.xlsx,https://www.cbsa-asfc.gc.ca/trade-commerce/tariff-tarif/2022/concordance/conc-10-stats-2022.xlsx,603892b51de70231,2026-09-07
4403490000,4403420000,conc-10-stats-2022.xlsx,https://www.cbsa-asfc.gc.ca/trade-commerce/tariff-tarif/2022/concordance/conc-10-stats-2022.xlsx,603892b51de70231,2026-09-07
4403490000,4403490000,conc-10-stats-2022.xlsx,https://www.cbsa-asfc.gc.ca/trade-commerce/tariff-tarif/2022/concordance/conc-10-stats-2022.xlsx,603892b51de70231,2026-09-07
4403930000,4403930000,conc-10-stats-2022.xlsx,https://www.cbsa-asfc.gc.ca/trade-commerce/tariff-tarif/2022/concordance/conc-10-stats-2022.xlsx,603892b51de70231,2026-09-07
4403930000,4403940000,conc-10-stats-2022.xlsx,https://www.cbsa-asfc.gc.ca/trade-commerce/tariff-tarif/2022/concordance/conc-10-stats-2022.xlsx,603892b51de70231,2026-09-07
4403940000,4403940000,conc-10-stats-2022.xlsx,https://www.cbsa-asfc.gc.ca/trade-commerce/tariff-tarif/2022/concordance/conc-10-stats-2022.xlsx,603892b51de70231,2026-09-07
4403950010,4403950010,conc-10-stats-2022.xlsx,https://www.cbsa-asfc.gc.ca/trade-commerce/tariff-tarif/2022/concordance/conc-10-stats-2022.xlsx,603892b51de70231,2026-09-07
4403950090,4403950090,conc-10-stats-2022.xlsx,https://www.cbsa-asfc.gc.ca/trade-commerce/tariff-tarif/2022/concordance/conc-10-stats-2022.xlsx,603892b51de70231,2026-09-07
4403950010,4403960000,conc-10-stats-2022.xlsx,https://www.cbsa-asfc.gc.ca/trade-commerce/tariff-tarif/2022/concordance/conc-10-stats-2022.xlsx,603892b51de70231,2026-09-07
4403950090,4403960000,conc-10-stats-2022.xlsx,https://www.cbsa-asfc.gc.ca/trade-commerce/tariff-tarif/2022/concordance/conc-10-stats-2022.xlsx,603892b51de70231,2026-09-07
4403960010,4403960000,conc-10-stats-2022.xlsx,https://www.cbsa-asfc.gc.ca/trade-commerce/tariff-tarif/2022/concordance/conc-10-stats-2022.xlsx,603892b51de70231,2026-09-07
4403960090,4403960000,conc-10-stats-2022.xlsx,https://www.cbsa-asfc.gc.ca/trade-commerce/tariff-tarif/2022/concordance/conc-10-stats-2022.xlsx,603892b51de70231,2026-09-07
4407110011,4407110011,conc-10-stats-2022.xlsx,https://www.cbsa-asfc.gc.ca/trade-commerce/tariff-tarif/2022/concordance/conc-10-stats-2022.xlsx,603892b51de70231,2026-09-07
4407110012,4407110012,conc-10-stats-2022.xlsx,https://www.cbsa-asfc.gc.ca/trade-commerce/tariff-tarif/2022/concordance/conc-10-stats-2022.xlsx,603892b51de70231,2026-09-07
4407110013,4407110013,conc-10-stats-2022.xlsx,https://www.cbsa-asfc.gc.ca/trade-commerce/tariff-tarif/2022/concordance/conc-10-stats-2022.xlsx,603892b51de70231,2026-09-07
4407110014,4407110014,conc-10-stats-2022.xlsx,https://www.cbsa-asfc.gc.ca/trade-commerce/tariff-tarif/2022/concordance/conc-10-stats-2022.xlsx,603892b51de70231,2026-09-07
4407110015,4407110015,conc-10-stats-2022.xlsx,https://www.cbsa-asfc.gc.ca/trade-commerce/tariff-tarif/2022/concordance/conc-10-stats-2022.xlsx,603892b51de70231,2026-09-07
4407110019,4407110019,conc-10-stats-2022.xlsx,https://www.cbsa-asfc.gc.ca/trade-commerce/tariff-tarif/2022/concordance/conc-10-stats-2022.xlsx,603892b51de70231,2026-09-07
4407110021,4407110021,conc-10-stats-2022.xlsx,https://www.cbsa-asfc.gc.ca/trade-commerce/tariff-tarif/2022/concordance/conc-10-stats-2022.xlsx,603892b51de70231,2026-09-07
4407110022,4407110022,conc-10-stats-2022.xlsx,https://www.cbsa-asfc.gc.ca/trade-commerce/tariff-tarif/2022/concordance/conc-10-stats-2022.xlsx,603892b51de70231,2026-09-07
4407110023,4407110023,conc-10-stats-2022.xlsx,https://www.cbsa-asfc.gc.ca/trade-commerce/tariff-tarif/2022/concordance/conc-10-stats-2022.xlsx,603892b51de70231,2026-09-07
4407110029,4407110029,conc-10-stats-2022.xlsx,https://www.cbsa-asfc.gc.ca/trade-commerce/tariff-tarif/2022/concordance/conc-10-stats-2022.xlsx,603892b51de70231,2026-09-07
4407120011,4407120011,conc-10-stats-2022.xlsx,https://www.cbsa-asfc.gc.ca/trade-commerce/tariff-tarif/2022/concordance/conc-10-stats-2022.xlsx,603892b51de70231,2026-09-07
4407120012,4407120012,conc-10-stats-2022.xlsx,https://www.cbsa-asfc.gc.ca/trade-commerce/tariff-tarif/2022/concordance/conc-10-stats-2022.xlsx,603892b51de70231,2026-09-07
4407120021,4407120021,conc-10-stats-2022.xlsx,https://www.cbsa-asfc.gc.ca/trade-commerce/tariff-tarif/2022/concordance/conc-10-stats-2022.xlsx,603892b51de70231,2026-09-07
4407120022,4407120022,conc-10-stats-2022.xlsx,https://www.cbsa-asfc.gc.ca/trade-commerce/tariff-tarif/2022/concordance/conc-10-stats-2022.xlsx,603892b51de70231,2026-09-07
4407110014,4407130000,conc-10-stats-2022.xlsx,https://www.cbsa-asfc.gc.ca/trade-commerce/tariff-tarif/2022/concordance/conc-10-stats-2022.xlsx,603892b51de70231,2026-09-07
4407110019,4407130000,conc-10-stats-2022.xlsx,https://www.cbsa-asfc.gc.ca/trade-commerce/tariff-tarif/2022/concordance/conc-10-stats-2022.xlsx,603892b51de70231,2026-09-07
4407110029,4407130000,conc-10-stats-2022.xlsx,https://www.cbsa-asfc.gc.ca/trade-commerce/tariff-tarif/2022/concordance/conc-10-stats-2022.xlsx,603892b51de70231,2026-09-07
4407120011,4407130000,conc-10-stats-2022.xlsx,https://www.cbsa-asfc.gc.ca/trade-commerce/tariff-tarif/2022/concordance/conc-10-stats-2022.xlsx,603892b51de70231,2026-09-07
4407120012,4407130000,conc-10-stats-2022.xlsx,https://www.cbsa-asfc.gc.ca/trade-commerce/tariff-tarif/2022/concordance/conc-10-stats-2022.xlsx,603892b51de70231,2026-09-07
4407120021,4407130000,conc-10-stats-2022.xlsx,https://www.cbsa-asfc.gc.ca/trade-commerce/tariff-tarif/2022/concordance/conc-10-stats-2022.xlsx,603892b51de70231,2026-09-07
4407120022,4407130000,conc-10-stats-2022.xlsx,https://www.cbsa-asfc.gc.ca/trade-commerce/tariff-tarif/2022/concordance/conc-10-stats-2022.xlsx,603892b51de70231,2026-09-07
4407190013,4407130000,conc-10-stats-2022.xlsx,https://www.cbsa-asfc.gc.ca/trade-commerce/tariff-tarif/2022/concordance/conc-10-stats-2022.xlsx,603892b51de70231,2026-09-07
4407120011,4407140000,conc-10-stats-2022.xlsx,https://www.cbsa-asfc.gc.ca/trade-commerce/tariff-tarif/2022/concordance/conc-10-stats-2022.xlsx,603892b51de70231,2026-09-07
4407120021,4407140000,conc-10-stats-2022.xlsx,https://www.cbsa-asfc.gc.ca/trade-commerce/tariff-tarif/2022/concordance/conc-10-stats-2022.xlsx,603892b51de70231,2026-09-07
4407190014,4407140000,conc-10-stats-2022.xlsx,https://www.cbsa-asfc.gc.ca/trade-commerce/tariff-tarif/2022/concordance/conc-10-stats-2022.xlsx,603892b51de70231,2026-09-07
4407190011,4407190011,conc-10-stats-2022.xlsx,https://www.cbsa-asfc.gc.ca/trade-commerce/tariff-tarif/2022/concordance/conc-10-stats-2022.xlsx,603892b51de70231,2026-09-07
4407190012,4407190012,conc-10-stats-2022.xlsx,https://www.cbsa-asfc.gc.ca/trade-commerce/tariff-tarif/2022/concordance/conc-10-stats-2022.xlsx,603892b51de70231,2026-09-07
4407290010,4407230000,conc-10-stats-2022.xlsx,https://www.cbsa-asfc.gc.ca/trade-commerce/tariff-tarif/2022/concordance/conc-10-stats-2022.xlsx,603892b51de70231,2026-09-07
4407290090,4407290000,conc-10-stats-2022.xlsx,https://www.cbsa-asfc.gc.ca/trade-commerce/tariff-tarif/2022/concordance/conc-10-stats-2022.xlsx,603892b51de70231,2026-09-07
4412991000,4412410000,conc-10-stats-2022.xlsx,https://www.cbsa-asfc.gc.ca/trade-commerce/tariff-tarif/2022/concordance/conc-10-stats-2022.xlsx,603892b51de70231,2026-09-07
4412999010,4412410000,conc-10-stats-2022.xlsx,https://www.cbsa-asfc.gc.ca/trade-commerce/tariff-tarif/2022/concordance/conc-10-stats-2022.xlsx,603892b51de70231,2026-09-07
4412991000,4412420000,conc-10-stats-2022.xlsx,https://www.cbsa-asfc.gc.ca/trade-commerce/tariff-tarif/2022/concordance/conc-10-stats-2022.xlsx,603892b51de70231,2026-09-07
4412999030,4412420000,conc-10-stats-2022.xlsx,https://www.cbsa-asfc.gc.ca/trade-commerce/tariff-tarif/2022/concordance/conc-10-stats-2022.xlsx,603892b51de70231,2026-09-07
4412991000,4412490000,conc-10-stats-2022.xlsx,https://www.cbsa-asfc.gc.ca/trade-commerce/tariff-tarif/2022/concordance/conc-10-stats-2022.xlsx,603892b51de70231,2026-09-07
4412999090,4412490000,conc-10-stats-2022.xlsx,https://www.cbsa-asfc.gc.ca/trade-commerce/tariff-tarif/2022/concordance/conc-10-stats-2022.xlsx,603892b51de70231,2026-09-07
4412940000,4412510000,conc-10-stats-2022.xlsx,https://www.cbsa-asfc.gc.ca/trade-commerce/tariff-tarif/2022/concordance/conc-10-stats-2022.xlsx,603892b51de70231,2026-09-07
4412940000,4412520000,conc-10-stats-2022.xlsx,https://www.cbsa-asfc.gc.ca/trade-commerce/tariff-tarif/2022/concordance/conc-10-stats-2022.xlsx,603892b51de70231,2026-09-07
4412940000,4412590000,conc-10-stats-2022.xlsx,https://www.cbsa-asfc.gc.ca/trade-commerce/tariff-tarif/2022/concordance/conc-10-stats-2022.xlsx,603892b51de70231,2026-09-07
4412991000,4412910000,conc-10-stats-2022.xlsx,https://www.cbsa-asfc.gc.ca/trade-commerce/tariff-tarif/2022/concordance/conc-10-stats-2022.xlsx,603892b51de70231,2026-09-07
4412999010,4412910000,conc-10-stats-2022.xlsx,https://www.cbsa-asfc.gc.ca/trade-commerce/tariff-tarif/2022/concordance/conc-10-stats-2022.xlsx,603892b51de70231,2026-09-07
4412991000,4412920000,conc-10-stats-2022.xlsx,https://www.cbsa-asfc.gc.ca/trade-commerce/tariff-tarif/2022/concordance/conc-10-stats-2022.xlsx,603892b51de70231,2026-09-07
4412999030,4412920000,conc-10-stats-2022.xlsx,https://www.cbsa-asfc.gc.ca/trade-commerce/tariff-tarif/2022/concordance/conc-10-stats-2022.xlsx,603892b51de70231,2026-09-07
4412991000,4412990000,conc-10-stats-2022.xlsx,https://www.cbsa-asfc.gc.ca/trade-commerce/tariff-tarif/2022/concordance/conc-10-stats-2022.xlsx,603892b51de70231,2026-09-07
4412999090,4412990000,conc-10-stats-2022.xlsx,https://www.cbsa-asfc.gc.ca/trade-commerce/tariff-tarif/2022/concordance/conc-10-stats-2022.xlsx,603892b51de70231,2026-09-07
4414000010,4414100000,conc-10-stats-2022.xlsx,https://www.cbsa-asfc.gc.ca/trade-commerce/tariff-tarif/2022/concordance/conc-10-stats-2022.xlsx,603892b51de70231,2026-09-07
4414000090,4414100000,conc-10-stats-2022.xlsx,https://www.cbsa-asfc.gc.ca/trade-commerce/tariff-tarif/2022/concordance/conc-10-stats-2022.xlsx,603892b51de70231,2026-09-07
4414000010,4414900010,conc-10-stats-2022.xlsx,https://www.cbsa-asfc.gc.ca/trade-commerce/tariff-tarif/2022/concordance/conc-10-stats-2022.xlsx,603892b51de70231,2026-09-07
4414000090,4414900090,conc-10-stats-2022.xlsx,https://www.cbsa-asfc.gc.ca/trade-commerce/tariff-tarif/2022/concordance/conc-10-stats-2022.xlsx,603892b51de70231,2026-09-07
4418101000,4418111000,conc-10-stats-2022.xlsx,https://www.cbsa-asfc.gc.ca/trade-commerce/tariff-tarif/2022/concordance/conc-10-stats-2022.xlsx,603892b51de70231,2026-09-07
4418109000,4418119000,conc-10-stats-2022.xlsx,https://www.cbsa-asfc.gc.ca/trade-commerce/tariff-tarif/2022/concordance/conc-10-stats-2022.xlsx,603892b51de70231,2026-09-07
4418101000,4418191000,conc-10-stats-2022.xlsx,https://www.cbsa-asfc.gc.ca/trade-commerce/tariff-tarif/2022/concordance/conc-10-stats-2022.xlsx,603892b51de70231,2026-09-07
4418109000,4418199000,conc-10-stats-2022.xlsx,https://www.cbsa-asfc.gc.ca/trade-commerce/tariff-tarif/2022/concordance/conc-10-stats-2022.xlsx,603892b51de70231,2026-09-07
4418200011,4418210000,conc-10-stats-2022.xlsx,https://www.cbsa-asfc.gc.ca/trade-commerce/tariff-tarif/2022/concordance/conc-10-stats-2022.xlsx,603892b51de70231,2026-09-07
4418200012,4418210000,conc-10-stats-2022.xlsx,https://www.cbsa-asfc.gc.ca/trade-commerce/tariff-tarif/2022/concordance/conc-10-stats-2022.xlsx,603892b51de70231,2026-09-07
4418200019,4418210000,conc-10-stats-2022.xlsx,https://www.cbsa-asfc.gc.ca/trade-commerce/tariff-tarif/2022/concordance/conc-10-stats-2022.xlsx,603892b51de70231,2026-09-07
4418200090,4418210000,conc-10-stats-2022.xlsx,https://www.cbsa-asfc.gc.ca/trade-commerce/tariff-tarif/2022/concordance/conc-10-stats-2022.xlsx,603892b51de70231,2026-09-07
4418200011,4418290011,conc-10-stats-2022.xlsx,https://www.cbsa-asfc.gc.ca/trade-commerce/tariff-tarif/2022/concordance/conc-10-stats-2022.xlsx,603892b51de70231,2026-09-07
4418200012,4418290012,conc-10-stats-2022.xlsx,https://www.cbsa-asfc.gc.ca/trade-commerce/tariff-tarif/2022/concordance/conc-10-stats-2022.xlsx,603892b51de70231,2026-09-07
4418200019,4418290019,conc-10-stats-2022.xlsx,https://www.cbsa-asfc.gc.ca/trade-commerce/tariff-tarif/2022/concordance/conc-10-stats-2022.xlsx,603892b51de70231,2026-09-07
4418200090,4418290090,conc-10-stats-2022.xlsx,https://www.cbsa-asfc.gc.ca/trade-commerce/tariff-tarif/2022/concordance/conc-10-stats-2022.xlsx,603892b51de70231,2026-09-07
4418600000,4418300000,conc-10-stats-2022.xlsx,https://www.cbsa-asfc.gc.ca/trade-commerce/tariff-tarif/2022/concordance/conc-10-stats-2022.xlsx,603892b51de70231,2026-09-07
4418600000,4418810000,conc-10-stats-2022.xlsx,https://www.cbsa-asfc.gc.ca/trade-commerce/tariff-tarif/2022/concordance/conc-10-stats-2022.xlsx,603892b51de70231,2026-09-07
4418910000,4418810000,conc-10-stats-2022.xlsx,https://www.cbsa-asfc.gc.ca/trade-commerce/tariff-tarif/2022/concordance/conc-10-stats-2022.xlsx,603892b51de70231,2026-09-07
4418990010,4418810000,conc-10-stats-2022.xlsx,https://www.cbsa-asfc.gc.ca/trade-commerce/tariff-tarif/2022/concordance/conc-10-stats-2022.xlsx,603892b51de70231,2026-09-07
4418600000,4418820000,conc-10-stats-2022.xlsx,https://www.cbsa-asfc.gc.ca/trade-commerce/tariff-tarif/2022/concordance/conc-10-stats-2022.xlsx,603892b51de70231,2026-09-07
4418910000,4418820000,conc-10-stats-2022.xlsx,https://www.cbsa-asfc.gc.ca/trade-commerce/tariff-tarif/2022/concordance/conc-10-stats-2022.xlsx,603892b51de70231,2026-09-07
4418990010,4418820000,conc-10-stats-2022.xlsx,https://www.cbsa-asfc.gc.ca/trade-commerce/tariff-tarif/2022/concordance/conc-10-stats-2022.xlsx,603892b51de70231,2026-09-07
4418600000,4418830000,conc-10-stats-2022.xlsx,https://www.cbsa-asfc.gc.ca/trade-commerce/tariff-tarif/2022/concordance/conc-10-stats-2022.xlsx,603892b51de70231,2026-09-07
4418910000,4418830000,conc-10-stats-2022.xlsx,https://www.cbsa-asfc.gc.ca/trade-commerce/tariff-tarif/2022/concordance/conc-10-stats-2022.xlsx,603892b51de70231,2026-09-07
4418990010,4418830000,conc-10-stats-2022.xlsx,https://www.cbsa-asfc.gc.ca/trade-commerce/tariff-tarif/2022/concordance/conc-10-stats-2022.xlsx,603892b51de70231,2026-09-07
4418600000,4418890000,conc-10-stats-2022.xlsx,https://www.cbsa-asfc.gc.ca/trade-commerce/tariff-tarif/2022/concordance/conc-10-stats-2022.xlsx,603892b51de70231,2026-09-07
4418910000,4418890000,conc-10-stats-2022.xlsx,https://www.cbsa-asfc.gc.ca/trade-commerce/tariff-tarif/2022/concordance/conc-10-stats-2022.xlsx,603892b51de70231,2026-09-07
4418990010,4418890000,conc-10-stats-2022.xlsx,https://www.cbsa-asfc.gc.ca/trade-commerce/tariff-tarif/2022/concordance/conc-10-stats-2022.xlsx,603892b51de70231,2026-09-07
4418910000,4418910000,conc-10-stats-2022.xlsx,https://www.cbsa-asfc.gc.ca/trade-commerce/tariff-tarif/2022/concordance/conc-10-stats-2022.xlsx,603892b51de70231,2026-09-07
4418990090,4418920000,conc-10-stats-2022.xlsx,https://www.cbsa-asfc.gc.ca/trade-commerce/tariff-tarif/2022/concordance/conc-10-stats-2022.xlsx,603892b51de70231,2026-09-07
4418990090,4418990000,conc-10-stats-2022.xlsx,https://www.cbsa-asfc.gc.ca/trade-commerce/tariff-tarif/2022/concordance/conc-10-stats-2022.xlsx,603892b51de70231,2026-09-07
4419900000,4419200000,conc-10-stats-2022.xlsx,https://www.cbsa-asfc.gc.ca/trade-commerce/tariff-tarif/2022/concordance/conc-10-stats-2022.xlsx,603892b51de70231,2026-09-07
4419900000,4419900000,conc-10-stats-2022.xlsx,https://www.cbsa-asfc.gc.ca/trade-commerce/tariff-tarif/2022/concordance/conc-10-stats-2022.xlsx,603892b51de70231,2026-09-07
4420100000,4420110000,conc-10-stats-2022.xlsx,https://www.cbsa-asfc.gc.ca/trade-commerce/tariff-tarif/2022/concordance/conc-10-stats-2022.xlsx,603892b51de70231,2026-09-07
4420100000,4420190000,conc-10-stats-2022.xlsx,https://www.cbsa-asfc.gc.ca/trade-commerce/tariff-tarif/2022/concordance/conc-10-stats-2022.xlsx,603892b51de70231,2026-09-07
4421913000,4421200000,conc-10-stats-2022.xlsx,https://www.cbsa-asfc.gc.ca/trade-commerce/tariff-tarif/2022/concordance/conc-10-stats-2022.xlsx,603892b51de70231,2026-09-07
4421993000,4421200000,conc-10-stats-2022.xlsx,https://www.cbsa-asfc.gc.ca/trade-commerce/tariff-tarif/2022/concordance/conc-10-stats-2022.xlsx,603892b51de70231,2026-09-07
4421993000,4421993000,conc-10-stats-2022.xlsx,https://www.cbsa-asfc.gc.ca/trade-commerce/tariff-tarif/2022/concordance/conc-10-stats-2022.xlsx,603892b51de70231,2026-09-07
4905910000,4905200000,conc-10-stats-2022.xlsx,https://www.cbsa-asfc.gc.ca/trade-commerce/tariff-tarif/2022/concordance/conc-10-stats-2022.xlsx,603892b51de70231,2026-09-07
4905100000,4905900000,conc-10-stats-2022.xlsx,https://www.cbsa-asfc.gc.ca/trade-commerce/tariff-tarif/2022/concordance/conc-10-stats-2022.xlsx,603892b51de70231,2026-09-07
4905990000,4905900000,conc-10-stats-2022.xlsx,https://www.cbsa-asfc.gc.ca/trade-commerce/tariff-tarif/2022/concordance/conc-10-stats-2022.xlsx,603892b51de70231,2026-09-07
5501100000,5501110000,conc-10-stats-2022.xlsx,https://www.cbsa-asfc.gc.ca/trade-commerce/tariff-tarif/2022/concordance/conc-10-stats-2022.xlsx,603892b51de70231,2026-09-07
5501100000,5501190000,conc-10-stats-2022.xlsx,https://www.cbsa-asfc.gc.ca/trade-commerce/tariff-tarif/2022/concordance/conc-10-stats-2022.xlsx,603892b51de70231,2026-09-07
5703201090,5703210000,conc-10-stats-2022.xlsx,https://www.cbsa-asfc.gc.ca/trade-commerce/tariff-tarif/2022/concordance/conc-10-stats-2022.xlsx,603892b51de70231,2026-09-07
5703201010,5703291010,conc-10-stats-2022.xlsx,https://www.cbsa-asfc.gc.ca/trade-commerce/tariff-tarif/2022/concordance/conc-10-stats-2022.xlsx,603892b51de70231,2026-09-07
5703201020,5703291020,conc-10-stats-2022.xlsx,https://www.cbsa-asfc.gc.ca/trade-commerce/tariff-tarif/2022/concordance/conc-10-stats-2022.xlsx,603892b51de70231,2026-09-07
5703201090,5703291090,conc-10-stats-2022.xlsx,https://www.cbsa-asfc.gc.ca/trade-commerce/tariff-tarif/2022/concordance/conc-10-stats-2022.xlsx,603892b51de70231,2026-09-07
5703209000,5703299000,conc-10-stats-2022.xlsx,https://www.cbsa-asfc.gc.ca/trade-commerce/tariff-tarif/2022/concordance/conc-10-stats-2022.xlsx,603892b51de70231,2026-09-07
5703301031,5703310000,conc-10-stats-2022.xlsx,https://www.cbsa-asfc.gc.ca/trade-commerce/tariff-tarif/2022/concordance/conc-10-stats-2022.xlsx,603892b51de70231,2026-09-07
5703301039,5703310000,conc-10-stats-2022.xlsx,https://www.cbsa-asfc.gc.ca/trade-commerce/tariff-tarif/2022/concordance/conc-10-stats-2022.xlsx,603892b51de70231,2026-09-07
5703301091,5703310000,conc-10-stats-2022.xlsx,https://www.cbsa-asfc.gc.ca/trade-commerce/tariff-tarif/2022/concordance/conc-10-stats-2022.xlsx,603892b51de70231,2026-09-07
5703301092,5703310000,conc-10-stats-2022.xlsx,https://www.cbsa-asfc.gc.ca/trade-commerce/tariff-tarif/2022/concordance/conc-10-stats-2022.xlsx,603892b51de70231,2026-09-07
5703301099,5703310000,conc-10-stats-2022.xlsx,https://www.cbsa-asfc.gc.ca/trade-commerce/tariff-tarif/2022/concordance/conc-10-stats-2022.xlsx,603892b51de70231,2026-09-07
5703301011,5703391010,conc-10-stats-2022.xlsx,https://www.cbsa-asfc.gc.ca/trade-commerce/tariff-tarif/2022/concordance/conc-10-stats-2022.xlsx,603892b51de70231,2026-09-07
5703301031,5703391010,conc-10-stats-2022.xlsx,https://www.cbsa-asfc.gc.ca/trade-commerce/tariff-tarif/2022/concordance/conc-10-stats-2022.xlsx,603892b51de70231,2026-09-07
5703301091,5703391010,conc-10-stats-2022.xlsx,https://www.cbsa-asfc.gc.ca/trade-commerce/tariff-tarif/2022/concordance/conc-10-stats-2022.xlsx,603892b51de70231,2026-09-07
5703301012,5703391020,conc-10-stats-2022.xlsx,https://www.cbsa-asfc.gc.ca/trade-commerce/tariff-tarif/2022/concordance/conc-10-stats-2022.xlsx,603892b51de70231,2026-09-07
5703301039,5703391020,conc-10-stats-2022.xlsx,https://www.cbsa-asfc.gc.ca/trade-commerce/tariff-tarif/2022/concordance/conc-10-stats-2022.xlsx,603892b51de70231,2026-09-07
5703301092,5703391020,conc-10-stats-2022.xlsx,https://www.cbsa-asfc.gc.ca/trade-commerce/tariff-tarif/2022/concordance/conc-10-stats-2022.xlsx,603892b51de70231,2026-09-07
5703301019,5703391090,conc-10-stats-2022.xlsx,https://www.cbsa-asfc.gc.ca/trade-commerce/tariff-tarif/2022/concordance/conc-10-stats-2022.xlsx,603892b51de70231,2026-09-07
5703301039,5703391090,conc-10-stats-2022.xlsx,https://www.cbsa-asfc.gc.ca/trade-commerce/tariff-tarif/2022/concordance/conc-10-stats-2022.xlsx,603892b51de70231,2026-09-07
5703301099,5703391090,conc-10-stats-2022.xlsx,https://www.cbsa-asfc.gc.ca/trade-commerce/tariff-tarif/2022/concordance/conc-10-stats-2022.xlsx,603892b51de70231,2026-09-07
5703309020,5703399010,conc-10-stats-2022.xlsx,https://www.cbsa-asfc.gc.ca/trade-commerce/tariff-tarif/2022/concordance/conc-10-stats-2022.xlsx,603892b51de70231,2026-09-07
5703309090,5703399090,conc-10-stats-2022.xlsx,https://www.cbsa-asfc.gc.ca/trade-commerce/tariff-tarif/2022/concordance/conc-10-stats-2022.xlsx,603892b51de70231,2026-09-07
5802110000,5802100000,conc-10-stats-2022.xlsx,https://www.cbsa-asfc.gc.ca/trade-commerce/tariff-tarif/2022/concordance/conc-10-stats-2022.xlsx,603892b51de70231,2026-09-07
5802190000,5802100000,conc-10-stats-2022.xlsx,https://www.cbsa-asfc.gc.ca/trade-commerce/tariff-tarif/2022/concordance/conc-10-stats-2022.xlsx,603892b51de70231,2026-09-07
6116100010,6116100010,conc-10-stats-2022.xlsx,https://www.cbsa-asfc.gc.ca/trade-commerce/tariff-tarif/2022/concordance/conc-10-stats-2022.xlsx,603892b51de70231,2026-09-07
6116910000,6116100010,conc-10-stats-2022.xlsx,https://www.cbsa-asfc.gc.ca/trade-commerce/tariff-tarif/2022/concordance/conc-10-stats-2022.xlsx,603892b51de70231,2026-09-07
6116920000,6116100010,conc-10-stats-2022.xlsx,https://www.cbsa-asfc.gc.ca/trade-commerce/tariff-tarif/2022/concordance/conc-10-stats-2022.xlsx,603892b51de70231,2026-09-07
6116930010,6116100010,conc-10-stats-2022.xlsx,https://www.cbsa-asfc.gc.ca/trade-commerce/tariff-tarif/2022/concordance/conc-10-stats-2022.xlsx,603892b51de70231,2026-09-07
6116930040,6116100010,conc-10-stats-2022.xlsx,https://www.cbsa-asfc.gc.ca/trade-commerce/tariff-tarif/2022/concordance/conc-10-stats-2022.xlsx,603892b51de70231,2026-09-07
6116930090,6116100010,conc-10-stats-2022.xlsx,https://www.cbsa-asfc.gc.ca/trade-commerce/tariff-tarif/2022/concordance/conc-10-stats-2022.xlsx,603892b51de70231,2026-09-07
6116990000,6116100010,conc-10-stats-2022.xlsx,https://www.cbsa-asfc.gc.ca/trade-commerce/tariff-tarif/2022/concordance/conc-10-stats-2022.xlsx,603892b51de70231,2026-09-07
6116100020,6116100020,conc-10-stats-2022.xlsx,https://www.cbsa-asfc.gc.ca/trade-commerce/tariff-tarif/2022/concordance/conc-10-stats-2022.xlsx,603892b51de70231,2026-09-07
6116910000,6116100020,conc-10-stats-2022.xlsx,https://www.cbsa-asfc.gc.ca/trade-commerce/tariff-tarif/2022/concordance/conc-10-stats-2022.xlsx,603892b51de70231,2026-09-07
6116920000,6116100020,conc-10-stats-2022.xlsx,https://www.cbsa-asfc.gc.ca/trade-commerce/tariff-tarif/2022/concordance/conc-10-stats-2022.xlsx,603892b51de70231,2026-09-07
6116930010,6116100020,conc-10-stats-2022.xlsx,https://www.cbsa-asfc.gc.ca/trade-commerce/tariff-tarif/2022/concordance/conc-10-stats-2022.xlsx,603892b51de70231,2026-09-07
6116930040,6116100020,conc-10-stats-2022.xlsx,https://www.cbsa-asfc.gc.ca/trade-commerce/tariff-tarif/2022/concordance/conc-10-stats-2022.xlsx,603892b51de70231,2026-09-07
6116930090,6116100020,conc-10-stats-2022.xlsx,https://www.cbsa-asfc.gc.ca/trade-commerce/tariff-tarif/2022/concordance/conc-10-stats-2022.xlsx,603892b51de70231,2026-09-07
6116990000,6116100020,conc-10-stats-2022.xlsx,https://www.cbsa-asfc.gc.ca/trade-commerce/tariff-tarif/2022/concordance/conc-10-stats-2022.xlsx,603892b51de70231,2026-09-07
6116910000,6116910000,conc-10-stats-2022.xlsx,https://www.cbsa-asfc.gc.ca/trade-commerce/tariff-tarif/2022/concordance/conc-10-stats-2022.xlsx,603892b51de70231,2026-09-07
6116920000,6116920000,conc-10-stats-2022.xlsx,https://www.cbsa-asfc.gc.ca/trade-commerce/tariff-tarif/2022/concordance/conc-10-stats-2022.xlsx,603892b51de70231,2026-09-07
6116930010,6116930010,conc-10-stats-2022.xlsx,https://www.cbsa-asfc.gc.ca/trade-commerce/tariff-tarif/2022/concordance/conc-10-stats-2022.xlsx,603892b51de70231,2026-09-07
6116930040,6116930040,conc-10-stats-2022.xlsx,https://www.cbsa-asfc.gc.ca/trade-commerce/tariff-tarif/2022/concordance/conc-10-stats-2022.xlsx,603892b51de70231,2026-09-07
6116930090,6116930090,conc-10-stats-2022.xlsx,https://www.cbsa-asfc.gc.ca/trade-commerce/tariff-tarif/2022/concordance/conc-10-stats-2022.xlsx,603892b51de70231,2026-09-07
6116990000,6116990000,conc-10-stats-2022.xlsx,https://www.cbsa-asfc.gc.ca/trade-commerce/tariff-tarif/2022/concordance/conc-10-stats-2022.xlsx,603892b51de70231,2026-09-07
6201110000,6201200000,conc-10-stats-2022.xlsx,https://www.cbsa-asfc.gc.ca/trade-commerce/tariff-tarif/2022/concordance/conc-10-stats-2022.xlsx,603892b51de70231,2026-09-07
6201910000,6201200000,conc-10-stats-2022.xlsx,https://www.cbsa-asfc.gc.ca/trade-commerce/tariff-tarif/2022/concordance/conc-10-stats-2022.xlsx,603892b51de70231,2026-09-07
6201921000,6201301000,conc-10-stats-2022.xlsx,https://www.cbsa-asfc.gc.ca/trade-commerce/tariff-tarif/2022/concordance/conc-10-stats-2022.xlsx,603892b51de70231,2026-09-07
6201120000,6201309000,conc-10-stats-2022.xlsx,https://www.cbsa-asfc.gc.ca/trade-commerce/tariff-tarif/2022/concordance/conc-10-stats-2022.xlsx,603892b51de70231,2026-09-07
6201929000,6201309000,conc-10-stats-2022.xlsx,https://www.cbsa-asfc.gc.ca/trade-commerce/tariff-tarif/2022/concordance/conc-10-stats-2022.xlsx,603892b51de70231,2026-09-07
6201130000,6201401000,conc-10-stats-2022.xlsx,https://www.cbsa-asfc.gc.ca/trade-commerce/tariff-tarif/2022/concordance/conc-10-stats-2022.xlsx,603892b51de70231,2026-09-07
6201930023,6201409011,conc-10-stats-2022.xlsx,https://www.cbsa-asfc.gc.ca/trade-commerce/tariff-tarif/2022/concordance/conc-10-stats-2022.xlsx,603892b51de70231,2026-09-07
6201930029,6201409019,conc-10-stats-2022.xlsx,https://www.cbsa-asfc.gc.ca/trade-commerce/tariff-tarif/2022/concordance/conc-10-stats-2022.xlsx,603892b51de70231,2026-09-07
6201930033,6201409021,conc-10-stats-2022.xlsx,https://www.cbsa-asfc.gc.ca/trade-commerce/tariff-tarif/2022/concordance/conc-10-stats-2022.xlsx,603892b51de70231,2026-09-07
6201930035,6201409022,conc-10-stats-2022.xlsx,https://www.cbsa-asfc.gc.ca/trade-commerce/tariff-tarif/2022/concordance/conc-10-stats-2022.xlsx,603892b51de70231,2026-09-07
6201930039,6201409029,conc-10-stats-2022.xlsx,https://www.cbsa-asfc.gc.ca/trade-commerce/tariff-tarif/2022/concordance/conc-10-stats-2022.xlsx,603892b51de70231,2026-09-07
6201190000,6201900000,conc-10-stats-2022.xlsx,https://www.cbsa-asfc.gc.ca/trade-commerce/tariff-tarif/2022/concordance/conc-10-stats-2022.xlsx,603892b51de70231,2026-09-07
6201990000,6201900000,conc-10-stats-2022.xlsx,https://www.cbsa-asfc.gc.ca/trade-commerce/tariff-tarif/2022/concordance/conc-10-stats-2022.xlsx,603892b51de70231,2026-09-07
6202110000,6202200000,conc-10-stats-2022.xlsx,https://www.cbsa-asfc.gc.ca/trade-commerce/tariff-tarif/2022/concordance/conc-10-stats-2022.xlsx,603892b51de70231,2026-09-07
6202910000,6202200000,conc-10-stats-2022.xlsx,https://www.cbsa-asfc.gc.ca/trade-commerce/tariff-tarif/2022/concordance/conc-10-stats-2022.xlsx,603892b51de70231,2026-09-07
6202120000,6202300010,conc-10-stats-2022.xlsx,https://www.cbsa-asfc.gc.ca/trade-commerce/tariff-tarif/2022/concordance/conc-10-stats-2022.xlsx,603892b51de70231,2026-09-07
6202920010,6202300010,conc-10-stats-2022.xlsx,https://www.cbsa-asfc.gc.ca/trade-commerce/tariff-tarif/2022/concordance/conc-10-stats-2022.xlsx,603892b51de70231,2026-09-07
6202120000,6202300090,conc-10-stats-2022.xlsx,https://www.cbsa-asfc.gc.ca/trade-commerce/tariff-tarif/2022/concordance/conc-10-stats-2022.xlsx,603892b51de70231,2026-09-07
6202920090,6202300090,conc-10-stats-2022.xlsx,https://www.cbsa-asfc.gc.ca/trade-commerce/tariff-tarif/2022/concordance/conc-10-stats-2022.xlsx,603892b51de70231,2026-09-07
6202130030,6202400010,conc-10-stats-2022.xlsx,https://www.cbsa-asfc.gc.ca/trade-commerce/tariff-tarif/2022/concordance/conc-10-stats-2022.xlsx,603892b51de70231,2026-09-07
6202930010,6202400010,conc-10-stats-2022.xlsx,https://www.cbsa-asfc.gc.ca/trade-commerce/tariff-tarif/2022/concordance/conc-10-stats-2022.xlsx,603892b51de70231,2026-09-07
6202930020,6202400010,conc-10-stats-2022.xlsx,https://www.cbsa-asfc.gc.ca/trade-commerce/tariff-tarif/2022/concordance/conc-10-stats-2022.xlsx,603892b51de70231,2026-09-07
6202130050,6202400020,conc-10-stats-2022.xlsx,https://www.cbsa-asfc.gc.ca/trade-commerce/tariff-tarif/2022/concordance/conc-10-stats-2022.xlsx,603892b51de70231,2026-09-07
6202930010,6202400020,conc-10-stats-2022.xlsx,https://www.cbsa-asfc.gc.ca/trade-commerce/tariff-tarif/2022/concordance/conc-10-stats-2022.xlsx,603892b51de70231,2026-09-07
6202930020,6202400020,conc-10-stats-2022.xlsx,https://www.cbsa-asfc.gc.ca/trade-commerce/tariff-tarif/2022/concordance/conc-10-stats-2022.xlsx,603892b51de70231,2026-09-07
6202130090,6202400090,conc-10-stats-2022.xlsx,https://www.cbsa-asfc.gc.ca/trade-commerce/tariff-tarif/2022/concordance/conc-10-stats-2022.xlsx,603892b51de70231,2026-09-07
6202930010,6202400090,conc-10-stats-2022.xlsx,https://www.cbsa-asfc.gc.ca/trade-commerce/tariff-tarif/2022/concordance/conc-10-stats-2022.xlsx,603892b51de70231,2026-09-07
6202930020,6202400090,conc-10-stats-2022.xlsx,https://www.cbsa-asfc.gc.ca/trade-commerce/tariff-tarif/2022/concordance/conc-10-stats-2022.xlsx,603892b51de70231,2026-09-07
6202190000,6202901000,conc-10-stats-2022.xlsx,https://www.cbsa-asfc.gc.ca/trade-commerce/tariff-tarif/2022/concordance/conc-10-stats-2022.xlsx,603892b51de70231,2026-09-07
6202990000,6202909000,conc-10-stats-2022.xlsx,https://www.cbsa-asfc.gc.ca/trade-commerce/tariff-tarif/2022/concordance/conc-10-stats-2022.xlsx,603892b51de70231,2026-09-07
6210401000,6210201000,conc-10-stats-2022.xlsx,https://www.cbsa-asfc.gc.ca/trade-commerce/tariff-tarif/2022/concordance/conc-10-stats-2022.xlsx,603892b51de70231,2026-09-07
6210200000,6210209000,conc-10-stats-2022.xlsx,https://www.cbsa-asfc.gc.ca/trade-commerce/tariff-tarif/2022/concordance/conc-10-stats-2022.xlsx,603892b51de70231,2026-09-07
6210409000,6210209000,conc-10-stats-2022.xlsx,https://www.cbsa-asfc.gc.ca/trade-commerce/tariff-tarif/2022/concordance/conc-10-stats-2022.xlsx,603892b51de70231,2026-09-07
6210501000,6210301000,conc-10-stats-2022.xlsx,https://www.cbsa-asfc.gc.ca/trade-commerce/tariff-tarif/2022/concordance/conc-10-stats-2022.xlsx,603892b51de70231,2026-09-07
6210300000,6210309000,conc-10-stats-2022.xlsx,https://www.cbsa-asfc.gc.ca/trade-commerce/tariff-tarif/2022/concordance/conc-10-stats-2022.xlsx,603892b51de70231,2026-09-07
6210509000,6210309000,conc-10-stats-2022.xlsx,https://www.cbsa-asfc.gc.ca/trade-commerce/tariff-tarif/2022/concordance/conc-10-stats-2022.xlsx,603892b51de70231,2026-09-07
6210401000,6210401000,conc-10-stats-2022.xlsx,https://www.cbsa-asfc.gc.ca/trade-commerce/tariff-tarif/2022/concordance/conc-10-stats-2022.xlsx,603892b51de70231,2026-09-07
6210409000,6210409000,conc-10-stats-2022.xlsx,https://www.cbsa-asfc.gc.ca/trade-commerce/tariff-tarif/2022/concordance/conc-10-stats-2022.xlsx,603892b51de70231,2026-09-07
6210501000,6210501000,conc-10-stats-2022.xlsx,https://www.cbsa-asfc.gc.ca/trade-commerce/tariff-tarif/2022/concordance/conc-10-stats-2022.xlsx,603892b51de70231,2026-09-07
6210509000,6210509000,conc-10-stats-2022.xlsx,https://www.cbsa-asfc.gc.ca/trade-commerce/tariff-tarif/2022/concordance/conc-10-stats-2022.xlsx,603892b51de70231,2026-09-07
6812920000,6812990000,conc-10-stats-2022.xlsx,https://www.cbsa-asfc.gc.ca/trade-commerce/tariff-tarif/2022/concordance/conc-10-stats-2022.xlsx,603892b51de70231,2026-09-07
6812930000,6812990000,conc-10-stats-2022.xlsx,https://www.cbsa-asfc.gc.ca/trade-commerce/tariff-tarif/2022/concordance/conc-10-stats-2022.xlsx,603892b51de70231,2026-09-07
6812990000,6812990000,conc-10-stats-2022.xlsx,https://www.cbsa-asfc.gc.ca/trade-commerce/tariff-tarif/2022/concordance/conc-10-stats-2022.xlsx,603892b51de70231,2026-09-07
6815999000,6815110000,conc-10-stats-2022.xlsx,https://www.cbsa-asfc.gc.ca/trade-commerce/tariff-tarif/2022/concordance/conc-10-stats-2022.xlsx,603892b51de70231,2026-09-07
6815999000,6815120000,conc-10-stats-2022.xlsx,https://www.cbsa-asfc.gc.ca/trade-commerce/tariff-tarif/2022/concordance/conc-10-stats-2022.xlsx,603892b51de70231,2026-09-07
6815999000,6815130000,conc-10-stats-2022.xlsx,https://www.cbsa-asfc.gc.ca/trade-commerce/tariff-tarif/2022/concordance/conc-10-stats-2022.xlsx,603892b51de70231,2026-09-07
6815100000,6815190000,conc-10-stats-2022.xlsx,https://www.cbsa-asfc.gc.ca/trade-commerce/tariff-tarif/2022/concordance/conc-10-stats-2022.xlsx,603892b51de70231,2026-09-07
6815910000,6815911000,conc-10-stats-2022.xlsx,https://www.cbsa-asfc.gc.ca/trade-commerce/tariff-tarif/2022/concordance/conc-10-stats-2022.xlsx,603892b51de70231,2026-09-07
6815991000,6815911000,conc-10-stats-2022.xlsx,https://www.cbsa-asfc.gc.ca/trade-commerce/tariff-tarif/2022/concordance/conc-10-stats-2022.xlsx,603892b51de70231,2026-09-07
6815999000,6815919000,conc-10-stats-2022.xlsx,https://www.cbsa-asfc.gc.ca/trade-commerce/tariff-tarif/2022/concordance/conc-10-stats-2022.xlsx,603892b51de70231,2026-09-07
6815991000,6815991000,conc-10-stats-2022.xlsx,https://www.cbsa-asfc.gc.ca/trade-commerce/tariff-tarif/2022/concordance/conc-10-stats-2022.xlsx,603892b51de70231,2026-09-07
6815999000,6815999000,conc-10-stats-2022.xlsx,https://www.cbsa-asfc.gc.ca/trade-commerce/tariff-tarif/2022/concordance/conc-10-stats-2022.xlsx,603892b51de70231,2026-09-07
7001000000,7001000000,conc-10-stats-2022.xlsx,https://www.cbsa-asfc.gc.ca/trade-commerce/tariff-tarif/2022/concordance/conc-10-stats-2022.xlsx,603892b51de70231,2026-09-07
7007110000,7007110000,conc-10-stats-2022.xlsx,https://www.cbsa-asfc.gc.ca/trade-commerce/tariff-tarif/2022/concordance/conc-10-stats-2022.xlsx,603892b51de70231,2026-09-07
7007190010,7007190010,conc-10-stats-2022.xlsx,https://www.cbsa-asfc.gc.ca/trade-commerce/tariff-tarif/2022/concordance/conc-10-stats-2022.xlsx,603892b51de70231,2026-09-07
7007190020,7007190020,conc-10-stats-2022.xlsx,https://www.cbsa-asfc.gc.ca/trade-commerce/tariff-tarif/2022/concordance/conc-10-stats-2022.xlsx,603892b51de70231,2026-09-07
7007190032,7007190032,conc-10-stats-2022.xlsx,https://www.cbsa-asfc.gc.ca/trade-commerce/tariff-tarif/2022/concordance/conc-10-stats-2022.xlsx,603892b51de70231,2026-09-07
7007190033,7007190033,conc-10-stats-2022.xlsx,https://www.cbsa-asfc.gc.ca/trade-commerce/tariff-tarif/2022/concordance/conc-10-stats-2022.xlsx,603892b51de70231,2026-09-07
7007210090,7007210000,conc-10-stats-2022.xlsx,https://www.cbsa-asfc.gc.ca/trade-commerce/tariff-tarif/2022/concordance/conc-10-stats-2022.xlsx,603892b51de70231,2026-09-07
7007290000,7007290000,conc-10-stats-2022.xlsx,https://www.cbsa-asfc.gc.ca/trade-commerce/tariff-tarif/2022/concordance/conc-10-stats-2022.xlsx,603892b51de70231,2026-09-07
7019190000,7019130000,conc-10-stats-2022.xlsx,https://www.cbsa-asfc.gc.ca/trade-commerce/tariff-tarif/2022/concordance/conc-10-stats-2022.xlsx,603892b51de70231,2026-09-07
7019310010,7019140000,conc-10-stats-2022.xlsx,https://www.cbsa-asfc.gc.ca/trade-commerce/tariff-tarif/2022/concordance/conc-10-stats-2022.xlsx,603892b51de70231,2026-09-07
7019310020,7019140000,conc-10-stats-2022.xlsx,https://www.cbsa-asfc.gc.ca/trade-commerce/tariff-tarif/2022/concordance/conc-10-stats-2022.xlsx,603892b51de70231,2026-09-07
7019310090,7019140000,conc-10-stats-2022.xlsx,https://www.cbsa-asfc.gc.ca/trade-commerce/tariff-tarif/2022/concordance/conc-10-stats-2022.xlsx,603892b51de70231,2026-09-07
7019310010,7019150000,conc-10-stats-2022.xlsx,https://www.cbsa-asfc.gc.ca/trade-commerce/tariff-tarif/2022/concordance/conc-10-stats-2022.xlsx,603892b51de70231,2026-09-07
7019310020,7019150000,conc-10-stats-2022.xlsx,https://www.cbsa-asfc.gc.ca/trade-commerce/tariff-tarif/2022/concordance/conc-10-stats-2022.xlsx,603892b51de70231,2026-09-07
7019310090,7019150000,conc-10-stats-2022.xlsx,https://www.cbsa-asfc.gc.ca/trade-commerce/tariff-tarif/2022/concordance/conc-10-stats-2022.xlsx,603892b51de70231,2026-09-07
7019190000,7019190000,conc-10-stats-2022.xlsx,https://www.cbsa-asfc.gc.ca/trade-commerce/tariff-tarif/2022/concordance/conc-10-stats-2022.xlsx,603892b51de70231,2026-09-07
7019310010,7019190000,conc-10-stats-2022.xlsx,https://www.cbsa-asfc.gc.ca/trade-commerce/tariff-tarif/2022/concordance/conc-10-stats-2022.xlsx,603892b51de70231,2026-09-07
7019310020,7019190000,conc-10-stats-2022.xlsx,https://www.cbsa-asfc.gc.ca/trade-commerce/tariff-tarif/2022/concordance/conc-10-stats-2022.xlsx,603892b51de70231,2026-09-07
7019310090,7019190000,conc-10-stats-2022.xlsx,https://www.cbsa-asfc.gc.ca/trade-commerce/tariff-tarif/2022/concordance/conc-10-stats-2022.xlsx,603892b51de70231,2026-09-07
7019400000,7019610000,conc-10-stats-2022.xlsx,https://www.cbsa-asfc.gc.ca/trade-commerce/tariff-tarif/2022/concordance/conc-10-stats-2022.xlsx,603892b51de70231,2026-09-07
7019390090,7019620000,conc-10-stats-2022.xlsx,https://www.cbsa-asfc.gc.ca/trade-commerce/tariff-tarif/2022/concordance/conc-10-stats-2022.xlsx,603892b51de70231,2026-09-07
7019510000,7019630000,conc-10-stats-2022.xlsx,https://www.cbsa-asfc.gc.ca/trade-commerce/tariff-tarif/2022/concordance/conc-10-stats-2022.xlsx,603892b51de70231,2026-09-07
7019520000,7019630000,conc-10-stats-2022.xlsx,https://www.cbsa-asfc.gc.ca/trade-commerce/tariff-tarif/2022/concordance/conc-10-stats-2022.xlsx,603892b51de70231,2026-09-07
7019590090,7019630000,conc-10-stats-2022.xlsx,https://www.cbsa-asfc.gc.ca/trade-commerce/tariff-tarif/2022/concordance/conc-10-stats-2022.xlsx,603892b51de70231,2026-09-07
7019510000,7019640000,conc-10-stats-2022.xlsx,https://www.cbsa-asfc.gc.ca/trade-commerce/tariff-tarif/2022/concordance/conc-10-stats-2022.xlsx,603892b51de70231,2026-09-07
7019520000,7019640000,conc-10-stats-2022.xlsx,https://www.cbsa-asfc.gc.ca/trade-commerce/tariff-tarif/2022/concordance/conc-10-stats-2022.xlsx,603892b51de70231,2026-09-07
7019590010,7019640000,conc-10-stats-2022.xlsx,https://www.cbsa-asfc.gc.ca/trade-commerce/tariff-tarif/2022/concordance/conc-10-stats-2022.xlsx,603892b51de70231,2026-09-07
7019590090,7019640000,conc-10-stats-2022.xlsx,https://www.cbsa-asfc.gc.ca/trade-commerce/tariff-tarif/2022/concordance/conc-10-stats-2022.xlsx,603892b51de70231,2026-09-07
7019400000,7019650000,conc-10-stats-2022.xlsx,https://www.cbsa-asfc.gc.ca/trade-commerce/tariff-tarif/2022/concordance/conc-10-stats-2022.xlsx,603892b51de70231,2026-09-07
7019510000,7019650000,conc-10-stats-2022.xlsx,https://www.cbsa-asfc.gc.ca/trade-commerce/tariff-tarif/2022/concordance/conc-10-stats-2022.xlsx,603892b51de70231,2026-09-07
7019400000,7019660000,conc-10-stats-2022.xlsx,https://www.cbsa-asfc.gc.ca/trade-commerce/tariff-tarif/2022/concordance/conc-10-stats-2022.xlsx,603892b51de70231,2026-09-07
7019520000,7019660000,conc-10-stats-2022.xlsx,https://www.cbsa-asfc.gc.ca/trade-commerce/tariff-tarif/2022/concordance/conc-10-stats-2022.xlsx,603892b51de70231,2026-09-07
7019590010,7019660000,conc-10-stats-2022.xlsx,https://www.cbsa-asfc.gc.ca/trade-commerce/tariff-tarif/2022/concordance/conc-10-stats-2022.xlsx,603892b51de70231,2026-09-07
7019590090,7019660000,conc-10-stats-2022.xlsx,https://www.cbsa-asfc.gc.ca/trade-commerce/tariff-tarif/2022/concordance/conc-10-stats-2022.xlsx,603892b51de70231,2026-09-07
7019390090,7019690000,conc-10-stats-2022.xlsx,https://www.cbsa-asfc.gc.ca/trade-commerce/tariff-tarif/2022/concordance/conc-10-stats-2022.xlsx,603892b51de70231,2026-09-07
7019510000,7019690000,conc-10-stats-2022.xlsx,https://www.cbsa-asfc.gc.ca/trade-commerce/tariff-tarif/2022/concordance/conc-10-stats-2022.xlsx,603892b51de70231,2026-09-07
7019590010,7019690000,conc-10-stats-2022.xlsx,https://www.cbsa-asfc.gc.ca/trade-commerce/tariff-tarif/2022/concordance/conc-10-stats-2022.xlsx,603892b51de70231,2026-09-07
7019590090,7019690000,conc-10-stats-2022.xlsx,https://www.cbsa-asfc.gc.ca/trade-commerce/tariff-tarif/2022/concordance/conc-10-stats-2022.xlsx,603892b51de70231,2026-09-07
7019320000,7019710000,conc-10-stats-2022.xlsx,https://www.cbsa-asfc.gc.ca/trade-commerce/tariff-tarif/2022/concordance/conc-10-stats-2022.xlsx,603892b51de70231,2026-09-07
7019390090,7019720000,conc-10-stats-2022.xlsx,https://www.cbsa-asfc.gc.ca/trade-commerce/tariff-tarif/2022/concordance/conc-10-stats-2022.xlsx,603892b51de70231,2026-09-07
7019390090,7019730000,conc-10-stats-2022.xlsx,https://www.cbsa-asfc.gc.ca/trade-commerce/tariff-tarif/2022/concordance/conc-10-stats-2022.xlsx,603892b51de70231,2026-09-07
7019390021,7019800011,conc-10-stats-2022.xlsx,https://www.cbsa-asfc.gc.ca/trade-commerce/tariff-tarif/2022/concordance/conc-10-stats-2022.xlsx,603892b51de70231,2026-09-07
7019390029,7019800019,conc-10-stats-2022.xlsx,https://www.cbsa-asfc.gc.ca/trade-commerce/tariff-tarif/2022/concordance/conc-10-stats-2022.xlsx,603892b51de70231,2026-09-07
7019390090,7019800090,conc-10-stats-2022.xlsx,https://www.cbsa-asfc.gc.ca/trade-commerce/tariff-tarif/2022/concordance/conc-10-stats-2022.xlsx,603892b51de70231,2026-09-07
7019900090,7019800090,conc-10-stats-2022.xlsx,https://www.cbsa-asfc.gc.ca/trade-commerce/tariff-tarif/2022/concordance/conc-10-stats-2022.xlsx,603892b51de70231,2026-09-07
7019390090,7019900090,conc-10-stats-2022.xlsx,https://www.cbsa-asfc.gc.ca/trade-commerce/tariff-tarif/2022/concordance/conc-10-stats-2022.xlsx,603892b51de70231,2026-09-07
7019400000,7019900090,conc-10-stats-2022.xlsx,https://www.cbsa-asfc.gc.ca/trade-commerce/tariff-tarif/2022/concordance/conc-10-stats-2022.xlsx,603892b51de70231,2026-09-07
7019510000,7019900090,conc-10-stats-2022.xlsx,https://www.cbsa-asfc.gc.ca/trade-commerce/tariff-tarif/2022/concordance/conc-10-stats-2022.xlsx,603892b51de70231,2026-09-07
7019520000,7019900090,conc-10-stats-2022.xlsx,https://www.cbsa-asfc.gc.ca/trade-commerce/tariff-tarif/2022/concordance/conc-10-stats-2022.xlsx,603892b51de70231,2026-09-07
7019590090,7019900090,conc-10-stats-2022.xlsx,https://www.cbsa-asfc.gc.ca/trade-commerce/tariff-tarif/2022/concordance/conc-10-stats-2022.xlsx,603892b51de70231,2026-09-07
7019900090,7019900090,conc-10-stats-2022.xlsx,https://www.cbsa-asfc.gc.ca/trade-commerce/tariff-tarif/2022/concordance/conc-10-stats-2022.xlsx,603892b51de70231,2026-09-07
7104200010,7104210000,conc-10-stats-2022.xlsx,https://www.cbsa-asfc.gc.ca/trade-commerce/tariff-tarif/2022/concordance/conc-10-stats-2022.xlsx,603892b51de70231,2026-09-07
7104200090,7104290000,conc-10-stats-2022.xlsx,https://www.cbsa-asfc.gc.ca/trade-commerce/tariff-tarif/2022/concordance/conc-10-stats-2022.xlsx,603892b51de70231,2026-09-07
7104900010,7104910000,conc-10-stats-2022.xlsx,https://www.cbsa-asfc.gc.ca/trade-commerce/tariff-tarif/2022/concordance/conc-10-stats-2022.xlsx,603892b51de70231,2026-09-07
7104900090,7104990000,conc-10-stats-2022.xlsx,https://www.cbsa-asfc.gc.ca/trade-commerce/tariff-tarif/2022/concordance/conc-10-stats-2022.xlsx,603892b51de70231,2026-09-07
7112910010,7112910010,conc-10-stats-2022.xlsx,https://www.cbsa-asfc.gc.ca/trade-commerce/tariff-tarif/2022/concordance/conc-10-stats-2022.xlsx,603892b51de70231,2026-09-07
7112910090,7112910090,conc-10-stats-2022.xlsx,https://www.cbsa-asfc.gc.ca/trade-commerce/tariff-tarif/2022/concordance/conc-10-stats-2022.xlsx,603892b51de70231,2026-09-07
7112920000,7112920000,conc-10-stats-2022.xlsx,https://www.cbsa-asfc.gc.ca/trade-commerce/tariff-tarif/2022/concordance/conc-10-stats-2022.xlsx,603892b51de70231,2026-09-07
7112990000,7112990000,conc-10-stats-2022.xlsx,https://www.cbsa-asfc.gc.ca/trade-commerce/tariff-tarif/2022/concordance/conc-10-stats-2022.xlsx,603892b51de70231,2026-09-07
7317000000,7317000000,conc-10-stats-2022.xlsx,https://www.cbsa-asfc.gc.ca/trade-commerce/tariff-tarif/2022/concordance/conc-10-stats-2022.xlsx,603892b51de70231,2026-09-07
7318140000,7318140000,conc-10-stats-2022.xlsx,https://www.cbsa-asfc.gc.ca/trade-commerce/tariff-tarif/2022/concordance/conc-10-stats-2022.xlsx,603892b51de70231,2026-09-07
7318150010,7318150010,conc-10-stats-2022.xlsx,https://www.cbsa-asfc.gc.ca/trade-commerce/tariff-tarif/2022/concordance/conc-10-stats-2022.xlsx,603892b51de70231,2026-09-07
7318150042,7318150042,conc-10-stats-2022.xlsx,https://www.cbsa-asfc.gc.ca/trade-commerce/tariff-tarif/2022/concordance/conc-10-stats-2022.xlsx,603892b51de70231,2026-09-07
7318150045,7318150045,conc-10-stats-2022.xlsx,https://www.cbsa-asfc.gc.ca/trade-commerce/tariff-tarif/2022/concordance/conc-10-stats-2022.xlsx,603892b51de70231,2026-09-07
7318150049,7318150049,conc-10-stats-2022.xlsx,https://www.cbsa-asfc.gc.ca/trade-commerce/tariff-tarif/2022/concordance/conc-10-stats-2022.xlsx,603892b51de70231,2026-09-07
7318160010,7318160010,conc-10-stats-2022.xlsx,https://www.cbsa-asfc.gc.ca/trade-commerce/tariff-tarif/2022/concordance/conc-10-stats-2022.xlsx,603892b51de70231,2026-09-07
7318160090,7318160090,conc-10-stats-2022.xlsx,https://www.cbsa-asfc.gc.ca/trade-commerce/tariff-tarif/2022/concordance/conc-10-stats-2022.xlsx,603892b51de70231,2026-09-07
7318190000,7318190000,conc-10-stats-2022.xlsx,https://www.cbsa-asfc.gc.ca/trade-commerce/tariff-tarif/2022/concordance/conc-10-stats-2022.xlsx,603892b51de70231,2026-09-07
7318220000,7318220000,conc-10-stats-2022.xlsx,https://www.cbsa-asfc.gc.ca/trade-commerce/tariff-tarif/2022/concordance/conc-10-stats-2022.xlsx,603892b51de70231,2026-09-07
7318240000,7318240000,conc-10-stats-2022.xlsx,https://www.cbsa-asfc.gc.ca/trade-commerce/tariff-tarif/2022/concordance/conc-10-stats-2022.xlsx,603892b51de70231,2026-09-07
7318290000,7318290000,conc-10-stats-2022.xlsx,https://www.cbsa-asfc.gc.ca/trade-commerce/tariff-tarif/2022/concordance/conc-10-stats-2022.xlsx,603892b51de70231,2026-09-07
7419911000,7419201000,conc-10-stats-2022.xlsx,https://www.cbsa-asfc.gc.ca/trade-commerce/tariff-tarif/2022/concordance/conc-10-stats-2022.xlsx,603892b51de70231,2026-09-07
7419919100,7419209100,conc-10-stats-2022.xlsx,https://www.cbsa-asfc.gc.ca/trade-commerce/tariff-tarif/2022/concordance/conc-10-stats-2022.xlsx,603892b51de70231,2026-09-07
7419100000,7419209900,conc-10-stats-2022.xlsx,https://www.cbsa-asfc.gc.ca/trade-commerce/tariff-tarif/2022/concordance/conc-10-stats-2022.xlsx,603892b51de70231,2026-09-07
7419919900,7419209900,conc-10-stats-2022.xlsx,https://www.cbsa-asfc.gc.ca/trade-commerce/tariff-tarif/2022/concordance/conc-10-stats-2022.xlsx,603892b51de70231,2026-09-07
7419991000,7419801000,conc-10-stats-2022.xlsx,https://www.cbsa-asfc.gc.ca/trade-commerce/tariff-tarif/2022/concordance/conc-10-stats-2022.xlsx,603892b51de70231,2026-09-07
7419992000,7419802000,conc-10-stats-2022.xlsx,https://www.cbsa-asfc.gc.ca/trade-commerce/tariff-tarif/2022/concordance/conc-10-stats-2022.xlsx,603892b51de70231,2026-09-07
7419999040,7419809010,conc-10-stats-2022.xlsx,https://www.cbsa-asfc.gc.ca/trade-commerce/tariff-tarif/2022/concordance/conc-10-stats-2022.xlsx,603892b51de70231,2026-09-07
7419100000,7419809090,conc-10-stats-2022.xlsx,https://www.cbsa-asfc.gc.ca/trade-commerce/tariff-tarif/2022/concordance/conc-10-stats-2022.xlsx,603892b51de70231,2026-09-07
7419999090,7419809090,conc-10-stats-2022.xlsx,https://www.cbsa-asfc.gc.ca/trade-commerce/tariff-tarif/2022/concordance/conc-10-stats-2022.xlsx,603892b51de70231,2026-09-07
8103900000,8103910000,conc-10-stats-2022.xlsx,https://www.cbsa-asfc.gc.ca/trade-commerce/tariff-tarif/2022/concordance/conc-10-stats-2022.xlsx,603892b51de70231,2026-09-07
8103900000,8103990000,conc-10-stats-2022.xlsx,https://www.cbsa-asfc.gc.ca/trade-commerce/tariff-tarif/2022/concordance/conc-10-stats-2022.xlsx,603892b51de70231,2026-09-07
8106000000,8106100000,conc-10-stats-2022.xlsx,https://www.cbsa-asfc.gc.ca/trade-commerce/tariff-tarif/2022/concordance/conc-10-stats-2022.xlsx,603892b51de70231,2026-09-07
8106000000,8106900000,conc-10-stats-2022.xlsx,https://www.cbsa-asfc.gc.ca/trade-commerce/tariff-tarif/2022/concordance/conc-10-stats-2022.xlsx,603892b51de70231,2026-09-07
8108900010,8108900010,conc-10-stats-2022.xlsx,https://www.cbsa-asfc.gc.ca/trade-commerce/tariff-tarif/2022/concordance/conc-10-stats-2022.xlsx,603892b51de70231,2026-09-07
8108900020,8108900020,conc-10-stats-2022.xlsx,https://www.cbsa-asfc.gc.ca/trade-commerce/tariff-tarif/2022/concordance/conc-10-stats-2022.xlsx,603892b51de70231,2026-09-07
8108900090,8108900090,conc-10-stats-2022.xlsx,https://www.cbsa-asfc.gc.ca/trade-commerce/tariff-tarif/2022/concordance/conc-10-stats-2022.xlsx,603892b51de70231,2026-09-07
8109200000,8109210000,conc-10-stats-2022.xlsx,https://www.cbsa-asfc.gc.ca/trade-commerce/tariff-tarif/2022/concordance/conc-10-stats-2022.xlsx,603892b51de70231,2026-09-07
8109200000,8109290000,conc-10-stats-2022.xlsx,https://www.cbsa-asfc.gc.ca/trade-commerce/tariff-tarif/2022/concordance/conc-10-stats-2022.xlsx,603892b51de70231,2026-09-07
8109300000,8109310000,conc-10-stats-2022.xlsx,https://www.cbsa-asfc.gc.ca/trade-commerce/tariff-tarif/2022/concordance/conc-10-stats-2022.xlsx,603892b51de70231,2026-09-07
8109300000,8109390000,conc-10-stats-2022.xlsx,https://www.cbsa-asfc.gc.ca/trade-commerce/tariff-tarif/2022/concordance/conc-10-stats-2022.xlsx,603892b51de70231,2026-09-07
8109900000,8109910000,conc-10-stats-2022.xlsx,https://www.cbsa-asfc.gc.ca/trade-commerce/tariff-tarif/2022/concordance/conc-10-stats-2022.xlsx,603892b51de70231,2026-09-07
8109900000,8109990000,conc-10-stats-2022.xlsx,https://www.cbsa-asfc.gc.ca/trade-commerce/tariff-tarif/2022/concordance/conc-10-stats-2022.xlsx,603892b51de70231,2026-09-07
8112920000,8112310000,conc-10-stats-2022.xlsx,https://www.cbsa-asfc.gc.ca/trade-commerce/tariff-tarif/2022/concordance/conc-10-stats-2022.xlsx,603892b51de70231,2026-09-07
8112990000,8112390000,conc-10-stats-2022.xlsx,https://www.cbsa-asfc.gc.ca/trade-commerce/tariff-tarif/2022/concordance/conc-10-stats-2022.xlsx,603892b51de70231,2026-09-07
8112920000,8112410000,conc-10-stats-2022.xlsx,https://www.cbsa-asfc.gc.ca/trade-commerce/tariff-tarif/2022/concordance/conc-10-stats-2022.xlsx,603892b51de70231,2026-09-07
8112990000,8112490000,conc-10-stats-2022.xlsx,https://www.cbsa-asfc.gc.ca/trade-commerce/tariff-tarif/2022/concordance/conc-10-stats-2022.xlsx,603892b51de70231,2026-09-07
8107300000,8112610000,conc-10-stats-2022.xlsx,https://www.cbsa-asfc.gc.ca/trade-commerce/tariff-tarif/2022/concordance/conc-10-stats-2022.xlsx,603892b51de70231,2026-09-07
8107200000,8112690000,conc-10-stats-2022.xlsx,https://www.cbsa-asfc.gc.ca/trade-commerce/tariff-tarif/2022/concordance/conc-10-stats-2022.xlsx,603892b51de70231,2026-09-07
8107900000,8112690000,conc-10-stats-2022.xlsx,https://www.cbsa-asfc.gc.ca/trade-commerce/tariff-tarif/2022/concordance/conc-10-stats-2022.xlsx,603892b51de70231,2026-09-07
8112920000,8112920000,conc-10-stats-2022.xlsx,https://www.cbsa-asfc.gc.ca/trade-commerce/tariff-tarif/2022/concordance/conc-10-stats-2022.xlsx,603892b51de70231,2026-09-07
8112990000,8112990000,conc-10-stats-2022.xlsx,https://www.cbsa-asfc.gc.ca/trade-commerce/tariff-tarif/2022/concordance/conc-10-stats-2022.xlsx,603892b51de70231,2026-09-07
8414809090,8414700000,conc-10-stats-2022.xlsx,https://www.cbsa-asfc.gc.ca/trade-commerce/tariff-tarif/2022/concordance/conc-10-stats-2022.xlsx,603892b51de70231,2026-09-07
8421399090,8414700000,conc-10-stats-2022.xlsx,https://www.cbsa-asfc.gc.ca/trade-commerce/tariff-tarif/2022/concordance/conc-10-stats-2022.xlsx,603892b51de70231,2026-09-07
8414809090,8414809090,conc-10-stats-2022.xlsx,https://www.cbsa-asfc.gc.ca/trade-commerce/tariff-tarif/2022/concordance/conc-10-stats-2022.xlsx,603892b51de70231,2026-09-07
8414909090,8414909090,conc-10-stats-2022.xlsx,https://www.cbsa-asfc.gc.ca/trade-commerce/tariff-tarif/2022/concordance/conc-10-stats-2022.xlsx,603892b51de70231,2026-09-07
8421990090,8414909090,conc-10-stats-2022.xlsx,https://www.cbsa-asfc.gc.ca/trade-commerce/tariff-tarif/2022/concordance/conc-10-stats-2022.xlsx,603892b51de70231,2026-09-07
8415903000,8415903000,conc-10-stats-2022.xlsx,https://www.cbsa-asfc.gc.ca/trade-commerce/tariff-tarif/2022/concordance/conc-10-stats-2022.xlsx,603892b51de70231,2026-09-07
8418501000,8418102000,conc-10-stats-2022.xlsx,https://www.cbsa-asfc.gc.ca/trade-commerce/tariff-tarif/2022/concordance/conc-10-stats-2022.xlsx,603892b51de70231,2026-09-07
8418501000,8418501000,conc-10-stats-2022.xlsx,https://www.cbsa-asfc.gc.ca/trade-commerce/tariff-tarif/2022/concordance/conc-10-stats-2022.xlsx,603892b51de70231,2026-09-07
8419190010,8419120000,conc-10-stats-2022.xlsx,https://www.cbsa-asfc.gc.ca/trade-commerce/tariff-tarif/2022/concordance/conc-10-stats-2022.xlsx,603892b51de70231,2026-09-07
8419190090,8419120000,conc-10-stats-2022.xlsx,https://www.cbsa-asfc.gc.ca/trade-commerce/tariff-tarif/2022/concordance/conc-10-stats-2022.xlsx,603892b51de70231,2026-09-07
8419190010,8419190010,conc-10-stats-2022.xlsx,https://www.cbsa-asfc.gc.ca/trade-commerce/tariff-tarif/2022/concordance/conc-10-stats-2022.xlsx,603892b51de70231,2026-09-07
8419190090,8419190090,conc-10-stats-2022.xlsx,https://www.cbsa-asfc.gc.ca/trade-commerce/tariff-tarif/2022/concordance/conc-10-stats-2022.xlsx,603892b51de70231,2026-09-07
8419310000,8419330000,conc-10-stats-2022.xlsx,https://www.cbsa-asfc.gc.ca/trade-commerce/tariff-tarif/2022/concordance/conc-10-stats-2022.xlsx,603892b51de70231,2026-09-07
8419320090,8419330000,conc-10-stats-2022.xlsx,https://www.cbsa-asfc.gc.ca/trade-commerce/tariff-tarif/2022/concordance/conc-10-stats-2022.xlsx,603892b51de70231,2026-09-07
8419390010,8419330000,conc-10-stats-2022.xlsx,https://www.cbsa-asfc.gc.ca/trade-commerce/tariff-tarif/2022/concordance/conc-10-stats-2022.xlsx,603892b51de70231,2026-09-07
8419390090,8419330000,conc-10-stats-2022.xlsx,https://www.cbsa-asfc.gc.ca/trade-commerce/tariff-tarif/2022/concordance/conc-10-stats-2022.xlsx,603892b51de70231,2026-09-07
8419310000,8419340000,conc-10-stats-2022.xlsx,https://www.cbsa-asfc.gc.ca/trade-commerce/tariff-tarif/2022/concordance/conc-10-stats-2022.xlsx,603892b51de70231,2026-09-07
8419320010,8419350010,conc-10-stats-2022.xlsx,https://www.cbsa-asfc.gc.ca/trade-commerce/tariff-tarif/2022/concordance/conc-10-stats-2022.xlsx,603892b51de70231,2026-09-07
8419320090,8419350090,conc-10-stats-2022.xlsx,https://www.cbsa-asfc.gc.ca/trade-commerce/tariff-tarif/2022/concordance/conc-10-stats-2022.xlsx,603892b51de70231,2026-09-07
8419390010,8419390010,conc-10-stats-2022.xlsx,https://www.cbsa-asfc.gc.ca/trade-commerce/tariff-tarif/2022/concordance/conc-10-stats-2022.xlsx,603892b51de70231,2026-09-07
8419390090,8419390090,conc-10-stats-2022.xlsx,https://www.cbsa-asfc.gc.ca/trade-commerce/tariff-tarif/2022/concordance/conc-10-stats-2022.xlsx,603892b51de70231,2026-09-07
8419900010,8419900010,conc-10-stats-2022.xlsx,https://www.cbsa-asfc.gc.ca/trade-commerce/tariff-tarif/2022/concordance/conc-10-stats-2022.xlsx,603892b51de70231,2026-09-07
8419900020,8419900020,conc-10-stats-2022.xlsx,https://www.cbsa-asfc.gc.ca/trade-commerce/tariff-tarif/2022/concordance/conc-10-stats-2022.xlsx,603892b51de70231,2026-09-07
8419900030,8419900030,conc-10-stats-2022.xlsx,https://www.cbsa-asfc.gc.ca/trade-commerce/tariff-tarif/2022/concordance/conc-10-stats-2022.xlsx,603892b51de70231,2026-09-07
8419900090,8419900090,conc-10-stats-2022.xlsx,https://www.cbsa-asfc.gc.ca/trade-commerce/tariff-tarif/2022/concordance/conc-10-stats-2022.xlsx,603892b51de70231,2026-09-07
8421392000,8421320000,conc-10-stats-2022.xlsx,https://www.cbsa-asfc.gc.ca/trade-commerce/tariff-tarif/2022/concordance/conc-10-stats-2022.xlsx,603892b51de70231,2026-09-07
8421399090,8421320000,conc-10-stats-2022.xlsx,https://www.cbsa-asfc.gc.ca/trade-commerce/tariff-tarif/2022/concordance/conc-10-stats-2022.xlsx,603892b51de70231,2026-09-07
8421399010,8421390010,conc-10-stats-2022.xlsx,https://www.cbsa-asfc.gc.ca/trade-commerce/tariff-tarif/2022/concordance/conc-10-stats-2022.xlsx,603892b51de70231,2026-09-07
8421399030,8421390020,conc-10-stats-2022.xlsx,https://www.cbsa-asfc.gc.ca/trade-commerce/tariff-tarif/2022/concordance/conc-10-stats-2022.xlsx,603892b51de70231,2026-09-07
8421399040,8421390030,conc-10-stats-2022.xlsx,https://www.cbsa-asfc.gc.ca/trade-commerce/tariff-tarif/2022/concordance/conc-10-stats-2022.xlsx,603892b51de70231,2026-09-07
8421399050,8421390040,conc-10-stats-2022.xlsx,https://www.cbsa-asfc.gc.ca/trade-commerce/tariff-tarif/2022/concordance/conc-10-stats-2022.xlsx,603892b51de70231,2026-09-07
8421399090,8421390090,conc-10-stats-2022.xlsx,https://www.cbsa-asfc.gc.ca/trade-commerce/tariff-tarif/2022/concordance/conc-10-stats-2022.xlsx,603892b51de70231,2026-09-07
8421990090,8421990090,conc-10-stats-2022.xlsx,https://www.cbsa-asfc.gc.ca/trade-commerce/tariff-tarif/2022/concordance/conc-10-stats-2022.xlsx,603892b51de70231,2026-09-07
8423900000,8423900000,conc-10-stats-2022.xlsx,https://www.cbsa-asfc.gc.ca/trade-commerce/tariff-tarif/2022/concordance/conc-10-stats-2022.xlsx,603892b51de70231,2026-09-07
8428900060,8428700000,conc-10-stats-2022.xlsx,https://www.cbsa-asfc.gc.ca/trade-commerce/tariff-tarif/2022/concordance/conc-10-stats-2022.xlsx,603892b51de70231,2026-09-07
8431100090,8431100090,conc-10-stats-2022.xlsx,https://www.cbsa-asfc.gc.ca/trade-commerce/tariff-tarif/2022/concordance/conc-10-stats-2022.xlsx,603892b51de70231,2026-09-07
8431200000,8431200000,conc-10-stats-2022.xlsx,https://www.cbsa-asfc.gc.ca/trade-commerce/tariff-tarif/2022/concordance/conc-10-stats-2022.xlsx,603892b51de70231,2026-09-07
8431310010,8431310010,conc-10-stats-2022.xlsx,https://www.cbsa-asfc.gc.ca/trade-commerce/tariff-tarif/2022/concordance/conc-10-stats-2022.xlsx,603892b51de70231,2026-09-07
8431310020,8431310020,conc-10-stats-2022.xlsx,https://www.cbsa-asfc.gc.ca/trade-commerce/tariff-tarif/2022/concordance/conc-10-stats-2022.xlsx,603892b51de70231,2026-09-07
8431310030,8431310030,conc-10-stats-2022.xlsx,https://www.cbsa-asfc.gc.ca/trade-commerce/tariff-tarif/2022/concordance/conc-10-stats-2022.xlsx,603892b51de70231,2026-09-07
8431390010,8431390010,conc-10-stats-2022.xlsx,https://www.cbsa-asfc.gc.ca/trade-commerce/tariff-tarif/2022/concordance/conc-10-stats-2022.xlsx,603892b51de70231,2026-09-07
8431390020,8431390020,conc-10-stats-2022.xlsx,https://www.cbsa-asfc.gc.ca/trade-commerce/tariff-tarif/2022/concordance/conc-10-stats-2022.xlsx,603892b51de70231,2026-09-07
8431390090,8431390090,conc-10-stats-2022.xlsx,https://www.cbsa-asfc.gc.ca/trade-commerce/tariff-tarif/2022/concordance/conc-10-stats-2022.xlsx,603892b51de70231,2026-09-07
8431430020,8431430020,conc-10-stats-2022.xlsx,https://www.cbsa-asfc.gc.ca/trade-commerce/tariff-tarif/2022/concordance/conc-10-stats-2022.xlsx,603892b51de70231,2026-09-07
8431430090,8431430090,conc-10-stats-2022.xlsx,https://www.cbsa-asfc.gc.ca/trade-commerce/tariff-tarif/2022/concordance/conc-10-stats-2022.xlsx,603892b51de70231,2026-09-07
8431490011,8431490011,conc-10-stats-2022.xlsx,https://www.cbsa-asfc.gc.ca/trade-commerce/tariff-tarif/2022/concordance/conc-10-stats-2022.xlsx,603892b51de70231,2026-09-07
8431490012,8431490012,conc-10-stats-2022.xlsx,https://www.cbsa-asfc.gc.ca/trade-commerce/tariff-tarif/2022/concordance/conc-10-stats-2022.xlsx,603892b51de70231,2026-09-07
8431490019,8431490019,conc-10-stats-2022.xlsx,https://www.cbsa-asfc.gc.ca/trade-commerce/tariff-tarif/2022/concordance/conc-10-stats-2022.xlsx,603892b51de70231,2026-09-07
8431490091,8431490091,conc-10-stats-2022.xlsx,https://www.cbsa-asfc.gc.ca/trade-commerce/tariff-tarif/2022/concordance/conc-10-stats-2022.xlsx,603892b51de70231,2026-09-07
8431490092,8431490092,conc-10-stats-2022.xlsx,https://www.cbsa-asfc.gc.ca/trade-commerce/tariff-tarif/2022/concordance/conc-10-stats-2022.xlsx,603892b51de70231,2026-09-07
8431490099,8431490099,conc-10-stats-2022.xlsx,https://www.cbsa-asfc.gc.ca/trade-commerce/tariff-tarif/2022/concordance/conc-10-stats-2022.xlsx,603892b51de70231,2026-09-07
8438800000,8438800000,conc-10-stats-2022.xlsx,https://www.cbsa-asfc.gc.ca/trade-commerce/tariff-tarif/2022/concordance/conc-10-stats-2022.xlsx,603892b51de70231,2026-09-07
8441800000,8441800000,conc-10-stats-2022.xlsx,https://www.cbsa-asfc.gc.ca/trade-commerce/tariff-tarif/2022/concordance/conc-10-stats-2022.xlsx,603892b51de70231,2026-09-07
8443990090,8443990090,conc-10-stats-2022.xlsx,https://www.cbsa-asfc.gc.ca/trade-commerce/tariff-tarif/2022/concordance/conc-10-stats-2022.xlsx,603892b51de70231,2026-09-07
8462100090,8462110000,conc-10-stats-2022.xlsx,https://www.cbsa-asfc.gc.ca/trade-commerce/tariff-tarif/2022/concordance/conc-10-stats-2022.xlsx,603892b51de70231,2026-09-07
8462100090,8462190000,conc-10-stats-2022.xlsx,https://www.cbsa-asfc.gc.ca/trade-commerce/tariff-tarif/2022/concordance/conc-10-stats-2022.xlsx,603892b51de70231,2026-09-07
8462210090,8462221000,conc-10-stats-2022.xlsx,https://www.cbsa-asfc.gc.ca/trade-commerce/tariff-tarif/2022/concordance/conc-10-stats-2022.xlsx,603892b51de70231,2026-09-07
8462290000,8462229000,conc-10-stats-2022.xlsx,https://www.cbsa-asfc.gc.ca/trade-commerce/tariff-tarif/2022/concordance/conc-10-stats-2022.xlsx,603892b51de70231,2026-09-07
8462210010,8462230000,conc-10-stats-2022.xlsx,https://www.cbsa-asfc.gc.ca/trade-commerce/tariff-tarif/2022/concordance/conc-10-stats-2022.xlsx,603892b51de70231,2026-09-07
8462210090,8462240000,conc-10-stats-2022.xlsx,https://www.cbsa-asfc.gc.ca/trade-commerce/tariff-tarif/2022/concordance/conc-10-stats-2022.xlsx,603892b51de70231,2026-09-07
8462210090,8462250000,conc-10-stats-2022.xlsx,https://www.cbsa-asfc.gc.ca/trade-commerce/tariff-tarif/2022/concordance/conc-10-stats-2022.xlsx,603892b51de70231,2026-09-07
8462210090,8462260000,conc-10-stats-2022.xlsx,https://www.cbsa-asfc.gc.ca/trade-commerce/tariff-tarif/2022/concordance/conc-10-stats-2022.xlsx,603892b51de70231,2026-09-07
8462210090,8462291000,conc-10-stats-2022.xlsx,https://www.cbsa-asfc.gc.ca/trade-commerce/tariff-tarif/2022/concordance/conc-10-stats-2022.xlsx,603892b51de70231,2026-09-07
8462290000,8462299000,conc-10-stats-2022.xlsx,https://www.cbsa-asfc.gc.ca/trade-commerce/tariff-tarif/2022/concordance/conc-10-stats-2022.xlsx,603892b51de70231,2026-09-07
8462310000,8462320000,conc-10-stats-2022.xlsx,https://www.cbsa-asfc.gc.ca/trade-commerce/tariff-tarif/2022/concordance/conc-10-stats-2022.xlsx,603892b51de70231,2026-09-07
8462390000,8462320000,conc-10-stats-2022.xlsx,https://www.cbsa-asfc.gc.ca/trade-commerce/tariff-tarif/2022/concordance/conc-10-stats-2022.xlsx,603892b51de70231,2026-09-07
8462310000,8462330000,conc-10-stats-2022.xlsx,https://www.cbsa-asfc.gc.ca/trade-commerce/tariff-tarif/2022/concordance/conc-10-stats-2022.xlsx,603892b51de70231,2026-09-07
8462390000,8462390000,conc-10-stats-2022.xlsx,https://www.cbsa-asfc.gc.ca/trade-commerce/tariff-tarif/2022/concordance/conc-10-stats-2022.xlsx,603892b51de70231,2026-09-07
8462410010,8462420010,conc-10-stats-2022.xlsx,https://www.cbsa-asfc.gc.ca/trade-commerce/tariff-tarif/2022/concordance/conc-10-stats-2022.xlsx,603892b51de70231,2026-09-07
8462410090,8462420090,conc-10-stats-2022.xlsx,https://www.cbsa-asfc.gc.ca/trade-commerce/tariff-tarif/2022/concordance/conc-10-stats-2022.xlsx,603892b51de70231,2026-09-07
8462991000,8462420090,conc-10-stats-2022.xlsx,https://www.cbsa-asfc.gc.ca/trade-commerce/tariff-tarif/2022/concordance/conc-10-stats-2022.xlsx,603892b51de70231,2026-09-07
8462490000,8462490000,conc-10-stats-2022.xlsx,https://www.cbsa-asfc.gc.ca/trade-commerce/tariff-tarif/2022/concordance/conc-10-stats-2022.xlsx,603892b51de70231,2026-09-07
8462999010,8462490000,conc-10-stats-2022.xlsx,https://www.cbsa-asfc.gc.ca/trade-commerce/tariff-tarif/2022/concordance/conc-10-stats-2022.xlsx,603892b51de70231,2026-09-07
8462999020,8462490000,conc-10-stats-2022.xlsx,https://www.cbsa-asfc.gc.ca/trade-commerce/tariff-tarif/2022/concordance/conc-10-stats-2022.xlsx,603892b51de70231,2026-09-07
8462999090,8462490000,conc-10-stats-2022.xlsx,https://www.cbsa-asfc.gc.ca/trade-commerce/tariff-tarif/2022/concordance/conc-10-stats-2022.xlsx,603892b51de70231,2026-09-07
8462100090,8462510000,conc-10-stats-2022.xlsx,https://www.cbsa-asfc.gc.ca/trade-commerce/tariff-tarif/2022/concordance/conc-10-stats-2022.xlsx,603892b51de70231,2026-09-07
8462210090,8462510000,conc-10-stats-2022.xlsx,https://www.cbsa-asfc.gc.ca/trade-commerce/tariff-tarif/2022/concordance/conc-10-stats-2022.xlsx,603892b51de70231,2026-09-07
8462310000,8462510000,conc-10-stats-2022.xlsx,https://www.cbsa-asfc.gc.ca/trade-commerce/tariff-tarif/2022/concordance/conc-10-stats-2022.xlsx,603892b51de70231,2026-09-07
8462410090,8462510000,conc-10-stats-2022.xlsx,https://www.cbsa-asfc.gc.ca/trade-commerce/tariff-tarif/2022/concordance/conc-10-stats-2022.xlsx,603892b51de70231,2026-09-07
8462100090,8462590000,conc-10-stats-2022.xlsx,https://www.cbsa-asfc.gc.ca/trade-commerce/tariff-tarif/2022/concordance/conc-10-stats-2022.xlsx,603892b51de70231,2026-09-07
8462290000,8462590000,conc-10-stats-2022.xlsx,https://www.cbsa-asfc.gc.ca/trade-commerce/tariff-tarif/2022/concordance/conc-10-stats-2022.xlsx,603892b51de70231,2026-09-07
8462390000,8462590000,conc-10-stats-2022.xlsx,https://www.cbsa-asfc.gc.ca/trade-commerce/tariff-tarif/2022/concordance/conc-10-stats-2022.xlsx,603892b51de70231,2026-09-07
8462490000,8462590000,conc-10-stats-2022.xlsx,https://www.cbsa-asfc.gc.ca/trade-commerce/tariff-tarif/2022/concordance/conc-10-stats-2022.xlsx,603892b51de70231,2026-09-07
8462210090,8462611000,conc-10-stats-2022.xlsx,https://www.cbsa-asfc.gc.ca/trade-commerce/tariff-tarif/2022/concordance/conc-10-stats-2022.xlsx,603892b51de70231,2026-09-07
8462310000,8462611000,conc-10-stats-2022.xlsx,https://www.cbsa-asfc.gc.ca/trade-commerce/tariff-tarif/2022/concordance/conc-10-stats-2022.xlsx,603892b51de70231,2026-09-07
8462410090,8462611000,conc-10-stats-2022.xlsx,https://www.cbsa-asfc.gc.ca/trade-commerce/tariff-tarif/2022/concordance/conc-10-stats-2022.xlsx,603892b51de70231,2026-09-07
8462911000,8462611000,conc-10-stats-2022.xlsx,https://www.cbsa-asfc.gc.ca/trade-commerce/tariff-tarif/2022/concordance/conc-10-stats-2022.xlsx,603892b51de70231,2026-09-07
8462100090,8462619000,conc-10-stats-2022.xlsx,https://www.cbsa-asfc.gc.ca/trade-commerce/tariff-tarif/2022/concordance/conc-10-stats-2022.xlsx,603892b51de70231,2026-09-07
8462290000,8462619000,conc-10-stats-2022.xlsx,https://www.cbsa-asfc.gc.ca/trade-commerce/tariff-tarif/2022/concordance/conc-10-stats-2022.xlsx,603892b51de70231,2026-09-07
8462390000,8462619000,conc-10-stats-2022.xlsx,https://www.cbsa-asfc.gc.ca/trade-commerce/tariff-tarif/2022/concordance/conc-10-stats-2022.xlsx,603892b51de70231,2026-09-07
8462490000,8462619000,conc-10-stats-2022.xlsx,https://www.cbsa-asfc.gc.ca/trade-commerce/tariff-tarif/2022/concordance/conc-10-stats-2022.xlsx,603892b51de70231,2026-09-07
8462919000,8462619000,conc-10-stats-2022.xlsx,https://www.cbsa-asfc.gc.ca/trade-commerce/tariff-tarif/2022/concordance/conc-10-stats-2022.xlsx,603892b51de70231,2026-09-07
8462210090,8462621000,conc-10-stats-2022.xlsx,https://www.cbsa-asfc.gc.ca/trade-commerce/tariff-tarif/2022/concordance/conc-10-stats-2022.xlsx,603892b51de70231,2026-09-07
8462310000,8462621000,conc-10-stats-2022.xlsx,https://www.cbsa-asfc.gc.ca/trade-commerce/tariff-tarif/2022/concordance/conc-10-stats-2022.xlsx,603892b51de70231,2026-09-07
8462410090,8462621000,conc-10-stats-2022.xlsx,https://www.cbsa-asfc.gc.ca/trade-commerce/tariff-tarif/2022/concordance/conc-10-stats-2022.xlsx,603892b51de70231,2026-09-07
8462991000,8462621000,conc-10-stats-2022.xlsx,https://www.cbsa-asfc.gc.ca/trade-commerce/tariff-tarif/2022/concordance/conc-10-stats-2022.xlsx,603892b51de70231,2026-09-07
8462100090,8462629000,conc-10-stats-2022.xlsx,https://www.cbsa-asfc.gc.ca/trade-commerce/tariff-tarif/2022/concordance/conc-10-stats-2022.xlsx,603892b51de70231,2026-09-07
8462290000,8462629000,conc-10-stats-2022.xlsx,https://www.cbsa-asfc.gc.ca/trade-commerce/tariff-tarif/2022/concordance/conc-10-stats-2022.xlsx,603892b51de70231,2026-09-07
8462390000,8462629000,conc-10-stats-2022.xlsx,https://www.cbsa-asfc.gc.ca/trade-commerce/tariff-tarif/2022/concordance/conc-10-stats-2022.xlsx,603892b51de70231,2026-09-07
8462490000,8462629000,conc-10-stats-2022.xlsx,https://www.cbsa-asfc.gc.ca/trade-commerce/tariff-tarif/2022/concordance/conc-10-stats-2022.xlsx,603892b51de70231,2026-09-07
8462999010,8462629000,conc-10-stats-2022.xlsx,https://www.cbsa-asfc.gc.ca/trade-commerce/tariff-tarif/2022/concordance/conc-10-stats-2022.xlsx,603892b51de70231,2026-09-07
8462999020,8462629000,conc-10-stats-2022.xlsx,https://www.cbsa-asfc.gc.ca/trade-commerce/tariff-tarif/2022/concordance/conc-10-stats-2022.xlsx,603892b51de70231,2026-09-07
8462210090,8462631000,conc-10-stats-2022.xlsx,https://www.cbsa-asfc.gc.ca/trade-commerce/tariff-tarif/2022/concordance/conc-10-stats-2022.xlsx,603892b51de70231,2026-09-07
8462310000,8462631000,conc-10-stats-2022.xlsx,https://www.cbsa-asfc.gc.ca/trade-commerce/tariff-tarif/2022/concordance/conc-10-stats-2022.xlsx,603892b51de70231,2026-09-07
8462410090,8462631000,conc-10-stats-2022.xlsx,https://www.cbsa-asfc.gc.ca/trade-commerce/tariff-tarif/2022/concordance/conc-10-stats-2022.xlsx,603892b51de70231,2026-09-07
8462991000,8462631000,conc-10-stats-2022.xlsx,https://www.cbsa-asfc.gc.ca/trade-commerce/tariff-tarif/2022/concordance/conc-10-stats-2022.xlsx,603892b51de70231,2026-09-07
8462100090,8462639000,conc-10-stats-2022.xlsx,https://www.cbsa-asfc.gc.ca/trade-commerce/tariff-tarif/2022/concordance/conc-10-stats-2022.xlsx,603892b51de70231,2026-09-07
8462290000,8462639000,conc-10-stats-2022.xlsx,https://www.cbsa-asfc.gc.ca/trade-commerce/tariff-tarif/2022/concordance/conc-10-stats-2022.xlsx,603892b51de70231,2026-09-07
8462390000,8462639000,conc-10-stats-2022.xlsx,https://www.cbsa-asfc.gc.ca/trade-commerce/tariff-tarif/2022/concordance/conc-10-stats-2022.xlsx,603892b51de70231,2026-09-07
8462490000,8462639000,conc-10-stats-2022.xlsx,https://www.cbsa-asfc.gc.ca/trade-commerce/tariff-tarif/2022/concordance/conc-10-stats-2022.xlsx,603892b51de70231,2026-09-07
8462999010,8462639000,conc-10-stats-2022.xlsx,https://www.cbsa-asfc.gc.ca/trade-commerce/tariff-tarif/2022/concordance/conc-10-stats-2022.xlsx,603892b51de70231,2026-09-07
8462999090,8462639000,conc-10-stats-2022.xlsx,https://www.cbsa-asfc.gc.ca/trade-commerce/tariff-tarif/2022/concordance/conc-10-stats-2022.xlsx,603892b51de70231,2026-09-07
8462210090,8462691000,conc-10-stats-2022.xlsx,https://www.cbsa-asfc.gc.ca/trade-commerce/tariff-tarif/2022/concordance/conc-10-stats-2022.xlsx,603892b51de70231,2026-09-07
8462310000,8462691000,conc-10-stats-2022.xlsx,https://www.cbsa-asfc.gc.ca/trade-commerce/tariff-tarif/2022/concordance/conc-10-stats-2022.xlsx,603892b51de70231,2026-09-07
8462410090,8462691000,conc-10-stats-2022.xlsx,https://www.cbsa-asfc.gc.ca/trade-commerce/tariff-tarif/2022/concordance/conc-10-stats-2022.xlsx,603892b51de70231,2026-09-07
8462991000,8462691000,conc-10-stats-2022.xlsx,https://www.cbsa-asfc.gc.ca/trade-commerce/tariff-tarif/2022/concordance/conc-10-stats-2022.xlsx,603892b51de70231,2026-09-07
8462100010,8462699010,conc-10-stats-2022.xlsx,https://www.cbsa-asfc.gc.ca/trade-commerce/tariff-tarif/2022/concordance/conc-10-stats-2022.xlsx,603892b51de70231,2026-09-07
8462100090,8462699090,conc-10-stats-2022.xlsx,https://www.cbsa-asfc.gc.ca/trade-commerce/tariff-tarif/2022/concordance/conc-10-stats-2022.xlsx,603892b51de70231,2026-09-07
8462290000,8462699090,conc-10-stats-2022.xlsx,https://www.cbsa-asfc.gc.ca/trade-commerce/tariff-tarif/2022/concordance/conc-10-stats-2022.xlsx,603892b51de70231,2026-09-07
8462390000,8462699090,conc-10-stats-2022.xlsx,https://www.cbsa-asfc.gc.ca/trade-commerce/tariff-tarif/2022/concordance/conc-10-stats-2022.xlsx,603892b51de70231,2026-09-07
8462490000,8462699090,conc-10-stats-2022.xlsx,https://www.cbsa-asfc.gc.ca/trade-commerce/tariff-tarif/2022/concordance/conc-10-stats-2022.xlsx,603892b51de70231,2026-09-07
8462999010,8462699090,conc-10-stats-2022.xlsx,https://www.cbsa-asfc.gc.ca/trade-commerce/tariff-tarif/2022/concordance/conc-10-stats-2022.xlsx,603892b51de70231,2026-09-07
8462999090,8462699090,conc-10-stats-2022.xlsx,https://www.cbsa-asfc.gc.ca/trade-commerce/tariff-tarif/2022/concordance/conc-10-stats-2022.xlsx,603892b51de70231,2026-09-07
8462210090,8462901000,conc-10-stats-2022.xlsx,https://www.cbsa-asfc.gc.ca/trade-commerce/tariff-tarif/2022/concordance/conc-10-stats-2022.xlsx,603892b51de70231,2026-09-07
8462310000,8462901000,conc-10-stats-2022.xlsx,https://www.cbsa-asfc.gc.ca/trade-commerce/tariff-tarif/2022/concordance/conc-10-stats-2022.xlsx,603892b51de70231,2026-09-07
8462410090,8462901000,conc-10-stats-2022.xlsx,https://www.cbsa-asfc.gc.ca/trade-commerce/tariff-tarif/2022/concordance/conc-10-stats-2022.xlsx,603892b51de70231,2026-09-07
8462911000,8462901000,conc-10-stats-2022.xlsx,https://www.cbsa-asfc.gc.ca/trade-commerce/tariff-tarif/2022/concordance/conc-10-stats-2022.xlsx,603892b51de70231,2026-09-07
8462991000,8462901000,conc-10-stats-2022.xlsx,https://www.cbsa-asfc.gc.ca/trade-commerce/tariff-tarif/2022/concordance/conc-10-stats-2022.xlsx,603892b51de70231,2026-09-07
8462100090,8462909000,conc-10-stats-2022.xlsx,https://www.cbsa-asfc.gc.ca/trade-commerce/tariff-tarif/2022/concordance/conc-10-stats-2022.xlsx,603892b51de70231,2026-09-07
8462290000,8462909000,conc-10-stats-2022.xlsx,https://www.cbsa-asfc.gc.ca/trade-commerce/tariff-tarif/2022/concordance/conc-10-stats-2022.xlsx,603892b51de70231,2026-09-07
8462390000,8462909000,conc-10-stats-2022.xlsx,https://www.cbsa-asfc.gc.ca/trade-commerce/tariff-tarif/2022/concordance/conc-10-stats-2022.xlsx,603892b51de70231,2026-09-07
8462490000,8462909000,conc-10-stats-2022.xlsx,https://www.cbsa-asfc.gc.ca/trade-commerce/tariff-tarif/2022/concordance/conc-10-stats-2022.xlsx,603892b51de70231,2026-09-07
8462919000,8462909000,conc-10-stats-2022.xlsx,https://www.cbsa-asfc.gc.ca/trade-commerce/tariff-tarif/2022/concordance/conc-10-stats-2022.xlsx,603892b51de70231,2026-09-07
8462999010,8462909000,conc-10-stats-2022.xlsx,https://www.cbsa-asfc.gc.ca/trade-commerce/tariff-tarif/2022/concordance/conc-10-stats-2022.xlsx,603892b51de70231,2026-09-07
8462999020,8462909000,conc-10-stats-2022.xlsx,https://www.cbsa-asfc.gc.ca/trade-commerce/tariff-tarif/2022/concordance/conc-10-stats-2022.xlsx,603892b51de70231,2026-09-07
8462999090,8462909000,conc-10-stats-2022.xlsx,https://www.cbsa-asfc.gc.ca/trade-commerce/tariff-tarif/2022/concordance/conc-10-stats-2022.xlsx,603892b51de70231,2026-09-07
8463900000,8463900000,conc-10-stats-2022.xlsx,https://www.cbsa-asfc.gc.ca/trade-commerce/tariff-tarif/2022/concordance/conc-10-stats-2022.xlsx,603892b51de70231,2026-09-07
8465990011,8465990011,conc-10-stats-2022.xlsx,https://www.cbsa-asfc.gc.ca/trade-commerce/tariff-tarif/2022/concordance/conc-10-stats-2022.xlsx,603892b51de70231,2026-09-07
8465990012,8465990012,conc-10-stats-2022.xlsx,https://www.cbsa-asfc.gc.ca/trade-commerce/tariff-tarif/2022/concordance/conc-10-stats-2022.xlsx,603892b51de70231,2026-09-07
8465990019,8465990019,conc-10-stats-2022.xlsx,https://www.cbsa-asfc.gc.ca/trade-commerce/tariff-tarif/2022/concordance/conc-10-stats-2022.xlsx,603892b51de70231,2026-09-07
8465990090,8465990090,conc-10-stats-2022.xlsx,https://www.cbsa-asfc.gc.ca/trade-commerce/tariff-tarif/2022/concordance/conc-10-stats-2022.xlsx,603892b51de70231,2026-09-07
8466941000,8466941000,conc-10-stats-2022.xlsx,https://www.cbsa-asfc.gc.ca/trade-commerce/tariff-tarif/2022/concordance/conc-10-stats-2022.xlsx,603892b51de70231,2026-09-07
8466949000,8466949000,conc-10-stats-2022.xlsx,https://www.cbsa-asfc.gc.ca/trade-commerce/tariff-tarif/2022/concordance/conc-10-stats-2022.xlsx,603892b51de70231,2026-09-07
8473210000,8473210000,conc-10-stats-2022.xlsx,https://www.cbsa-asfc.gc.ca/trade-commerce/tariff-tarif/2022/concordance/conc-10-stats-2022.xlsx,603892b51de70231,2026-09-07
8473290000,8473290000,conc-10-stats-2022.xlsx,https://www.cbsa-asfc.gc.ca/trade-commerce/tariff-tarif/2022/concordance/conc-10-stats-2022.xlsx,603892b51de70231,2026-09-07
8473302000,8473302000,conc-10-stats-2022.xlsx,https://www.cbsa-asfc.gc.ca/trade-commerce/tariff-tarif/2022/concordance/conc-10-stats-2022.xlsx,603892b51de70231,2026-09-07
8473303000,8473303000,conc-10-stats-2022.xlsx,https://www.cbsa-asfc.gc.ca/trade-commerce/tariff-tarif/2022/concordance/conc-10-stats-2022.xlsx,603892b51de70231,2026-09-07
8473309000,8473309000,conc-10-stats-2022.xlsx,https://www.cbsa-asfc.gc.ca/trade-commerce/tariff-tarif/2022/concordance/conc-10-stats-2022.xlsx,603892b51de70231,2026-09-07
8473400000,8473400000,conc-10-stats-2022.xlsx,https://www.cbsa-asfc.gc.ca/trade-commerce/tariff-tarif/2022/concordance/conc-10-stats-2022.xlsx,603892b51de70231,2026-09-07
8473501000,8473501000,conc-10-stats-2022.xlsx,https://www.cbsa-asfc.gc.ca/trade-commerce/tariff-tarif/2022/concordance/conc-10-stats-2022.xlsx,603892b51de70231,2026-09-07
8473502000,8473502000,conc-10-stats-2022.xlsx,https://www.cbsa-asfc.gc.ca/trade-commerce/tariff-tarif/2022/concordance/conc-10-stats-2022.xlsx,603892b51de70231,2026-09-07
8473509000,8473509000,conc-10-stats-2022.xlsx,https://www.cbsa-asfc.gc.ca/trade-commerce/tariff-tarif/2022/concordance/conc-10-stats-2022.xlsx,603892b51de70231,2026-09-07
8475290000,8475290000,conc-10-stats-2022.xlsx,https://www.cbsa-asfc.gc.ca/trade-commerce/tariff-tarif/2022/concordance/conc-10-stats-2022.xlsx,603892b51de70231,2026-09-07
8475900000,8475900000,conc-10-stats-2022.xlsx,https://www.cbsa-asfc.gc.ca/trade-commerce/tariff-tarif/2022/concordance/conc-10-stats-2022.xlsx,603892b51de70231,2026-09-07
8476900000,8476900000,conc-10-stats-2022.xlsx,https://www.cbsa-asfc.gc.ca/trade-commerce/tariff-tarif/2022/concordance/conc-10-stats-2022.xlsx,603892b51de70231,2026-09-07
8477800000,8477800000,conc-10-stats-2022.xlsx,https://www.cbsa-asfc.gc.ca/trade-commerce/tariff-tarif/2022/concordance/conc-10-stats-2022.xlsx,603892b51de70231,2026-09-07
8477901000,8477901000,conc-10-stats-2022.xlsx,https://www.cbsa-asfc.gc.ca/trade-commerce/tariff-tarif/2022/concordance/conc-10-stats-2022.xlsx,603892b51de70231,2026-09-07
8477902090,8477902090,conc-10-stats-2022.xlsx,https://www.cbsa-asfc.gc.ca/trade-commerce/tariff-tarif/2022/concordance/conc-10-stats-2022.xlsx,603892b51de70231,2026-09-07
8477903000,8477903000,conc-10-stats-2022.xlsx,https://www.cbsa-asfc.gc.ca/trade-commerce/tariff-tarif/2022/concordance/conc-10-stats-2022.xlsx,603892b51de70231,2026-09-07
8477909090,8477909090,conc-10-stats-2022.xlsx,https://www.cbsa-asfc.gc.ca/trade-commerce/tariff-tarif/2022/concordance/conc-10-stats-2022.xlsx,603892b51de70231,2026-09-07
8438800000,8479200000,conc-10-stats-2022.xlsx,https://www.cbsa-asfc.gc.ca/trade-commerce/tariff-tarif/2022/concordance/conc-10-stats-2022.xlsx,603892b51de70231,2026-09-07
8479200000,8479200000,conc-10-stats-2022.xlsx,https://www.cbsa-asfc.gc.ca/trade-commerce/tariff-tarif/2022/concordance/conc-10-stats-2022.xlsx,603892b51de70231,2026-09-07
8479810000,8479810000,conc-10-stats-2022.xlsx,https://www.cbsa-asfc.gc.ca/trade-commerce/tariff-tarif/2022/concordance/conc-10-stats-2022.xlsx,603892b51de70231,2026-09-07
8479810000,8479830000,conc-10-stats-2022.xlsx,https://www.cbsa-asfc.gc.ca/trade-commerce/tariff-tarif/2022/concordance/conc-10-stats-2022.xlsx,603892b51de70231,2026-09-07
8479893000,8479830000,conc-10-stats-2022.xlsx,https://www.cbsa-asfc.gc.ca/trade-commerce/tariff-tarif/2022/concordance/conc-10-stats-2022.xlsx,603892b51de70231,2026-09-07
8479899090,8479830000,conc-10-stats-2022.xlsx,https://www.cbsa-asfc.gc.ca/trade-commerce/tariff-tarif/2022/concordance/conc-10-stats-2022.xlsx,603892b51de70231,2026-09-07
8479891000,8479891000,conc-10-stats-2022.xlsx,https://www.cbsa-asfc.gc.ca/trade-commerce/tariff-tarif/2022/concordance/conc-10-stats-2022.xlsx,603892b51de70231,2026-09-07
8479893000,8479893000,conc-10-stats-2022.xlsx,https://www.cbsa-asfc.gc.ca/trade-commerce/tariff-tarif/2022/concordance/conc-10-stats-2022.xlsx,603892b51de70231,2026-09-07
8479899090,8479899090,conc-10-stats-2022.xlsx,https://www.cbsa-asfc.gc.ca/trade-commerce/tariff-tarif/2022/concordance/conc-10-stats-2022.xlsx,603892b51de70231,2026-09-07
8479909090,8479909090,conc-10-stats-2022.xlsx,https://www.cbsa-asfc.gc.ca/trade-commerce/tariff-tarif/2022/concordance/conc-10-stats-2022.xlsx,603892b51de70231,2026-09-07
8463900000,8485100000,conc-10-stats-2022.xlsx,https://www.cbsa-asfc.gc.ca/trade-commerce/tariff-tarif/2022/concordance/conc-10-stats-2022.xlsx,603892b51de70231,2026-09-07
8477800000,8485200000,conc-10-stats-2022.xlsx,https://www.cbsa-asfc.gc.ca/trade-commerce/tariff-tarif/2022/concordance/conc-10-stats-2022.xlsx,603892b51de70231,2026-09-07
8475290000,8485300000,conc-10-stats-2022.xlsx,https://www.cbsa-asfc.gc.ca/trade-commerce/tariff-tarif/2022/concordance/conc-10-stats-2022.xlsx,603892b51de70231,2026-09-07
8479891000,8485300000,conc-10-stats-2022.xlsx,https://www.cbsa-asfc.gc.ca/trade-commerce/tariff-tarif/2022/concordance/conc-10-stats-2022.xlsx,603892b51de70231,2026-09-07
8479899090,8485300000,conc-10-stats-2022.xlsx,https://www.cbsa-asfc.gc.ca/trade-commerce/tariff-tarif/2022/concordance/conc-10-stats-2022.xlsx,603892b51de70231,2026-09-07
8441800000,8485800000,conc-10-stats-2022.xlsx,https://www.cbsa-asfc.gc.ca/trade-commerce/tariff-tarif/2022/concordance/conc-10-stats-2022.xlsx,603892b51de70231,2026-09-07
8465990019,8485800000,conc-10-stats-2022.xlsx,https://www.cbsa-asfc.gc.ca/trade-commerce/tariff-tarif/2022/concordance/conc-10-stats-2022.xlsx,603892b51de70231,2026-09-07
8465990090,8485800000,conc-10-stats-2022.xlsx,https://www.cbsa-asfc.gc.ca/trade-commerce/tariff-tarif/2022/concordance/conc-10-stats-2022.xlsx,603892b51de70231,2026-09-07
8479891000,8485800000,conc-10-stats-2022.xlsx,https://www.cbsa-asfc.gc.ca/trade-commerce/tariff-tarif/2022/concordance/conc-10-stats-2022.xlsx,603892b51de70231,2026-09-07
8479893000,8485800000,conc-10-stats-2022.xlsx,https://www.cbsa-asfc.gc.ca/trade-commerce/tariff-tarif/2022/concordance/conc-10-stats-2022.xlsx,603892b51de70231,2026-09-07
8479899090,8485800000,conc-10-stats-2022.xlsx,https://www.cbsa-asfc.gc.ca/trade-commerce/tariff-tarif/2022/concordance/conc-10-stats-2022.xlsx,603892b51de70231,2026-09-07
8466941000,8485901000,conc-10-stats-2022.xlsx,https://www.cbsa-asfc.gc.ca/trade-commerce/tariff-tarif/2022/concordance/conc-10-stats-2022.xlsx,603892b51de70231,2026-09-07
8477901000,8485902000,conc-10-stats-2022.xlsx,https://www.cbsa-asfc.gc.ca/trade-commerce/tariff-tarif/2022/concordance/conc-10-stats-2022.xlsx,603892b51de70231,2026-09-07
8477902090,8485903000,conc-10-stats-2022.xlsx,https://www.cbsa-asfc.gc.ca/trade-commerce/tariff-tarif/2022/concordance/conc-10-stats-2022.xlsx,603892b51de70231,2026-09-07
8477903000,8485904000,conc-10-stats-2022.xlsx,https://www.cbsa-asfc.gc.ca/trade-commerce/tariff-tarif/2022/concordance/conc-10-stats-2022.xlsx,603892b51de70231,2026-09-07
8466949000,8485909000,conc-10-stats-2022.xlsx,https://www.cbsa-asfc.gc.ca/trade-commerce/tariff-tarif/2022/concordance/conc-10-stats-2022.xlsx,603892b51de70231,2026-09-07
8475900000,8485909000,conc-10-stats-2022.xlsx,https://www.cbsa-asfc.gc.ca/trade-commerce/tariff-tarif/2022/concordance/conc-10-stats-2022.xlsx,603892b51de70231,2026-09-07
8477909090,8485909000,conc-10-stats-2022.xlsx,https://www.cbsa-asfc.gc.ca/trade-commerce/tariff-tarif/2022/concordance/conc-10-stats-2022.xlsx,603892b51de70231,2026-09-07
8479909090,8485909000,conc-10-stats-2022.xlsx,https://www.cbsa-asfc.gc.ca/trade-commerce/tariff-tarif/2022/concordance/conc-10-stats-2022.xlsx,603892b51de70231,2026-09-07
8486900000,8486900000,conc-10-stats-2022.xlsx,https://www.cbsa-asfc.gc.ca/trade-commerce/tariff-tarif/2022/concordance/conc-10-stats-2022.xlsx,603892b51de70231,2026-09-07
8501310090,8501310090,conc-10-stats-2022.xlsx,https://www.cbsa-asfc.gc.ca/trade-commerce/tariff-tarif/2022/concordance/conc-10-stats-2022.xlsx,603892b51de70231,2026-09-07
8501322000,8501322000,conc-10-stats-2022.xlsx,https://www.cbsa-asfc.gc.ca/trade-commerce/tariff-tarif/2022/concordance/conc-10-stats-2022.xlsx,603892b51de70231,2026-09-07
8501329090,8501329090,conc-10-stats-2022.xlsx,https://www.cbsa-asfc.gc.ca/trade-commerce/tariff-tarif/2022/concordance/conc-10-stats-2022.xlsx,603892b51de70231,2026-09-07
8501330000,8501330000,conc-10-stats-2022.xlsx,https://www.cbsa-asfc.gc.ca/trade-commerce/tariff-tarif/2022/concordance/conc-10-stats-2022.xlsx,603892b51de70231,2026-09-07
8501340030,8501340030,conc-10-stats-2022.xlsx,https://www.cbsa-asfc.gc.ca/trade-commerce/tariff-tarif/2022/concordance/conc-10-stats-2022.xlsx,603892b51de70231,2026-09-07
8501340040,8501340040,conc-10-stats-2022.xlsx,https://www.cbsa-asfc.gc.ca/trade-commerce/tariff-tarif/2022/concordance/conc-10-stats-2022.xlsx,603892b51de70231,2026-09-07
8501610000,8501610000,conc-10-stats-2022.xlsx,https://www.cbsa-asfc.gc.ca/trade-commerce/tariff-tarif/2022/concordance/conc-10-stats-2022.xlsx,603892b51de70231,2026-09-07
8501620000,8501620000,conc-10-stats-2022.xlsx,https://www.cbsa-asfc.gc.ca/trade-commerce/tariff-tarif/2022/concordance/conc-10-stats-2022.xlsx,603892b51de70231,2026-09-07
8501630000,8501630000,conc-10-stats-2022.xlsx,https://www.cbsa-asfc.gc.ca/trade-commerce/tariff-tarif/2022/concordance/conc-10-stats-2022.xlsx,603892b51de70231,2026-09-07
8501640010,8501640010,conc-10-stats-2022.xlsx,https://www.cbsa-asfc.gc.ca/trade-commerce/tariff-tarif/2022/concordance/conc-10-stats-2022.xlsx,603892b51de70231,2026-09-07
8501640090,8501640090,conc-10-stats-2022.xlsx,https://www.cbsa-asfc.gc.ca/trade-commerce/tariff-tarif/2022/concordance/conc-10-stats-2022.xlsx,603892b51de70231,2026-09-07
8501310090,8501710000,conc-10-stats-2022.xlsx,https://www.cbsa-asfc.gc.ca/trade-commerce/tariff-tarif/2022/concordance/conc-10-stats-2022.xlsx,603892b51de70231,2026-09-07
8501310090,8501720000,conc-10-stats-2022.xlsx,https://www.cbsa-asfc.gc.ca/trade-commerce/tariff-tarif/2022/concordance/conc-10-stats-2022.xlsx,603892b51de70231,2026-09-07
8501322000,8501720000,conc-10-stats-2022.xlsx,https://www.cbsa-asfc.gc.ca/trade-commerce/tariff-tarif/2022/concordance/conc-10-stats-2022.xlsx,603892b51de70231,2026-09-07
8501329090,8501720000,conc-10-stats-2022.xlsx,https://www.cbsa-asfc.gc.ca/trade-commerce/tariff-tarif/2022/concordance/conc-10-stats-2022.xlsx,603892b51de70231,2026-09-07
8501330000,8501720000,conc-10-stats-2022.xlsx,https://www.cbsa-asfc.gc.ca/trade-commerce/tariff-tarif/2022/concordance/conc-10-stats-2022.xlsx,603892b51de70231,2026-09-07
8501340030,8501720000,conc-10-stats-2022.xlsx,https://www.cbsa-asfc.gc.ca/trade-commerce/tariff-tarif/2022/concordance/conc-10-stats-2022.xlsx,603892b51de70231,2026-09-07
8501340040,8501720000,conc-10-stats-2022.xlsx,https://www.cbsa-asfc.gc.ca/trade-commerce/tariff-tarif/2022/concordance/conc-10-stats-2022.xlsx,603892b51de70231,2026-09-07
8501610000,8501800000,conc-10-stats-2022.xlsx,https://www.cbsa-asfc.gc.ca/trade-commerce/tariff-tarif/2022/concordance/conc-10-stats-2022.xlsx,603892b51de70231,2026-09-07
8501620000,8501800000,conc-10-stats-2022.xlsx,https://www.cbsa-asfc.gc.ca/trade-commerce/tariff-tarif/2022/concordance/conc-10-stats-2022.xlsx,603892b51de70231,2026-09-07
8501630000,8501800000,conc-10-stats-2022.xlsx,https://www.cbsa-asfc.gc.ca/trade-commerce/tariff-tarif/2022/concordance/conc-10-stats-2022.xlsx,603892b51de70231,2026-09-07
8501640010,8501800000,conc-10-stats-2022.xlsx,https://www.cbsa-asfc.gc.ca/trade-commerce/tariff-tarif/2022/concordance/conc-10-stats-2022.xlsx,603892b51de70231,2026-09-07
8501640090,8501800000,conc-10-stats-2022.xlsx,https://www.cbsa-asfc.gc.ca/trade-commerce/tariff-tarif/2022/concordance/conc-10-stats-2022.xlsx,603892b51de70231,2026-09-07
8504901000,8504901000,conc-10-stats-2022.xlsx,https://www.cbsa-asfc.gc.ca/trade-commerce/tariff-tarif/2022/concordance/conc-10-stats-2022.xlsx,603892b51de70231,2026-09-07
8504909081,8504909081,conc-10-stats-2022.xlsx,https://www.cbsa-asfc.gc.ca/trade-commerce/tariff-tarif/2022/concordance/conc-10-stats-2022.xlsx,603892b51de70231,2026-09-07
8504909082,8504909082,conc-10-stats-2022.xlsx,https://www.cbsa-asfc.gc.ca/trade-commerce/tariff-tarif/2022/concordance/conc-10-stats-2022.xlsx,603892b51de70231,2026-09-07
8504909090,8504909090,conc-10-stats-2022.xlsx,https://www.cbsa-asfc.gc.ca/trade-commerce/tariff-tarif/2022/concordance/conc-10-stats-2022.xlsx,603892b51de70231,2026-09-07
8507401000,8507802000,conc-10-stats-2022.xlsx,https://www.cbsa-asfc.gc.ca/trade-commerce/tariff-tarif/2022/concordance/conc-10-stats-2022.xlsx,603892b51de70231,2026-09-07
8507802000,8507802000,conc-10-stats-2022.xlsx,https://www.cbsa-asfc.gc.ca/trade-commerce/tariff-tarif/2022/concordance/conc-10-stats-2022.xlsx,603892b51de70231,2026-09-07
8507409000,8507809000,conc-10-stats-2022.xlsx,https://www.cbsa-asfc.gc.ca/trade-commerce/tariff-tarif/2022/concordance/conc-10-stats-2022.xlsx,603892b51de70231,2026-09-07
8507809000,8507809000,conc-10-stats-2022.xlsx,https://www.cbsa-asfc.gc.ca/trade-commerce/tariff-tarif/2022/concordance/conc-10-stats-2022.xlsx,603892b51de70231,2026-09-07
8509902000,8509902000,conc-10-stats-2022.xlsx,https://www.cbsa-asfc.gc.ca/trade-commerce/tariff-tarif/2022/concordance/conc-10-stats-2022.xlsx,603892b51de70231,2026-09-07
8509909000,8509909000,conc-10-stats-2022.xlsx,https://www.cbsa-asfc.gc.ca/trade-commerce/tariff-tarif/2022/concordance/conc-10-stats-2022.xlsx,603892b51de70231,2026-09-07
8514100000,8514110000,conc-10-stats-2022.xlsx,https://www.cbsa-asfc.gc.ca/trade-commerce/tariff-tarif/2022/concordance/conc-10-stats-2022.xlsx,603892b51de70231,2026-09-07
8514100000,8514190000,conc-10-stats-2022.xlsx,https://www.cbsa-asfc.gc.ca/trade-commerce/tariff-tarif/2022/concordance/conc-10-stats-2022.xlsx,603892b51de70231,2026-09-07
8514300000,8514310000,conc-10-stats-2022.xlsx,https://www.cbsa-asfc.gc.ca/trade-commerce/tariff-tarif/2022/concordance/conc-10-stats-2022.xlsx,603892b51de70231,2026-09-07
8514300000,8514320000,conc-10-stats-2022.xlsx,https://www.cbsa-asfc.gc.ca/trade-commerce/tariff-tarif/2022/concordance/conc-10-stats-2022.xlsx,603892b51de70231,2026-09-07
8514300000,8514390000,conc-10-stats-2022.xlsx,https://www.cbsa-asfc.gc.ca/trade-commerce/tariff-tarif/2022/concordance/conc-10-stats-2022.xlsx,603892b51de70231,2026-09-07
8516904000,8516904000,conc-10-stats-2022.xlsx,https://www.cbsa-asfc.gc.ca/trade-commerce/tariff-tarif/2022/concordance/conc-10-stats-2022.xlsx,603892b51de70231,2026-09-07
8516906000,8516906000,conc-10-stats-2022.xlsx,https://www.cbsa-asfc.gc.ca/trade-commerce/tariff-tarif/2022/concordance/conc-10-stats-2022.xlsx,603892b51de70231,2026-09-07
8516909070,8516909070,conc-10-stats-2022.xlsx,https://www.cbsa-asfc.gc.ca/trade-commerce/tariff-tarif/2022/concordance/conc-10-stats-2022.xlsx,603892b51de70231,2026-09-07
8516909090,8516909090,conc-10-stats-2022.xlsx,https://www.cbsa-asfc.gc.ca/trade-commerce/tariff-tarif/2022/concordance/conc-10-stats-2022.xlsx,603892b51de70231,2026-09-07
8517120030,8517130000,conc-10-stats-2022.xlsx,https://www.cbsa-asfc.gc.ca/trade-commerce/tariff-tarif/2022/concordance/conc-10-stats-2022.xlsx,603892b51de70231,2026-09-07
8517120090,8517140000,conc-10-stats-2022.xlsx,https://www.cbsa-asfc.gc.ca/trade-commerce/tariff-tarif/2022/concordance/conc-10-stats-2022.xlsx,603892b51de70231,2026-09-07
8517700000,8517710000,conc-10-stats-2022.xlsx,https://www.cbsa-asfc.gc.ca/trade-commerce/tariff-tarif/2022/concordance/conc-10-stats-2022.xlsx,603892b51de70231,2026-09-07
8517700000,8517790000,conc-10-stats-2022.xlsx,https://www.cbsa-asfc.gc.ca/trade-commerce/tariff-tarif/2022/concordance/conc-10-stats-2022.xlsx,603892b51de70231,2026-09-07
8518900000,8518900000,conc-10-stats-2022.xlsx,https://www.cbsa-asfc.gc.ca/trade-commerce/tariff-tarif/2022/concordance/conc-10-stats-2022.xlsx,603892b51de70231,2026-09-07
8519500000,8519810000,conc-10-stats-2022.xlsx,https://www.cbsa-asfc.gc.ca/trade-commerce/tariff-tarif/2022/concordance/conc-10-stats-2022.xlsx,603892b51de70231,2026-09-07
8519810000,8519810000,conc-10-stats-2022.xlsx,https://www.cbsa-asfc.gc.ca/trade-commerce/tariff-tarif/2022/concordance/conc-10-stats-2022.xlsx,603892b51de70231,2026-09-07
8519500000,8519890000,conc-10-stats-2022.xlsx,https://www.cbsa-asfc.gc.ca/trade-commerce/tariff-tarif/2022/concordance/conc-10-stats-2022.xlsx,603892b51de70231,2026-09-07
8519890000,8519890000,conc-10-stats-2022.xlsx,https://www.cbsa-asfc.gc.ca/trade-commerce/tariff-tarif/2022/concordance/conc-10-stats-2022.xlsx,603892b51de70231,2026-09-07
8522100000,8522100000,conc-10-stats-2022.xlsx,https://www.cbsa-asfc.gc.ca/trade-commerce/tariff-tarif/2022/concordance/conc-10-stats-2022.xlsx,603892b51de70231,2026-09-07
8522901000,8522901000,conc-10-stats-2022.xlsx,https://www.cbsa-asfc.gc.ca/trade-commerce/tariff-tarif/2022/concordance/conc-10-stats-2022.xlsx,603892b51de70231,2026-09-07
8522909000,8522909000,conc-10-stats-2022.xlsx,https://www.cbsa-asfc.gc.ca/trade-commerce/tariff-tarif/2022/concordance/conc-10-stats-2022.xlsx,603892b51de70231,2026-09-07
8708299990,8524111000,conc-10-stats-2022.xlsx,https://www.cbsa-asfc.gc.ca/trade-commerce/tariff-tarif/2022/concordance/conc-10-stats-2022.xlsx,603892b51de70231,2026-09-07
8708999919,8524111000,conc-10-stats-2022.xlsx,https://www.cbsa-asfc.gc.ca/trade-commerce/tariff-tarif/2022/concordance/conc-10-stats-2022.xlsx,603892b51de70231,2026-09-07
8708999999,8524111000,conc-10-stats-2022.xlsx,https://www.cbsa-asfc.gc.ca/trade-commerce/tariff-tarif/2022/concordance/conc-10-stats-2022.xlsx,603892b51de70231,2026-09-07
8509909000,8524112000,conc-10-stats-2022.xlsx,https://www.cbsa-asfc.gc.ca/trade-commerce/tariff-tarif/2022/concordance/conc-10-stats-2022.xlsx,603892b51de70231,2026-09-07
8415903000,8524119000,conc-10-stats-2022.xlsx,https://www.cbsa-asfc.gc.ca/trade-commerce/tariff-tarif/2022/concordance/conc-10-stats-2022.xlsx,603892b51de70231,2026-09-07
8419900010,8524119000,conc-10-stats-2022.xlsx,https://www.cbsa-asfc.gc.ca/trade-commerce/tariff-tarif/2022/concordance/conc-10-stats-2022.xlsx,603892b51de70231,2026-09-07
8419900020,8524119000,conc-10-stats-2022.xlsx,https://www.cbsa-asfc.gc.ca/trade-commerce/tariff-tarif/2022/concordance/conc-10-stats-2022.xlsx,603892b51de70231,2026-09-07
8419900030,8524119000,conc-10-stats-2022.xlsx,https://www.cbsa-asfc.gc.ca/trade-commerce/tariff-tarif/2022/concordance/conc-10-stats-2022.xlsx,603892b51de70231,2026-09-07
8419900090,8524119000,conc-10-stats-2022.xlsx,https://www.cbsa-asfc.gc.ca/trade-commerce/tariff-tarif/2022/concordance/conc-10-stats-2022.xlsx,603892b51de70231,2026-09-07
8423900000,8524119000,conc-10-stats-2022.xlsx,https://www.cbsa-asfc.gc.ca/trade-commerce/tariff-tarif/2022/concordance/conc-10-stats-2022.xlsx,603892b51de70231,2026-09-07
8431100090,8524119000,conc-10-stats-2022.xlsx,https://www.cbsa-asfc.gc.ca/trade-commerce/tariff-tarif/2022/concordance/conc-10-stats-2022.xlsx,603892b51de70231,2026-09-07
8431200000,8524119000,conc-10-stats-2022.xlsx,https://www.cbsa-asfc.gc.ca/trade-commerce/tariff-tarif/2022/concordance/conc-10-stats-2022.xlsx,603892b51de70231,2026-09-07
8431310010,8524119000,conc-10-stats-2022.xlsx,https://www.cbsa-asfc.gc.ca/trade-commerce/tariff-tarif/2022/concordance/conc-10-stats-2022.xlsx,603892b51de70231,2026-09-07
8431310020,8524119000,conc-10-stats-2022.xlsx,https://www.cbsa-asfc.gc.ca/trade-commerce/tariff-tarif/2022/concordance/conc-10-stats-2022.xlsx,603892b51de70231,2026-09-07
8431310030,8524119000,conc-10-stats-2022.xlsx,https://www.cbsa-asfc.gc.ca/trade-commerce/tariff-tarif/2022/concordance/conc-10-stats-2022.xlsx,603892b51de70231,2026-09-07
8431390010,8524119000,conc-10-stats-2022.xlsx,https://www.cbsa-asfc.gc.ca/trade-commerce/tariff-tarif/2022/concordance/conc-10-stats-2022.xlsx,603892b51de70231,2026-09-07
8431390020,8524119000,conc-10-stats-2022.xlsx,https://www.cbsa-asfc.gc.ca/trade-commerce/tariff-tarif/2022/concordance/conc-10-stats-2022.xlsx,603892b51de70231,2026-09-07
8431390090,8524119000,conc-10-stats-2022.xlsx,https://www.cbsa-asfc.gc.ca/trade-commerce/tariff-tarif/2022/concordance/conc-10-stats-2022.xlsx,603892b51de70231,2026-09-07
8431430020,8524119000,conc-10-stats-2022.xlsx,https://www.cbsa-asfc.gc.ca/trade-commerce/tariff-tarif/2022/concordance/conc-10-stats-2022.xlsx,603892b51de70231,2026-09-07
8431430090,8524119000,conc-10-stats-2022.xlsx,https://www.cbsa-asfc.gc.ca/trade-commerce/tariff-tarif/2022/concordance/conc-10-stats-2022.xlsx,603892b51de70231,2026-09-07
8431490012,8524119000,conc-10-stats-2022.xlsx,https://www.cbsa-asfc.gc.ca/trade-commerce/tariff-tarif/2022/concordance/conc-10-stats-2022.xlsx,603892b51de70231,2026-09-07
8431490019,8524119000,conc-10-stats-2022.xlsx,https://www.cbsa-asfc.gc.ca/trade-commerce/tariff-tarif/2022/concordance/conc-10-stats-2022.xlsx,603892b51de70231,2026-09-07
8431490091,8524119000,conc-10-stats-2022.xlsx,https://www.cbsa-asfc.gc.ca/trade-commerce/tariff-tarif/2022/concordance/conc-10-stats-2022.xlsx,603892b51de70231,2026-09-07
8431490099,8524119000,conc-10-stats-2022.xlsx,https://www.cbsa-asfc.gc.ca/trade-commerce/tariff-tarif/2022/concordance/conc-10-stats-2022.xlsx,603892b51de70231,2026-09-07
8443990090,8524119000,conc-10-stats-2022.xlsx,https://www.cbsa-asfc.gc.ca/trade-commerce/tariff-tarif/2022/concordance/conc-10-stats-2022.xlsx,603892b51de70231,2026-09-07
8473210000,8524119000,conc-10-stats-2022.xlsx,https://www.cbsa-asfc.gc.ca/trade-commerce/tariff-tarif/2022/concordance/conc-10-stats-2022.xlsx,603892b51de70231,2026-09-07
8473290000,8524119000,conc-10-stats-2022.xlsx,https://www.cbsa-asfc.gc.ca/trade-commerce/tariff-tarif/2022/concordance/conc-10-stats-2022.xlsx,603892b51de70231,2026-09-07
8473302000,8524119000,conc-10-stats-2022.xlsx,https://www.cbsa-asfc.gc.ca/trade-commerce/tariff-tarif/2022/concordance/conc-10-stats-2022.xlsx,603892b51de70231,2026-09-07
8473303000,8524119000,conc-10-stats-2022.xlsx,https://www.cbsa-asfc.gc.ca/trade-commerce/tariff-tarif/2022/concordance/conc-10-stats-2022.xlsx,603892b51de70231,2026-09-07
8473309000,8524119000,conc-10-stats-2022.xlsx,https://www.cbsa-asfc.gc.ca/trade-commerce/tariff-tarif/2022/concordance/conc-10-stats-2022.xlsx,603892b51de70231,2026-09-07
8473400000,8524119000,conc-10-stats-2022.xlsx,https://www.cbsa-asfc.gc.ca/trade-commerce/tariff-tarif/2022/concordance/conc-10-stats-2022.xlsx,603892b51de70231,2026-09-07
8473501000,8524119000,conc-10-stats-2022.xlsx,https://www.cbsa-asfc.gc.ca/trade-commerce/tariff-tarif/2022/concordance/conc-10-stats-2022.xlsx,603892b51de70231,2026-09-07
8473502000,8524119000,conc-10-stats-2022.xlsx,https://www.cbsa-asfc.gc.ca/trade-commerce/tariff-tarif/2022/concordance/conc-10-stats-2022.xlsx,603892b51de70231,2026-09-07
8473509000,8524119000,conc-10-stats-2022.xlsx,https://www.cbsa-asfc.gc.ca/trade-commerce/tariff-tarif/2022/concordance/conc-10-stats-2022.xlsx,603892b51de70231,2026-09-07
8476900000,8524119000,conc-10-stats-2022.xlsx,https://www.cbsa-asfc.gc.ca/trade-commerce/tariff-tarif/2022/concordance/conc-10-stats-2022.xlsx,603892b51de70231,2026-09-07
8486900000,8524119000,conc-10-stats-2022.xlsx,https://www.cbsa-asfc.gc.ca/trade-commerce/tariff-tarif/2022/concordance/conc-10-stats-2022.xlsx,603892b51de70231,2026-09-07
8504901000,8524119000,conc-10-stats-2022.xlsx,https://www.cbsa-asfc.gc.ca/trade-commerce/tariff-tarif/2022/concordance/conc-10-stats-2022.xlsx,603892b51de70231,2026-09-07
8504909081,8524119000,conc-10-stats-2022.xlsx,https://www.cbsa-asfc.gc.ca/trade-commerce/tariff-tarif/2022/concordance/conc-10-stats-2022.xlsx,603892b51de70231,2026-09-07
8504909082,8524119000,conc-10-stats-2022.xlsx,https://www.cbsa-asfc.gc.ca/trade-commerce/tariff-tarif/2022/concordance/conc-10-stats-2022.xlsx,603892b51de70231,2026-09-07
8504909090,8524119000,conc-10-stats-2022.xlsx,https://www.cbsa-asfc.gc.ca/trade-commerce/tariff-tarif/2022/concordance/conc-10-stats-2022.xlsx,603892b51de70231,2026-09-07
8509902000,8524119000,conc-10-stats-2022.xlsx,https://www.cbsa-asfc.gc.ca/trade-commerce/tariff-tarif/2022/concordance/conc-10-stats-2022.xlsx,603892b51de70231,2026-09-07
8516904000,8524119000,conc-10-stats-2022.xlsx,https://www.cbsa-asfc.gc.ca/trade-commerce/tariff-tarif/2022/concordance/conc-10-stats-2022.xlsx,603892b51de70231,2026-09-07
8516906000,8524119000,conc-10-stats-2022.xlsx,https://www.cbsa-asfc.gc.ca/trade-commerce/tariff-tarif/2022/concordance/conc-10-stats-2022.xlsx,603892b51de70231,2026-09-07
8516909070,8524119000,conc-10-stats-2022.xlsx,https://www.cbsa-asfc.gc.ca/trade-commerce/tariff-tarif/2022/concordance/conc-10-stats-2022.xlsx,603892b51de70231,2026-09-07
8516909090,8524119000,conc-10-stats-2022.xlsx,https://www.cbsa-asfc.gc.ca/trade-commerce/tariff-tarif/2022/concordance/conc-10-stats-2022.xlsx,603892b51de70231,2026-09-07
8517700000,8524119000,conc-10-stats-2022.xlsx,https://www.cbsa-asfc.gc.ca/trade-commerce/tariff-tarif/2022/concordance/conc-10-stats-2022.xlsx,603892b51de70231,2026-09-07
8522901000,8524119000,conc-10-stats-2022.xlsx,https://www.cbsa-asfc.gc.ca/trade-commerce/tariff-tarif/2022/concordance/conc-10-stats-2022.xlsx,603892b51de70231,2026-09-07
8522909000,8524119000,conc-10-stats-2022.xlsx,https://www.cbsa-asfc.gc.ca/trade-commerce/tariff-tarif/2022/concordance/conc-10-stats-2022.xlsx,603892b51de70231,2026-09-07
8529901000,8524119000,conc-10-stats-2022.xlsx,https://www.cbsa-asfc.gc.ca/trade-commerce/tariff-tarif/2022/concordance/conc-10-stats-2022.xlsx,603892b51de70231,2026-09-07
8529903100,8524119000,conc-10-stats-2022.xlsx,https://www.cbsa-asfc.gc.ca/trade-commerce/tariff-tarif/2022/concordance/conc-10-stats-2022.xlsx,603892b51de70231,2026-09-07
8529903900,8524119000,conc-10-stats-2022.xlsx,https://www.cbsa-asfc.gc.ca/trade-commerce/tariff-tarif/2022/concordance/conc-10-stats-2022.xlsx,603892b51de70231,2026-09-07
8529905000,8524119000,conc-10-stats-2022.xlsx,https://www.cbsa-asfc.gc.ca/trade-commerce/tariff-tarif/2022/concordance/conc-10-stats-2022.xlsx,603892b51de70231,2026-09-07
8529906000,8524119000,conc-10-stats-2022.xlsx,https://www.cbsa-asfc.gc.ca/trade-commerce/tariff-tarif/2022/concordance/conc-10-stats-2022.xlsx,603892b51de70231,2026-09-07
8529909000,8524119000,conc-10-stats-2022.xlsx,https://www.cbsa-asfc.gc.ca/trade-commerce/tariff-tarif/2022/concordance/conc-10-stats-2022.xlsx,603892b51de70231,2026-09-07
8543900000,8524119000,conc-10-stats-2022.xlsx,https://www.cbsa-asfc.gc.ca/trade-commerce/tariff-tarif/2022/concordance/conc-10-stats-2022.xlsx,603892b51de70231,2026-09-07
8708299100,8524119000,conc-10-stats-2022.xlsx,https://www.cbsa-asfc.gc.ca/trade-commerce/tariff-tarif/2022/concordance/conc-10-stats-2022.xlsx,603892b51de70231,2026-09-07
8708999100,8524119000,conc-10-stats-2022.xlsx,https://www.cbsa-asfc.gc.ca/trade-commerce/tariff-tarif/2022/concordance/conc-10-stats-2022.xlsx,603892b51de70231,2026-09-07
8714100000,8524119000,conc-10-stats-2022.xlsx,https://www.cbsa-asfc.gc.ca/trade-commerce/tariff-tarif/2022/concordance/conc-10-stats-2022.xlsx,603892b51de70231,2026-09-07
8714200000,8524119000,conc-10-stats-2022.xlsx,https://www.cbsa-asfc.gc.ca/trade-commerce/tariff-tarif/2022/concordance/conc-10-stats-2022.xlsx,603892b51de70231,2026-09-07
8714999000,8524119000,conc-10-stats-2022.xlsx,https://www.cbsa-asfc.gc.ca/trade-commerce/tariff-tarif/2022/concordance/conc-10-stats-2022.xlsx,603892b51de70231,2026-09-07
8803300000,8524119000,conc-10-stats-2022.xlsx,https://www.cbsa-asfc.gc.ca/trade-commerce/tariff-tarif/2022/concordance/conc-10-stats-2022.xlsx,603892b51de70231,2026-09-07
8803900000,8524119000,conc-10-stats-2022.xlsx,https://www.cbsa-asfc.gc.ca/trade-commerce/tariff-tarif/2022/concordance/conc-10-stats-2022.xlsx,603892b51de70231,2026-09-07
9015900000,8524119000,conc-10-stats-2022.xlsx,https://www.cbsa-asfc.gc.ca/trade-commerce/tariff-tarif/2022/concordance/conc-10-stats-2022.xlsx,603892b51de70231,2026-09-07
9017900000,8524119000,conc-10-stats-2022.xlsx,https://www.cbsa-asfc.gc.ca/trade-commerce/tariff-tarif/2022/concordance/conc-10-stats-2022.xlsx,603892b51de70231,2026-09-07
9018119100,8524119000,conc-10-stats-2022.xlsx,https://www.cbsa-asfc.gc.ca/trade-commerce/tariff-tarif/2022/concordance/conc-10-stats-2022.xlsx,603892b51de70231,2026-09-07
9018119900,8524119000,conc-10-stats-2022.xlsx,https://www.cbsa-asfc.gc.ca/trade-commerce/tariff-tarif/2022/concordance/conc-10-stats-2022.xlsx,603892b51de70231,2026-09-07
9018120000,8524119000,conc-10-stats-2022.xlsx,https://www.cbsa-asfc.gc.ca/trade-commerce/tariff-tarif/2022/concordance/conc-10-stats-2022.xlsx,603892b51de70231,2026-09-07
9018130000,8524119000,conc-10-stats-2022.xlsx,https://www.cbsa-asfc.gc.ca/trade-commerce/tariff-tarif/2022/concordance/conc-10-stats-2022.xlsx,603892b51de70231,2026-09-07
9018140000,8524119000,conc-10-stats-2022.xlsx,https://www.cbsa-asfc.gc.ca/trade-commerce/tariff-tarif/2022/concordance/conc-10-stats-2022.xlsx,603892b51de70231,2026-09-07
9018191010,8524119000,conc-10-stats-2022.xlsx,https://www.cbsa-asfc.gc.ca/trade-commerce/tariff-tarif/2022/concordance/conc-10-stats-2022.xlsx,603892b51de70231,2026-09-07
9018191090,8524119000,conc-10-stats-2022.xlsx,https://www.cbsa-asfc.gc.ca/trade-commerce/tariff-tarif/2022/concordance/conc-10-stats-2022.xlsx,603892b51de70231,2026-09-07
9018199010,8524119000,conc-10-stats-2022.xlsx,https://www.cbsa-asfc.gc.ca/trade-commerce/tariff-tarif/2022/concordance/conc-10-stats-2022.xlsx,603892b51de70231,2026-09-07
9018199090,8524119000,conc-10-stats-2022.xlsx,https://www.cbsa-asfc.gc.ca/trade-commerce/tariff-tarif/2022/concordance/conc-10-stats-2022.xlsx,603892b51de70231,2026-09-07
9018200000,8524119000,conc-10-stats-2022.xlsx,https://www.cbsa-asfc.gc.ca/trade-commerce/tariff-tarif/2022/concordance/conc-10-stats-2022.xlsx,603892b51de70231,2026-09-07
9018410000,8524119000,conc-10-stats-2022.xlsx,https://www.cbsa-asfc.gc.ca/trade-commerce/tariff-tarif/2022/concordance/conc-10-stats-2022.xlsx,603892b51de70231,2026-09-07
9018490000,8524119000,conc-10-stats-2022.xlsx,https://www.cbsa-asfc.gc.ca/trade-commerce/tariff-tarif/2022/concordance/conc-10-stats-2022.xlsx,603892b51de70231,2026-09-07
9018500000,8524119000,conc-10-stats-2022.xlsx,https://www.cbsa-asfc.gc.ca/trade-commerce/tariff-tarif/2022/concordance/conc-10-stats-2022.xlsx,603892b51de70231,2026-09-07
9018901000,8524119000,conc-10-stats-2022.xlsx,https://www.cbsa-asfc.gc.ca/trade-commerce/tariff-tarif/2022/concordance/conc-10-stats-2022.xlsx,603892b51de70231,2026-09-07
9018902000,8524119000,conc-10-stats-2022.xlsx,https://www.cbsa-asfc.gc.ca/trade-commerce/tariff-tarif/2022/concordance/conc-10-stats-2022.xlsx,603892b51de70231,2026-09-07
9018909083,8524119000,conc-10-stats-2022.xlsx,https://www.cbsa-asfc.gc.ca/trade-commerce/tariff-tarif/2022/concordance/conc-10-stats-2022.xlsx,603892b51de70231,2026-09-07
9018909084,8524119000,conc-10-stats-2022.xlsx,https://www.cbsa-asfc.gc.ca/trade-commerce/tariff-tarif/2022/concordance/conc-10-stats-2022.xlsx,603892b51de70231,2026-09-07
9018909085,8524119000,conc-10-stats-2022.xlsx,https://www.cbsa-asfc.gc.ca/trade-commerce/tariff-tarif/2022/concordance/conc-10-stats-2022.xlsx,603892b51de70231,2026-09-07
9018909089,8524119000,conc-10-stats-2022.xlsx,https://www.cbsa-asfc.gc.ca/trade-commerce/tariff-tarif/2022/concordance/conc-10-stats-2022.xlsx,603892b51de70231,2026-09-07
9019100010,8524119000,conc-10-stats-2022.xlsx,https://www.cbsa-asfc.gc.ca/trade-commerce/tariff-tarif/2022/concordance/conc-10-stats-2022.xlsx,603892b51de70231,2026-09-07
9019100020,8524119000,conc-10-stats-2022.xlsx,https://www.cbsa-asfc.gc.ca/trade-commerce/tariff-tarif/2022/concordance/conc-10-stats-2022.xlsx,603892b51de70231,2026-09-07
9019200000,8524119000,conc-10-stats-2022.xlsx,https://www.cbsa-asfc.gc.ca/trade-commerce/tariff-tarif/2022/concordance/conc-10-stats-2022.xlsx,603892b51de70231,2026-09-07
9022901000,8524119000,conc-10-stats-2022.xlsx,https://www.cbsa-asfc.gc.ca/trade-commerce/tariff-tarif/2022/concordance/conc-10-stats-2022.xlsx,603892b51de70231,2026-09-07
9022902000,8524119000,conc-10-stats-2022.xlsx,https://www.cbsa-asfc.gc.ca/trade-commerce/tariff-tarif/2022/concordance/conc-10-stats-2022.xlsx,603892b51de70231,2026-09-07
9022909000,8524119000,conc-10-stats-2022.xlsx,https://www.cbsa-asfc.gc.ca/trade-commerce/tariff-tarif/2022/concordance/conc-10-stats-2022.xlsx,603892b51de70231,2026-09-07
9025900000,8524119000,conc-10-stats-2022.xlsx,https://www.cbsa-asfc.gc.ca/trade-commerce/tariff-tarif/2022/concordance/conc-10-stats-2022.xlsx,603892b51de70231,2026-09-07
9029900000,8524119000,conc-10-stats-2022.xlsx,https://www.cbsa-asfc.gc.ca/trade-commerce/tariff-tarif/2022/concordance/conc-10-stats-2022.xlsx,603892b51de70231,2026-09-07
9030900000,8524119000,conc-10-stats-2022.xlsx,https://www.cbsa-asfc.gc.ca/trade-commerce/tariff-tarif/2022/concordance/conc-10-stats-2022.xlsx,603892b51de70231,2026-09-07
9032900000,8524119000,conc-10-stats-2022.xlsx,https://www.cbsa-asfc.gc.ca/trade-commerce/tariff-tarif/2022/concordance/conc-10-stats-2022.xlsx,603892b51de70231,2026-09-07
9033000000,8524119000,conc-10-stats-2022.xlsx,https://www.cbsa-asfc.gc.ca/trade-commerce/tariff-tarif/2022/concordance/conc-10-stats-2022.xlsx,603892b51de70231,2026-09-07
9114900000,8524119000,conc-10-stats-2022.xlsx,https://www.cbsa-asfc.gc.ca/trade-commerce/tariff-tarif/2022/concordance/conc-10-stats-2022.xlsx,603892b51de70231,2026-09-07
9504300080,8524119000,conc-10-stats-2022.xlsx,https://www.cbsa-asfc.gc.ca/trade-commerce/tariff-tarif/2022/concordance/conc-10-stats-2022.xlsx,603892b51de70231,2026-09-07
9504500080,8524119000,conc-10-stats-2022.xlsx,https://www.cbsa-asfc.gc.ca/trade-commerce/tariff-tarif/2022/concordance/conc-10-stats-2022.xlsx,603892b51de70231,2026-09-07
9504900090,8524119000,conc-10-stats-2022.xlsx,https://www.cbsa-asfc.gc.ca/trade-commerce/tariff-tarif/2022/concordance/conc-10-stats-2022.xlsx,603892b51de70231,2026-09-07
9506910010,8524119000,conc-10-stats-2022.xlsx,https://www.cbsa-asfc.gc.ca/trade-commerce/tariff-tarif/2022/concordance/conc-10-stats-2022.xlsx,603892b51de70231,2026-09-07
9506910090,8524119000,conc-10-stats-2022.xlsx,https://www.cbsa-asfc.gc.ca/trade-commerce/tariff-tarif/2022/concordance/conc-10-stats-2022.xlsx,603892b51de70231,2026-09-07
8708299990,8524121000,conc-10-stats-2022.xlsx,https://www.cbsa-asfc.gc.ca/trade-commerce/tariff-tarif/2022/concordance/conc-10-stats-2022.xlsx,603892b51de70231,2026-09-07
8708999919,8524121000,conc-10-stats-2022.xlsx,https://www.cbsa-asfc.gc.ca/trade-commerce/tariff-tarif/2022/concordance/conc-10-stats-2022.xlsx,603892b51de70231,2026-09-07
8708999999,8524121000,conc-10-stats-2022.xlsx,https://www.cbsa-asfc.gc.ca/trade-commerce/tariff-tarif/2022/concordance/conc-10-stats-2022.xlsx,603892b51de70231,2026-09-07
8509909000,8524122000,conc-10-stats-2022.xlsx,https://www.cbsa-asfc.gc.ca/trade-commerce/tariff-tarif/2022/concordance/conc-10-stats-2022.xlsx,603892b51de70231,2026-09-07
8415903000,8524129000,conc-10-stats-2022.xlsx,https://www.cbsa-asfc.gc.ca/trade-commerce/tariff-tarif/2022/concordance/conc-10-stats-2022.xlsx,603892b51de70231,2026-09-07
8419900010,8524129000,conc-10-stats-2022.xlsx,https://www.cbsa-asfc.gc.ca/trade-commerce/tariff-tarif/2022/concordance/conc-10-stats-2022.xlsx,603892b51de70231,2026-09-07
8419900020,8524129000,conc-10-stats-2022.xlsx,https://www.cbsa-asfc.gc.ca/trade-commerce/tariff-tarif/2022/concordance/conc-10-stats-2022.xlsx,603892b51de70231,2026-09-07
8419900030,8524129000,conc-10-stats-2022.xlsx,https://www.cbsa-asfc.gc.ca/trade-commerce/tariff-tarif/2022/concordance/conc-10-stats-2022.xlsx,603892b51de70231,2026-09-07
8419900090,8524129000,conc-10-stats-2022.xlsx,https://www.cbsa-asfc.gc.ca/trade-commerce/tariff-tarif/2022/concordance/conc-10-stats-2022.xlsx,603892b51de70231,2026-09-07
8423900000,8524129000,conc-10-stats-2022.xlsx,https://www.cbsa-asfc.gc.ca/trade-commerce/tariff-tarif/2022/concordance/conc-10-stats-2022.xlsx,603892b51de70231,2026-09-07
8431100090,8524129000,conc-10-stats-2022.xlsx,https://www.cbsa-asfc.gc.ca/trade-commerce/tariff-tarif/2022/concordance/conc-10-stats-2022.xlsx,603892b51de70231,2026-09-07
8431200000,8524129000,conc-10-stats-2022.xlsx,https://www.cbsa-asfc.gc.ca/trade-commerce/tariff-tarif/2022/concordance/conc-10-stats-2022.xlsx,603892b51de70231,2026-09-07
8431310010,8524129000,conc-10-stats-2022.xlsx,https://www.cbsa-asfc.gc.ca/trade-commerce/tariff-tarif/2022/concordance/conc-10-stats-2022.xlsx,603892b51de70231,2026-09-07
8431310020,8524129000,conc-10-stats-2022.xlsx,https://www.cbsa-asfc.gc.ca/trade-commerce/tariff-tarif/2022/concordance/conc-10-stats-2022.xlsx,603892b51de70231,2026-09-07
8431310030,8524129000,conc-10-stats-2022.xlsx,https://www.cbsa-asfc.gc.ca/trade-commerce/tariff-tarif/2022/concordance/conc-10-stats-2022.xlsx,603892b51de70231,2026-09-07
8431390010,8524129000,conc-10-stats-2022.xlsx,https://www.cbsa-asfc.gc.ca/trade-commerce/tariff-tarif/2022/concordance/conc-10-stats-2022.xlsx,603892b51de70231,2026-09-07
8431390020,8524129000,conc-10-stats-2022.xlsx,https://www.cbsa-asfc.gc.ca/trade-commerce/tariff-tarif/2022/concordance/conc-10-stats-2022.xlsx,603892b51de70231,2026-09-07
8431390090,8524129000,conc-10-stats-2022.xlsx,https://www.cbsa-asfc.gc.ca/trade-commerce/tariff-tarif/2022/concordance/conc-10-stats-2022.xlsx,603892b51de70231,2026-09-07
8431430020,8524129000,conc-10-stats-2022.xlsx,https://www.cbsa-asfc.gc.ca/trade-commerce/tariff-tarif/2022/concordance/conc-10-stats-2022.xlsx,603892b51de70231,2026-09-07
8431430090,8524129000,conc-10-stats-2022.xlsx,https://www.cbsa-asfc.gc.ca/trade-commerce/tariff-tarif/2022/concordance/conc-10-stats-2022.xlsx,603892b51de70231,2026-09-07
8431490012,8524129000,conc-10-stats-2022.xlsx,https://www.cbsa-asfc.gc.ca/trade-commerce/tariff-tarif/2022/concordance/conc-10-stats-2022.xlsx,603892b51de70231,2026-09-07
8431490019,8524129000,conc-10-stats-2022.xlsx,https://www.cbsa-asfc.gc.ca/trade-commerce/tariff-tarif/2022/concordance/conc-10-stats-2022.xlsx,603892b51de70231,2026-09-07
8431490091,8524129000,conc-10-stats-2022.xlsx,https://www.cbsa-asfc.gc.ca/trade-commerce/tariff-tarif/2022/concordance/conc-10-stats-2022.xlsx,603892b51de70231,2026-09-07
8431490099,8524129000,conc-10-stats-2022.xlsx,https://www.cbsa-asfc.gc.ca/trade-commerce/tariff-tarif/2022/concordance/conc-10-stats-2022.xlsx,603892b51de70231,2026-09-07
8443990090,8524129000,conc-10-stats-2022.xlsx,https://www.cbsa-asfc.gc.ca/trade-commerce/tariff-tarif/2022/concordance/conc-10-stats-2022.xlsx,603892b51de70231,2026-09-07
8473210000,8524129000,conc-10-stats-2022.xlsx,https://www.cbsa-asfc.gc.ca/trade-commerce/tariff-tarif/2022/concordance/conc-10-stats-2022.xlsx,603892b51de70231,2026-09-07
8473290000,8524129000,conc-10-stats-2022.xlsx,https://www.cbsa-asfc.gc.ca/trade-commerce/tariff-tarif/2022/concordance/conc-10-stats-2022.xlsx,603892b51de70231,2026-09-07
8473302000,8524129000,conc-10-stats-2022.xlsx,https://www.cbsa-asfc.gc.ca/trade-commerce/tariff-tarif/2022/concordance/conc-10-stats-2022.xlsx,603892b51de70231,2026-09-07
8473303000,8524129000,conc-10-stats-2022.xlsx,https://www.cbsa-asfc.gc.ca/trade-commerce/tariff-tarif/2022/concordance/conc-10-stats-2022.xlsx,603892b51de70231,2026-09-07
8473309000,8524129000,conc-10-stats-2022.xlsx,https://www.cbsa-asfc.gc.ca/trade-commerce/tariff-tarif/2022/concordance/conc-10-stats-2022.xlsx,603892b51de70231,2026-09-07
8473400000,8524129000,conc-10-stats-2022.xlsx,https://www.cbsa-asfc.gc.ca/trade-commerce/tariff-tarif/2022/concordance/conc-10-stats-2022.xlsx,603892b51de70231,2026-09-07
8473501000,8524129000,conc-10-stats-2022.xlsx,https://www.cbsa-asfc.gc.ca/trade-commerce/tariff-tarif/2022/concordance/conc-10-stats-2022.xlsx,603892b51de70231,2026-09-07
8473502000,8524129000,conc-10-stats-2022.xlsx,https://www.cbsa-asfc.gc.ca/trade-commerce/tariff-tarif/2022/concordance/conc-10-stats-2022.xlsx,603892b51de70231,2026-09-07
8473509000,8524129000,conc-10-stats-2022.xlsx,https://www.cbsa-asfc.gc.ca/trade-commerce/tariff-tarif/2022/concordance/conc-10-stats-2022.xlsx,603892b51de70231,2026-09-07
8476900000,8524129000,conc-10-stats-2022.xlsx,https://www.cbsa-asfc.gc.ca/trade-commerce/tariff-tarif/2022/concordance/conc-10-stats-2022.xlsx,603892b51de70231,2026-09-07
8486900000,8524129000,conc-10-stats-2022.xlsx,https://www.cbsa-asfc.gc.ca/trade-commerce/tariff-tarif/2022/concordance/conc-10-stats-2022.xlsx,603892b51de70231,2026-09-07
8504901000,8524129000,conc-10-stats-2022.xlsx,https://www.cbsa-asfc.gc.ca/trade-commerce/tariff-tarif/2022/concordance/conc-10-stats-2022.xlsx,603892b51de70231,2026-09-07
8504909081,8524129000,conc-10-stats-2022.xlsx,https://www.cbsa-asfc.gc.ca/trade-commerce/tariff-tarif/2022/concordance/conc-10-stats-2022.xlsx,603892b51de70231,2026-09-07
8504909082,8524129000,conc-10-stats-2022.xlsx,https://www.cbsa-asfc.gc.ca/trade-commerce/tariff-tarif/2022/concordance/conc-10-stats-2022.xlsx,603892b51de70231,2026-09-07
8504909090,8524129000,conc-10-stats-2022.xlsx,https://www.cbsa-asfc.gc.ca/trade-commerce/tariff-tarif/2022/concordance/conc-10-stats-2022.xlsx,603892b51de70231,2026-09-07
8509902000,8524129000,conc-10-stats-2022.xlsx,https://www.cbsa-asfc.gc.ca/trade-commerce/tariff-tarif/2022/concordance/conc-10-stats-2022.xlsx,603892b51de70231,2026-09-07
8516904000,8524129000,conc-10-stats-2022.xlsx,https://www.cbsa-asfc.gc.ca/trade-commerce/tariff-tarif/2022/concordance/conc-10-stats-2022.xlsx,603892b51de70231,2026-09-07
8516906000,8524129000,conc-10-stats-2022.xlsx,https://www.cbsa-asfc.gc.ca/trade-commerce/tariff-tarif/2022/concordance/conc-10-stats-2022.xlsx,603892b51de70231,2026-09-07
8516909070,8524129000,conc-10-stats-2022.xlsx,https://www.cbsa-asfc.gc.ca/trade-commerce/tariff-tarif/2022/concordance/conc-10-stats-2022.xlsx,603892b51de70231,2026-09-07
8516909090,8524129000,conc-10-stats-2022.xlsx,https://www.cbsa-asfc.gc.ca/trade-commerce/tariff-tarif/2022/concordance/conc-10-stats-2022.xlsx,603892b51de70231,2026-09-07
8517700000,8524129000,conc-10-stats-2022.xlsx,https://www.cbsa-asfc.gc.ca/trade-commerce/tariff-tarif/2022/concordance/conc-10-stats-2022.xlsx,603892b51de70231,2026-09-07
8522901000,8524129000,conc-10-stats-2022.xlsx,https://www.cbsa-asfc.gc.ca/trade-commerce/tariff-tarif/2022/concordance/conc-10-stats-2022.xlsx,603892b51de70231,2026-09-07
8522909000,8524129000,conc-10-stats-2022.xlsx,https://www.cbsa-asfc.gc.ca/trade-commerce/tariff-tarif/2022/concordance/conc-10-stats-2022.xlsx,603892b51de70231,2026-09-07
8529901000,8524129000,conc-10-stats-2022.xlsx,https://www.cbsa-asfc.gc.ca/trade-commerce/tariff-tarif/2022/concordance/conc-10-stats-2022.xlsx,603892b51de70231,2026-09-07
8529903100,8524129000,conc-10-stats-2022.xlsx,https://www.cbsa-asfc.gc.ca/trade-commerce/tariff-tarif/2022/concordance/conc-10-stats-2022.xlsx,603892b51de70231,2026-09-07
8529903900,8524129000,conc-10-stats-2022.xlsx,https://www.cbsa-asfc.gc.ca/trade-commerce/tariff-tarif/2022/concordance/conc-10-stats-2022.xlsx,603892b51de70231,2026-09-07
8529905000,8524129000,conc-10-stats-2022.xlsx,https://www.cbsa-asfc.gc.ca/trade-commerce/tariff-tarif/2022/concordance/conc-10-stats-2022.xlsx,603892b51de70231,2026-09-07
8529906000,8524129000,conc-10-stats-2022.xlsx,https://www.cbsa-asfc.gc.ca/trade-commerce/tariff-tarif/2022/concordance/conc-10-stats-2022.xlsx,603892b51de70231,2026-09-07
8529909000,8524129000,conc-10-stats-2022.xlsx,https://www.cbsa-asfc.gc.ca/trade-commerce/tariff-tarif/2022/concordance/conc-10-stats-2022.xlsx,603892b51de70231,2026-09-07
8543900000,8524129000,conc-10-stats-2022.xlsx,https://www.cbsa-asfc.gc.ca/trade-commerce/tariff-tarif/2022/concordance/conc-10-stats-2022.xlsx,603892b51de70231,2026-09-07
8708299100,8524129000,conc-10-stats-2022.xlsx,https://www.cbsa-asfc.gc.ca/trade-commerce/tariff-tarif/2022/concordance/conc-10-stats-2022.xlsx,603892b51de70231,2026-09-07
8708999100,8524129000,conc-10-stats-2022.xlsx,https://www.cbsa-asfc.gc.ca/trade-commerce/tariff-tarif/2022/concordance/conc-10-stats-2022.xlsx,603892b51de70231,2026-09-07
8714100000,8524129000,conc-10-stats-2022.xlsx,https://www.cbsa-asfc.gc.ca/trade-commerce/tariff-tarif/2022/concordance/conc-10-stats-2022.xlsx,603892b51de70231,2026-09-07
8714200000,8524129000,conc-10-stats-2022.xlsx,https://www.cbsa-asfc.gc.ca/trade-commerce/tariff-tarif/2022/concordance/conc-10-stats-2022.xlsx,603892b51de70231,2026-09-07
8714999000,8524129000,conc-10-stats-2022.xlsx,https://www.cbsa-asfc.gc.ca/trade-commerce/tariff-tarif/2022/concordance/conc-10-stats-2022.xlsx,603892b51de70231,2026-09-07
8803300000,8524129000,conc-10-stats-2022.xlsx,https://www.cbsa-asfc.gc.ca/trade-commerce/tariff-tarif/2022/concordance/conc-10-stats-2022.xlsx,603892b51de70231,2026-09-07
8803900000,8524129000,conc-10-stats-2022.xlsx,https://www.cbsa-asfc.gc.ca/trade-commerce/tariff-tarif/2022/concordance/conc-10-stats-2022.xlsx,603892b51de70231,2026-09-07
9015900000,8524129000,conc-10-stats-2022.xlsx,https://www.cbsa-asfc.gc.ca/trade-commerce/tariff-tarif/2022/concordance/conc-10-stats-2022.xlsx,603892b51de70231,2026-09-07
9017900000,8524129000,conc-10-stats-2022.xlsx,https://www.cbsa-asfc.gc.ca/trade-commerce/tariff-tarif/2022/concordance/conc-10-stats-2022.xlsx,603892b51de70231,2026-09-07
9018119100,8524129000,conc-10-stats-2022.xlsx,https://www.cbsa-asfc.gc.ca/trade-commerce/tariff-tarif/2022/concordance/conc-10-stats-2022.xlsx,603892b51de70231,2026-09-07
9018119900,8524129000,conc-10-stats-2022.xlsx,https://www.cbsa-asfc.gc.ca/trade-commerce/tariff-tarif/2022/concordance/conc-10-stats-2022.xlsx,603892b51de70231,2026-09-07
9018120000,8524129000,conc-10-stats-2022.xlsx,https://www.cbsa-asfc.gc.ca/trade-commerce/tariff-tarif/2022/concordance/conc-10-stats-2022.xlsx,603892b51de70231,2026-09-07
9018130000,8524129000,conc-10-stats-2022.xlsx,https://www.cbsa-asfc.gc.ca/trade-commerce/tariff-tarif/2022/concordance/conc-10-stats-2022.xlsx,603892b51de70231,2026-09-07
9018140000,8524129000,conc-10-stats-2022.xlsx,https://www.cbsa-asfc.gc.ca/trade-commerce/tariff-tarif/2022/concordance/conc-10-stats-2022.xlsx,603892b51de70231,2026-09-07
9018191010,8524129000,conc-10-stats-2022.xlsx,https://www.cbsa-asfc.gc.ca/trade-commerce/tariff-tarif/2022/concordance/conc-10-stats-2022.xlsx,603892b51de70231,2026-09-07
9018191090,8524129000,conc-10-stats-2022.xlsx,https://www.cbsa-asfc.gc.ca/trade-commerce/tariff-tarif/2022/concordance/conc-10-stats-2022.xlsx,603892b51de70231,2026-09-07
9018199010,8524129000,conc-10-stats-2022.xlsx,https://www.cbsa-asfc.gc.ca/trade-commerce/tariff-tarif/2022/concordance/conc-10-stats-2022.xlsx,603892b51de70231,2026-09-07
9018199090,8524129000,conc-10-stats-2022.xlsx,https://www.cbsa-asfc.gc.ca/trade-commerce/tariff-tarif/2022/concordance/conc-10-stats-2022.xlsx,603892b51de70231,2026-09-07
9018200000,8524129000,conc-10-stats-2022.xlsx,https://www.cbsa-asfc.gc.ca/trade-commerce/tariff-tarif/2022/concordance/conc-10-stats-2022.xlsx,603892b51de70231,2026-09-07
9018410000,8524129000,conc-10-stats-2022.xlsx,https://www.cbsa-asfc.gc.ca/trade-commerce/tariff-tarif/2022/concordance/conc-10-stats-2022.xlsx,603892b51de70231,2026-09-07
9018490000,8524129000,conc-10-stats-2022.xlsx,https://www.cbsa-asfc.gc.ca/trade-commerce/tariff-tarif/2022/concordance/conc-10-stats-2022.xlsx,603892b51de70231,2026-09-07
9018500000,8524129000,conc-10-stats-2022.xlsx,https://www.cbsa-asfc.gc.ca/trade-commerce/tariff-tarif/2022/concordance/conc-10-stats-2022.xlsx,603892b51de70231,2026-09-07
9018901000,8524129000,conc-10-stats-2022.xlsx,https://www.cbsa-asfc.gc.ca/trade-commerce/tariff-tarif/2022/concordance/conc-10-stats-2022.xlsx,603892b51de70231,2026-09-07
9018902000,8524129000,conc-10-stats-2022.xlsx,https://www.cbsa-asfc.gc.ca/trade-commerce/tariff-tarif/2022/concordance/conc-10-stats-2022.xlsx,603892b51de70231,2026-09-07
9018909083,8524129000,conc-10-stats-2022.xlsx,https://www.cbsa-asfc.gc.ca/trade-commerce/tariff-tarif/2022/concordance/conc-10-stats-2022.xlsx,603892b51de70231,2026-09-07
9018909084,8524129000,conc-10-stats-2022.xlsx,https://www.cbsa-asfc.gc.ca/trade-commerce/tariff-tarif/2022/concordance/conc-10-stats-2022.xlsx,603892b51de70231,2026-09-07
9018909085,8524129000,conc-10-stats-2022.xlsx,https://www.cbsa-asfc.gc.ca/trade-commerce/tariff-tarif/2022/concordance/conc-10-stats-2022.xlsx,603892b51de70231,2026-09-07
9018909089,8524129000,conc-10-stats-2022.xlsx,https://www.cbsa-asfc.gc.ca/trade-commerce/tariff-tarif/2022/concordance/conc-10-stats-2022.xlsx,603892b51de70231,2026-09-07
9019100010,8524129000,conc-10-stats-2022.xlsx,https://www.cbsa-asfc.gc.ca/trade-commerce/tariff-tarif/2022/concordance/conc-10-stats-2022.xlsx,603892b51de70231,2026-09-07
9019100020,8524129000,conc-10-stats-2022.xlsx,https://www.cbsa-asfc.gc.ca/trade-commerce/tariff-tarif/2022/concordance/conc-10-stats-2022.xlsx,603892b51de70231,2026-09-07
9019200000,8524129000,conc-10-stats-2022.xlsx,https://www.cbsa-asfc.gc.ca/trade-commerce/tariff-tarif/2022/concordance/conc-10-stats-2022.xlsx,603892b51de70231,2026-09-07
9022901000,8524129000,conc-10-stats-2022.xlsx,https://www.cbsa-asfc.gc.ca/trade-commerce/tariff-tarif/2022/concordance/conc-10-stats-2022.xlsx,603892b51de70231,2026-09-07
9022902000,8524129000,conc-10-stats-2022.xlsx,https://www.cbsa-asfc.gc.ca/trade-commerce/tariff-tarif/2022/concordance/conc-10-stats-2022.xlsx,603892b51de70231,2026-09-07
9022909000,8524129000,conc-10-stats-2022.xlsx,https://www.cbsa-asfc.gc.ca/trade-commerce/tariff-tarif/2022/concordance/conc-10-stats-2022.xlsx,603892b51de70231,2026-09-07
9025900000,8524129000,conc-10-stats-2022.xlsx,https://www.cbsa-asfc.gc.ca/trade-commerce/tariff-tarif/2022/concordance/conc-10-stats-2022.xlsx,603892b51de70231,2026-09-07
9029900000,8524129000,conc-10-stats-2022.xlsx,https://www.cbsa-asfc.gc.ca/trade-commerce/tariff-tarif/2022/concordance/conc-10-stats-2022.xlsx,603892b51de70231,2026-09-07
9030900000,8524129000,conc-10-stats-2022.xlsx,https://www.cbsa-asfc.gc.ca/trade-commerce/tariff-tarif/2022/concordance/conc-10-stats-2022.xlsx,603892b51de70231,2026-09-07
9032900000,8524129000,conc-10-stats-2022.xlsx,https://www.cbsa-asfc.gc.ca/trade-commerce/tariff-tarif/2022/concordance/conc-10-stats-2022.xlsx,603892b51de70231,2026-09-07
9033000000,8524129000,conc-10-stats-2022.xlsx,https://www.cbsa-asfc.gc.ca/trade-commerce/tariff-tarif/2022/concordance/conc-10-stats-2022.xlsx,603892b51de70231,2026-09-07
9114900000,8524129000,conc-10-stats-2022.xlsx,https://www.cbsa-asfc.gc.ca/trade-commerce/tariff-tarif/2022/concordance/conc-10-stats-2022.xlsx,603892b51de70231,2026-09-07
9504300080,8524129000,conc-10-stats-2022.xlsx,https://www.cbsa-asfc.gc.ca/trade-commerce/tariff-tarif/2022/concordance/conc-10-stats-2022.xlsx,603892b51de70231,2026-09-07
9504500080,8524129000,conc-10-stats-2022.xlsx,https://www.cbsa-asfc.gc.ca/trade-commerce/tariff-tarif/2022/concordance/conc-10-stats-2022.xlsx,603892b51de70231,2026-09-07
9504900090,8524129000,conc-10-stats-2022.xlsx,https://www.cbsa-asfc.gc.ca/trade-commerce/tariff-tarif/2022/concordance/conc-10-stats-2022.xlsx,603892b51de70231,2026-09-07
9506910010,8524129000,conc-10-stats-2022.xlsx,https://www.cbsa-asfc.gc.ca/trade-commerce/tariff-tarif/2022/concordance/conc-10-stats-2022.xlsx,603892b51de70231,2026-09-07
9506910090,8524129000,conc-10-stats-2022.xlsx,https://www.cbsa-asfc.gc.ca/trade-commerce/tariff-tarif/2022/concordance/conc-10-stats-2022.xlsx,603892b51de70231,2026-09-07
8708299990,8524191000,conc-10-stats-2022.xlsx,https://www.cbsa-asfc.gc.ca/trade-commerce/tariff-tarif/2022/concordance/conc-10-stats-2022.xlsx,603892b51de70231,2026-09-07
8708999919,8524191000,conc-10-stats-2022.xlsx,https://www.cbsa-asfc.gc.ca/trade-commerce/tariff-tarif/2022/concordance/conc-10-stats-2022.xlsx,603892b51de70231,2026-09-07
8708999999,8524191000,conc-10-stats-2022.xlsx,https://www.cbsa-asfc.gc.ca/trade-commerce/tariff-tarif/2022/concordance/conc-10-stats-2022.xlsx,603892b51de70231,2026-09-07
8509909000,8524192000,conc-10-stats-2022.xlsx,https://www.cbsa-asfc.gc.ca/trade-commerce/tariff-tarif/2022/concordance/conc-10-stats-2022.xlsx,603892b51de70231,2026-09-07
8415903000,8524199000,conc-10-stats-2022.xlsx,https://www.cbsa-asfc.gc.ca/trade-commerce/tariff-tarif/2022/concordance/conc-10-stats-2022.xlsx,603892b51de70231,2026-09-07
8419900010,8524199000,conc-10-stats-2022.xlsx,https://www.cbsa-asfc.gc.ca/trade-commerce/tariff-tarif/2022/concordance/conc-10-stats-2022.xlsx,603892b51de70231,2026-09-07
8419900020,8524199000,conc-10-stats-2022.xlsx,https://www.cbsa-asfc.gc.ca/trade-commerce/tariff-tarif/2022/concordance/conc-10-stats-2022.xlsx,603892b51de70231,2026-09-07
8419900030,8524199000,conc-10-stats-2022.xlsx,https://www.cbsa-asfc.gc.ca/trade-commerce/tariff-tarif/2022/concordance/conc-10-stats-2022.xlsx,603892b51de70231,2026-09-07
8419900090,8524199000,conc-10-stats-2022.xlsx,https://www.cbsa-asfc.gc.ca/trade-commerce/tariff-tarif/2022/concordance/conc-10-stats-2022.xlsx,603892b51de70231,2026-09-07
8423900000,8524199000,conc-10-stats-2022.xlsx,https://www.cbsa-asfc.gc.ca/trade-commerce/tariff-tarif/2022/concordance/conc-10-stats-2022.xlsx,603892b51de70231,2026-09-07
8431100090,8524199000,conc-10-stats-2022.xlsx,https://www.cbsa-asfc.gc.ca/trade-commerce/tariff-tarif/2022/concordance/conc-10-stats-2022.xlsx,603892b51de70231,2026-09-07
8431200000,8524199000,conc-10-stats-2022.xlsx,https://www.cbsa-asfc.gc.ca/trade-commerce/tariff-tarif/2022/concordance/conc-10-stats-2022.xlsx,603892b51de70231,2026-09-07
8431310010,8524199000,conc-10-stats-2022.xlsx,https://www.cbsa-asfc.gc.ca/trade-commerce/tariff-tarif/2022/concordance/conc-10-stats-2022.xlsx,603892b51de70231,2026-09-07
8431310020,8524199000,conc-10-stats-2022.xlsx,https://www.cbsa-asfc.gc.ca/trade-commerce/tariff-tarif/2022/concordance/conc-10-stats-2022.xlsx,603892b51de70231,2026-09-07
8431310030,8524199000,conc-10-stats-2022.xlsx,https://www.cbsa-asfc.gc.ca/trade-commerce/tariff-tarif/2022/concordance/conc-10-stats-2022.xlsx,603892b51de70231,2026-09-07
8431390010,8524199000,conc-10-stats-2022.xlsx,https://www.cbsa-asfc.gc.ca/trade-commerce/tariff-tarif/2022/concordance/conc-10-stats-2022.xlsx,603892b51de70231,2026-09-07
8431390020,8524199000,conc-10-stats-2022.xlsx,https://www.cbsa-asfc.gc.ca/trade-commerce/tariff-tarif/2022/concordance/conc-10-stats-2022.xlsx,603892b51de70231,2026-09-07
8431390090,8524199000,conc-10-stats-2022.xlsx,https://www.cbsa-asfc.gc.ca/trade-commerce/tariff-tarif/2022/concordance/conc-10-stats-2022.xlsx,603892b51de70231,2026-09-07
8431430020,8524199000,conc-10-stats-2022.xlsx,https://www.cbsa-asfc.gc.ca/trade-commerce/tariff-tarif/2022/concordance/conc-10-stats-2022.xlsx,603892b51de70231,2026-09-07
8431430090,8524199000,conc-10-stats-2022.xlsx,https://www.cbsa-asfc.gc.ca/trade-commerce/tariff-tarif/2022/concordance/conc-10-stats-2022.xlsx,603892b51de70231,2026-09-07
8431490012,8524199000,conc-10-stats-2022.xlsx,https://www.cbsa-asfc.gc.ca/trade-commerce/tariff-tarif/2022/concordance/conc-10-stats-2022.xlsx,603892b51de70231,2026-09-07
8431490019,8524199000,conc-10-stats-2022.xlsx,https://www.cbsa-asfc.gc.ca/trade-commerce/tariff-tarif/2022/concordance/conc-10-stats-2022.xlsx,603892b51de70231,2026-09-07
8431490091,8524199000,conc-10-stats-2022.xlsx,https://www.cbsa-asfc.gc.ca/trade-commerce/tariff-tarif/2022/concordance/conc-10-stats-2022.xlsx,603892b51de70231,2026-09-07
8431490099,8524199000,conc-10-stats-2022.xlsx,https://www.cbsa-asfc.gc.ca/trade-commerce/tariff-tarif/2022/concordance/conc-10-stats-2022.xlsx,603892b51de70231,2026-09-07
8443990090,8524199000,conc-10-stats-2022.xlsx,https://www.cbsa-asfc.gc.ca/trade-commerce/tariff-tarif/2022/concordance/conc-10-stats-2022.xlsx,603892b51de70231,2026-09-07
8473210000,8524199000,conc-10-stats-2022.xlsx,https://www.cbsa-asfc.gc.ca/trade-commerce/tariff-tarif/2022/concordance/conc-10-stats-2022.xlsx,603892b51de70231,2026-09-07
8473290000,8524199000,conc-10-stats-2022.xlsx,https://www.cbsa-asfc.gc.ca/trade-commerce/tariff-tarif/2022/concordance/conc-10-stats-2022.xlsx,603892b51de70231,2026-09-07
8473302000,8524199000,conc-10-stats-2022.xlsx,https://www.cbsa-asfc.gc.ca/trade-commerce/tariff-tarif/2022/concordance/conc-10-stats-2022.xlsx,603892b51de70231,2026-09-07
8473303000,8524199000,conc-10-stats-2022.xlsx,https://www.cbsa-asfc.gc.ca/trade-commerce/tariff-tarif/2022/concordance/conc-10-stats-2022.xlsx,603892b51de70231,2026-09-07
8473309000,8524199000,conc-10-stats-2022.xlsx,https://www.cbsa-asfc.gc.ca/trade-commerce/tariff-tarif/2022/concordance/conc-10-stats-2022.xlsx,603892b51de70231,2026-09-07
8473400000,8524199000,conc-10-stats-2022.xlsx,https://www.cbsa-asfc.gc.ca/trade-commerce/tariff-tarif/2022/concordance/conc-10-stats-2022.xlsx,603892b51de70231,2026-09-07
8473501000,8524199000,conc-10-stats-2022.xlsx,https://www.cbsa-asfc.gc.ca/trade-commerce/tariff-tarif/2022/concordance/conc-10-stats-2022.xlsx,603892b51de70231,2026-09-07
8473502000,8524199000,conc-10-stats-2022.xlsx,https://www.cbsa-asfc.gc.ca/trade-commerce/tariff-tarif/2022/concordance/conc-10-stats-2022.xlsx,603892b51de70231,2026-09-07
8473509000,8524199000,conc-10-stats-2022.xlsx,https://www.cbsa-asfc.gc.ca/trade-commerce/tariff-tarif/2022/concordance/conc-10-stats-2022.xlsx,603892b51de70231,2026-09-07
8476900000,8524199000,conc-10-stats-2022.xlsx,https://www.cbsa-asfc.gc.ca/trade-commerce/tariff-tarif/2022/concordance/conc-10-stats-2022.xlsx,603892b51de70231,2026-09-07
8486900000,8524199000,conc-10-stats-2022.xlsx,https://www.cbsa-asfc.gc.ca/trade-commerce/tariff-tarif/2022/concordance/conc-10-stats-2022.xlsx,603892b51de70231,2026-09-07
8504901000,8524199000,conc-10-stats-2022.xlsx,https://www.cbsa-asfc.gc.ca/trade-commerce/tariff-tarif/2022/concordance/conc-10-stats-2022.xlsx,603892b51de70231,2026-09-07
8504909081,8524199000,conc-10-stats-2022.xlsx,https://www.cbsa-asfc.gc.ca/trade-commerce/tariff-tarif/2022/concordance/conc-10-stats-2022.xlsx,603892b51de70231,2026-09-07
8504909082,8524199000,conc-10-stats-2022.xlsx,https://www.cbsa-asfc.gc.ca/trade-commerce/tariff-tarif/2022/concordance/conc-10-stats-2022.xlsx,603892b51de70231,2026-09-07
8504909090,8524199000,conc-10-stats-2022.xlsx,https://www.cbsa-asfc.gc.ca/trade-commerce/tariff-tarif/2022/concordance/conc-10-stats-2022.xlsx,603892b51de70231,2026-09-07
8509902000,8524199000,conc-10-stats-2022.xlsx,https://www.cbsa-asfc.gc.ca/trade-commerce/tariff-tarif/2022/concordance/conc-10-stats-2022.xlsx,603892b51de70231,2026-09-07
8516904000,8524199000,conc-10-stats-2022.xlsx,https://www.cbsa-asfc.gc.ca/trade-commerce/tariff-tarif/2022/concordance/conc-10-stats-2022.xlsx,603892b51de70231,2026-09-07
8516906000,8524199000,conc-10-stats-2022.xlsx,https://www.cbsa-asfc.gc.ca/trade-commerce/tariff-tarif/2022/concordance/conc-10-stats-2022.xlsx,603892b51de70231,2026-09-07
8516909070,8524199000,conc-10-stats-2022.xlsx,https://www.cbsa-asfc.gc.ca/trade-commerce/tariff-tarif/2022/concordance/conc-10-stats-2022.xlsx,603892b51de70231,2026-09-07
8516909090,8524199000,conc-10-stats-2022.xlsx,https://www.cbsa-asfc.gc.ca/trade-commerce/tariff-tarif/2022/concordance/conc-10-stats-2022.xlsx,603892b51de70231,2026-09-07
8517700000,8524199000,conc-10-stats-2022.xlsx,https://www.cbsa-asfc.gc.ca/trade-commerce/tariff-tarif/2022/concordance/conc-10-stats-2022.xlsx,603892b51de70231,2026-09-07
8522901000,8524199000,conc-10-stats-2022.xlsx,https://www.cbsa-asfc.gc.ca/trade-commerce/tariff-tarif/2022/concordance/conc-10-stats-2022.xlsx,603892b51de70231,2026-09-07
8522909000,8524199000,conc-10-stats-2022.xlsx,https://www.cbsa-asfc.gc.ca/trade-commerce/tariff-tarif/2022/concordance/conc-10-stats-2022.xlsx,603892b51de70231,2026-09-07
8529901000,8524199000,conc-10-stats-2022.xlsx,https://www.cbsa-asfc.gc.ca/trade-commerce/tariff-tarif/2022/concordance/conc-10-stats-2022.xlsx,603892b51de70231,2026-09-07
8529903100,8524199000,conc-10-stats-2022.xlsx,https://www.cbsa-asfc.gc.ca/trade-commerce/tariff-tarif/2022/concordance/conc-10-stats-2022.xlsx,603892b51de70231,2026-09-07
8529903900,8524199000,conc-10-stats-2022.xlsx,https://www.cbsa-asfc.gc.ca/trade-commerce/tariff-tarif/2022/concordance/conc-10-stats-2022.xlsx,603892b51de70231,2026-09-07
8529905000,8524199000,conc-10-stats-2022.xlsx,https://www.cbsa-asfc.gc.ca/trade-commerce/tariff-tarif/2022/concordance/conc-10-stats-2022.xlsx,603892b51de70231,2026-09-07
8529906000,8524199000,conc-10-stats-2022.xlsx,https://www.cbsa-asfc.gc.ca/trade-commerce/tariff-tarif/2022/concordance/conc-10-stats-2022.xlsx,603892b51de70231,2026-09-07
8529909000,8524199000,conc-10-stats-2022.xlsx,https://www.cbsa-asfc.gc.ca/trade-commerce/tariff-tarif/2022/concordance/conc-10-stats-2022.xlsx,603892b51de70231,2026-09-07
8543900000,8524199000,conc-10-stats-2022.xlsx,https://www.cbsa-asfc.gc.ca/trade-commerce/tariff-tarif/2022/concordance/conc-10-stats-2022.xlsx,603892b51de70231,2026-09-07
8708299100,8524199000,conc-10-stats-2022.xlsx,https://www.cbsa-asfc.gc.ca/trade-commerce/tariff-tarif/2022/concordance/conc-10-stats-2022.xlsx,603892b51de70231,2026-09-07
8708999100,8524199000,conc-10-stats-2022.xlsx,https://www.cbsa-asfc.gc.ca/trade-commerce/tariff-tarif/2022/concordance/conc-10-stats-2022.xlsx,603892b51de70231,2026-09-07
8714100000,8524199000,conc-10-stats-2022.xlsx,https://www.cbsa-asfc.gc.ca/trade-commerce/tariff-tarif/2022/concordance/conc-10-stats-2022.xlsx,603892b51de70231,2026-09-07
8714200000,8524199000,conc-10-stats-2022.xlsx,https://www.cbsa-asfc.gc.ca/trade-commerce/tariff-tarif/2022/concordance/conc-10-stats-2022.xlsx,603892b51de70231,2026-09-07
8714999000,8524199000,conc-10-stats-2022.xlsx,https://www.cbsa-asfc.gc.ca/trade-commerce/tariff-tarif/2022/concordance/conc-10-stats-2022.xlsx,603892b51de70231,2026-09-07
8803300000,8524199000,conc-10-stats-2022.xlsx,https://www.cbsa-asfc.gc.ca/trade-commerce/tariff-tarif/2022/concordance/conc-10-stats-2022.xlsx,603892b51de70231,2026-09-07
8803900000,8524199000,conc-10-stats-2022.xlsx,https://www.cbsa-asfc.gc.ca/trade-commerce/tariff-tarif/2022/concordance/conc-10-stats-2022.xlsx,603892b51de70231,2026-09-07
9015900000,8524199000,conc-10-stats-2022.xlsx,https://www.cbsa-asfc.gc.ca/trade-commerce/tariff-tarif/2022/concordance/conc-10-stats-2022.xlsx,603892b51de70231,2026-09-07
9017900000,8524199000,conc-10-stats-2022.xlsx,https://www.cbsa-asfc.gc.ca/trade-commerce/tariff-tarif/2022/concordance/conc-10-stats-2022.xlsx,603892b51de70231,2026-09-07
9018119100,8524199000,conc-10-stats-2022.xlsx,https://www.cbsa-asfc.gc.ca/trade-commerce/tariff-tarif/2022/concordance/conc-10-stats-2022.xlsx,603892b51de70231,2026-09-07
9018119900,8524199000,conc-10-stats-2022.xlsx,https://www.cbsa-asfc.gc.ca/trade-commerce/tariff-tarif/2022/concordance/conc-10-stats-2022.xlsx,603892b51de70231,2026-09-07
9018120000,8524199000,conc-10-stats-2022.xlsx,https://www.cbsa-asfc.gc.ca/trade-commerce/tariff-tarif/2022/concordance/conc-10-stats-2022.xlsx,603892b51de70231,2026-09-07
9018130000,8524199000,conc-10-stats-2022.xlsx,https://www.cbsa-asfc.gc.ca/trade-commerce/tariff-tarif/2022/concordance/conc-10-stats-2022.xlsx,603892b51de70231,2026-09-07
9018140000,8524199000,conc-10-stats-2022.xlsx,https://www.cbsa-asfc.gc.ca/trade-commerce/tariff-tarif/2022/concordance/conc-10-stats-2022.xlsx,603892b51de70231,2026-09-07
9018191010,8524199000,conc-10-stats-2022.xlsx,https://www.cbsa-asfc.gc.ca/trade-commerce/tariff-tarif/2022/concordance/conc-10-stats-2022.xlsx,603892b51de70231,2026-09-07
9018191090,8524199000,conc-10-stats-2022.xlsx,https://www.cbsa-asfc.gc.ca/trade-commerce/tariff-tarif/2022/concordance/conc-10-stats-2022.xlsx,603892b51de70231,2026-09-07
9018199010,8524199000,conc-10-stats-2022.xlsx,https://www.cbsa-asfc.gc.ca/trade-commerce/tariff-tarif/2022/concordance/conc-10-stats-2022.xlsx,603892b51de70231,2026-09-07
9018199090,8524199000,conc-10-stats-2022.xlsx,https://www.cbsa-asfc.gc.ca/trade-commerce/tariff-tarif/2022/concordance/conc-10-stats-2022.xlsx,603892b51de70231,2026-09-07
9018200000,8524199000,conc-10-stats-2022.xlsx,https://www.cbsa-asfc.gc.ca/trade-commerce/tariff-tarif/2022/concordance/conc-10-stats-2022.xlsx,603892b51de70231,2026-09-07
9018410000,8524199000,conc-10-stats-2022.xlsx,https://www.cbsa-asfc.gc.ca/trade-commerce/tariff-tarif/2022/concordance/conc-10-stats-2022.xlsx,603892b51de70231,2026-09-07
9018490000,8524199000,conc-10-stats-2022.xlsx,https://www.cbsa-asfc.gc.ca/trade-commerce/tariff-tarif/2022/concordance/conc-10-stats-2022.xlsx,603892b51de70231,2026-09-07
9018500000,8524199000,conc-10-stats-2022.xlsx,https://www.cbsa-asfc.gc.ca/trade-commerce/tariff-tarif/2022/concordance/conc-10-stats-2022.xlsx,603892b51de70231,2026-09-07
9018901000,8524199000,conc-10-stats-2022.xlsx,https://www.cbsa-asfc.gc.ca/trade-commerce/tariff-tarif/2022/concordance/conc-10-stats-2022.xlsx,603892b51de70231,2026-09-07
9018902000,8524199000,conc-10-stats-2022.xlsx,https://www.cbsa-asfc.gc.ca/trade-commerce/tariff-tarif/2022/concordance/conc-10-stats-2022.xlsx,603892b51de70231,2026-09-07
9018909083,8524199000,conc-10-stats-2022.xlsx,https://www.cbsa-asfc.gc.ca/trade-commerce/tariff-tarif/2022/concordance/conc-10-stats-2022.xlsx,603892b51de70231,2026-09-07
9018909084,8524199000,conc-10-stats-2022.xlsx,https://www.cbsa-asfc.gc.ca/trade-commerce/tariff-tarif/2022/concordance/conc-10-stats-2022.xlsx,603892b51de70231,2026-09-07
9018909085,8524199000,conc-10-stats-2022.xlsx,https://www.cbsa-asfc.gc.ca/trade-commerce/tariff-tarif/2022/concordance/conc-10-stats-2022.xlsx,603892b51de70231,2026-09-07
9018909089,8524199000,conc-10-stats-2022.xlsx,https://www.cbsa-asfc.gc.ca/trade-commerce/tariff-tarif/2022/concordance/conc-10-stats-2022.xlsx,603892b51de70231,2026-09-07
9019100010,8524199000,conc-10-stats-2022.xlsx,https://www.cbsa-asfc.gc.ca/trade-commerce/tariff-tarif/2022/concordance/conc-10-stats-2022.xlsx,603892b51de70231,2026-09-07
9019100020,8524199000,conc-10-stats-2022.xlsx,https://www.cbsa-asfc.gc.ca/trade-commerce/tariff-tarif/2022/concordance/conc-10-stats-2022.xlsx,603892b51de70231,2026-09-07
9019200000,8524199000,conc-10-stats-2022.xlsx,https://www.cbsa-asfc.gc.ca/trade-commerce/tariff-tarif/2022/concordance/conc-10-stats-2022.xlsx,603892b51de70231,2026-09-07
9022901000,8524199000,conc-10-stats-2022.xlsx,https://www.cbsa-asfc.gc.ca/trade-commerce/tariff-tarif/2022/concordance/conc-10-stats-2022.xlsx,603892b51de70231,2026-09-07
9022902000,8524199000,conc-10-stats-2022.xlsx,https://www.cbsa-asfc.gc.ca/trade-commerce/tariff-tarif/2022/concordance/conc-10-stats-2022.xlsx,603892b51de70231,2026-09-07
9022909000,8524199000,conc-10-stats-2022.xlsx,https://www.cbsa-asfc.gc.ca/trade-commerce/tariff-tarif/2022/concordance/conc-10-stats-2022.xlsx,603892b51de70231,2026-09-07
9025900000,8524199000,conc-10-stats-2022.xlsx,https://www.cbsa-asfc.gc.ca/trade-commerce/tariff-tarif/2022/concordance/conc-10-stats-2022.xlsx,603892b51de70231,2026-09-07
9029900000,8524199000,conc-10-stats-2022.xlsx,https://www.cbsa-asfc.gc.ca/trade-commerce/tariff-tarif/2022/concordance/conc-10-stats-2022.xlsx,603892b51de70231,2026-09-07
9030900000,8524199000,conc-10-stats-2022.xlsx,https://www.cbsa-asfc.gc.ca/trade-commerce/tariff-tarif/2022/concordance/conc-10-stats-2022.xlsx,603892b51de70231,2026-09-07
9032900000,8524199000,conc-10-stats-2022.xlsx,https://www.cbsa-asfc.gc.ca/trade-commerce/tariff-tarif/2022/concordance/conc-10-stats-2022.xlsx,603892b51de70231,2026-09-07
9033000000,8524199000,conc-10-stats-2022.xlsx,https://www.cbsa-asfc.gc.ca/trade-commerce/tariff-tarif/2022/concordance/conc-10-stats-2022.xlsx,603892b51de70231,2026-09-07
9114900000,8524199000,conc-10-stats-2022.xlsx,https://www.cbsa-asfc.gc.ca/trade-commerce/tariff-tarif/2022/concordance/conc-10-stats-2022.xlsx,603892b51de70231,2026-09-07
9504300080,8524199000,conc-10-stats-2022.xlsx,https://www.cbsa-asfc.gc.ca/trade-commerce/tariff-tarif/2022/concordance/conc-10-stats-2022.xlsx,603892b51de70231,2026-09-07
9504500080,8524199000,conc-10-stats-2022.xlsx,https://www.cbsa-asfc.gc.ca/trade-commerce/tariff-tarif/2022/concordance/conc-10-stats-2022.xlsx,603892b51de70231,2026-09-07
9504900090,8524199000,conc-10-stats-2022.xlsx,https://www.cbsa-asfc.gc.ca/trade-commerce/tariff-tarif/2022/concordance/conc-10-stats-2022.xlsx,603892b51de70231,2026-09-07
9506910010,8524199000,conc-10-stats-2022.xlsx,https://www.cbsa-asfc.gc.ca/trade-commerce/tariff-tarif/2022/concordance/conc-10-stats-2022.xlsx,603892b51de70231,2026-09-07
9506910090,8524199000,conc-10-stats-2022.xlsx,https://www.cbsa-asfc.gc.ca/trade-commerce/tariff-tarif/2022/concordance/conc-10-stats-2022.xlsx,603892b51de70231,2026-09-07
8708299990,8524911000,conc-10-stats-2022.xlsx,https://www.cbsa-asfc.gc.ca/trade-commerce/tariff-tarif/2022/concordance/conc-10-stats-2022.xlsx,603892b51de70231,2026-09-07
8708999919,8524911000,conc-10-stats-2022.xlsx,https://www.cbsa-asfc.gc.ca/trade-commerce/tariff-tarif/2022/concordance/conc-10-stats-2022.xlsx,603892b51de70231,2026-09-07
8708999999,8524911000,conc-10-stats-2022.xlsx,https://www.cbsa-asfc.gc.ca/trade-commerce/tariff-tarif/2022/concordance/conc-10-stats-2022.xlsx,603892b51de70231,2026-09-07
8509909000,8524912000,conc-10-stats-2022.xlsx,https://www.cbsa-asfc.gc.ca/trade-commerce/tariff-tarif/2022/concordance/conc-10-stats-2022.xlsx,603892b51de70231,2026-09-07
8415903000,8524919000,conc-10-stats-2022.xlsx,https://www.cbsa-asfc.gc.ca/trade-commerce/tariff-tarif/2022/concordance/conc-10-stats-2022.xlsx,603892b51de70231,2026-09-07
8419900010,8524919000,conc-10-stats-2022.xlsx,https://www.cbsa-asfc.gc.ca/trade-commerce/tariff-tarif/2022/concordance/conc-10-stats-2022.xlsx,603892b51de70231,2026-09-07
8419900020,8524919000,conc-10-stats-2022.xlsx,https://www.cbsa-asfc.gc.ca/trade-commerce/tariff-tarif/2022/concordance/conc-10-stats-2022.xlsx,603892b51de70231,2026-09-07
8419900030,8524919000,conc-10-stats-2022.xlsx,https://www.cbsa-asfc.gc.ca/trade-commerce/tariff-tarif/2022/concordance/conc-10-stats-2022.xlsx,603892b51de70231,2026-09-07
8419900090,8524919000,conc-10-stats-2022.xlsx,https://www.cbsa-asfc.gc.ca/trade-commerce/tariff-tarif/2022/concordance/conc-10-stats-2022.xlsx,603892b51de70231,2026-09-07
8423900000,8524919000,conc-10-stats-2022.xlsx,https://www.cbsa-asfc.gc.ca/trade-commerce/tariff-tarif/2022/concordance/conc-10-stats-2022.xlsx,603892b51de70231,2026-09-07
8431100090,8524919000,conc-10-stats-2022.xlsx,https://www.cbsa-asfc.gc.ca/trade-commerce/tariff-tarif/2022/concordance/conc-10-stats-2022.xlsx,603892b51de70231,2026-09-07
8431200000,8524919000,conc-10-stats-2022.xlsx,https://www.cbsa-asfc.gc.ca/trade-commerce/tariff-tarif/2022/concordance/conc-10-stats-2022.xlsx,603892b51de70231,2026-09-07
8431310010,8524919000,conc-10-stats-2022.xlsx,https://www.cbsa-asfc.gc.ca/trade-commerce/tariff-tarif/2022/concordance/conc-10-stats-2022.xlsx,603892b51de70231,2026-09-07
8431310020,8524919000,conc-10-stats-2022.xlsx,https://www.cbsa-asfc.gc.ca/trade-commerce/tariff-tarif/2022/concordance/conc-10-stats-2022.xlsx,603892b51de70231,2026-09-07
8431310030,8524919000,conc-10-stats-2022.xlsx,https://www.cbsa-asfc.gc.ca/trade-commerce/tariff-tarif/2022/concordance/conc-10-stats-2022.xlsx,603892b51de70231,2026-09-07
8431390010,8524919000,conc-10-stats-2022.xlsx,https://www.cbsa-asfc.gc.ca/trade-commerce/tariff-tarif/2022/concordance/conc-10-stats-2022.xlsx,603892b51de70231,2026-09-07
8431390020,8524919000,conc-10-stats-2022.xlsx,https://www.cbsa-asfc.gc.ca/trade-commerce/tariff-tarif/2022/concordance/conc-10-stats-2022.xlsx,603892b51de70231,2026-09-07
8431390090,8524919000,conc-10-stats-2022.xlsx,https://www.cbsa-asfc.gc.ca/trade-commerce/tariff-tarif/2022/concordance/conc-10-stats-2022.xlsx,603892b51de70231,2026-09-07
8431430020,8524919000,conc-10-stats-2022.xlsx,https://www.cbsa-asfc.gc.ca/trade-commerce/tariff-tarif/2022/concordance/conc-10-stats-2022.xlsx,603892b51de70231,2026-09-07
8431430090,8524919000,conc-10-stats-2022.xlsx,https://www.cbsa-asfc.gc.ca/trade-commerce/tariff-tarif/2022/concordance/conc-10-stats-2022.xlsx,603892b51de70231,2026-09-07
8431490012,8524919000,conc-10-stats-2022.xlsx,https://www.cbsa-asfc.gc.ca/trade-commerce/tariff-tarif/2022/concordance/conc-10-stats-2022.xlsx,603892b51de70231,2026-09-07
8431490019,8524919000,conc-10-stats-2022.xlsx,https://www.cbsa-asfc.gc.ca/trade-commerce/tariff-tarif/2022/concordance/conc-10-stats-2022.xlsx,603892b51de70231,2026-09-07
8431490091,8524919000,conc-10-stats-2022.xlsx,https://www.cbsa-asfc.gc.ca/trade-commerce/tariff-tarif/2022/concordance/conc-10-stats-2022.xlsx,603892b51de70231,2026-09-07
8431490099,8524919000,conc-10-stats-2022.xlsx,https://www.cbsa-asfc.gc.ca/trade-commerce/tariff-tarif/2022/concordance/conc-10-stats-2022.xlsx,603892b51de70231,2026-09-07
8443990090,8524919000,conc-10-stats-2022.xlsx,https://www.cbsa-asfc.gc.ca/trade-commerce/tariff-tarif/2022/concordance/conc-10-stats-2022.xlsx,603892b51de70231,2026-09-07
8473210000,8524919000,conc-10-stats-2022.xlsx,https://www.cbsa-asfc.gc.ca/trade-commerce/tariff-tarif/2022/concordance/conc-10-stats-2022.xlsx,603892b51de70231,2026-09-07
8473290000,8524919000,conc-10-stats-2022.xlsx,https://www.cbsa-asfc.gc.ca/trade-commerce/tariff-tarif/2022/concordance/conc-10-stats-2022.xlsx,603892b51de70231,2026-09-07
8473302000,8524919000,conc-10-stats-2022.xlsx,https://www.cbsa-asfc.gc.ca/trade-commerce/tariff-tarif/2022/concordance/conc-10-stats-2022.xlsx,603892b51de70231,2026-09-07
8473303000,8524919000,conc-10-stats-2022.xlsx,https://www.cbsa-asfc.gc.ca/trade-commerce/tariff-tarif/2022/concordance/conc-10-stats-2022.xlsx,603892b51de70231,2026-09-07
8473309000,8524919000,conc-10-stats-2022.xlsx,https://www.cbsa-asfc.gc.ca/trade-commerce/tariff-tarif/2022/concordance/conc-10-stats-2022.xlsx,603892b51de70231,2026-09-07
8473400000,8524919000,conc-10-stats-2022.xlsx,https://www.cbsa-asfc.gc.ca/trade-commerce/tariff-tarif/2022/concordance/conc-10-stats-2022.xlsx,603892b51de70231,2026-09-07
8473501000,8524919000,conc-10-stats-2022.xlsx,https://www.cbsa-asfc.gc.ca/trade-commerce/tariff-tarif/2022/concordance/conc-10-stats-2022.xlsx,603892b51de70231,2026-09-07
8473502000,8524919000,conc-10-stats-2022.xlsx,https://www.cbsa-asfc.gc.ca/trade-commerce/tariff-tarif/2022/concordance/conc-10-stats-2022.xlsx,603892b51de70231,2026-09-07
8473509000,8524919000,conc-10-stats-2022.xlsx,https://www.cbsa-asfc.gc.ca/trade-commerce/tariff-tarif/2022/concordance/conc-10-stats-2022.xlsx,603892b51de70231,2026-09-07
8476900000,8524919000,conc-10-stats-2022.xlsx,https://www.cbsa-asfc.gc.ca/trade-commerce/tariff-tarif/2022/concordance/conc-10-stats-2022.xlsx,603892b51de70231,2026-09-07
8486900000,8524919000,conc-10-stats-2022.xlsx,https://www.cbsa-asfc.gc.ca/trade-commerce/tariff-tarif/2022/concordance/conc-10-stats-2022.xlsx,603892b51de70231,2026-09-07
8504901000,8524919000,conc-10-stats-2022.xlsx,https://www.cbsa-asfc.gc.ca/trade-commerce/tariff-tarif/2022/concordance/conc-10-stats-2022.xlsx,603892b51de70231,2026-09-07
8504909081,8524919000,conc-10-stats-2022.xlsx,https://www.cbsa-asfc.gc.ca/trade-commerce/tariff-tarif/2022/concordance/conc-10-stats-2022.xlsx,603892b51de70231,2026-09-07
8504909082,8524919000,conc-10-stats-2022.xlsx,https://www.cbsa-asfc.gc.ca/trade-commerce/tariff-tarif/2022/concordance/conc-10-stats-2022.xlsx,603892b51de70231,2026-09-07
8504909090,8524919000,conc-10-stats-2022.xlsx,https://www.cbsa-asfc.gc.ca/trade-commerce/tariff-tarif/2022/concordance/conc-10-stats-2022.xlsx,603892b51de70231,2026-09-07
8509902000,8524919000,conc-10-stats-2022.xlsx,https://www.cbsa-asfc.gc.ca/trade-commerce/tariff-tarif/2022/concordance/conc-10-stats-2022.xlsx,603892b51de70231,2026-09-07
8516904000,8524919000,conc-10-stats-2022.xlsx,https://www.cbsa-asfc.gc.ca/trade-commerce/tariff-tarif/2022/concordance/conc-10-stats-2022.xlsx,603892b51de70231,2026-09-07
8516906000,8524919000,conc-10-stats-2022.xlsx,https://www.cbsa-asfc.gc.ca/trade-commerce/tariff-tarif/2022/concordance/conc-10-stats-2022.xlsx,603892b51de70231,2026-09-07
8516909070,8524919000,conc-10-stats-2022.xlsx,https://www.cbsa-asfc.gc.ca/trade-commerce/tariff-tarif/2022/concordance/conc-10-stats-2022.xlsx,603892b51de70231,2026-09-07
8516909090,8524919000,conc-10-stats-2022.xlsx,https://www.cbsa-asfc.gc.ca/trade-commerce/tariff-tarif/2022/concordance/conc-10-stats-2022.xlsx,603892b51de70231,2026-09-07
8517700000,8524919000,conc-10-stats-2022.xlsx,https://www.cbsa-asfc.gc.ca/trade-commerce/tariff-tarif/2022/concordance/conc-10-stats-2022.xlsx,603892b51de70231,2026-09-07
8522901000,8524919000,conc-10-stats-2022.xlsx,https://www.cbsa-asfc.gc.ca/trade-commerce/tariff-tarif/2022/concordance/conc-10-stats-2022.xlsx,603892b51de70231,2026-09-07
8522909000,8524919000,conc-10-stats-2022.xlsx,https://www.cbsa-asfc.gc.ca/trade-commerce/tariff-tarif/2022/concordance/conc-10-stats-2022.xlsx,603892b51de70231,2026-09-07
8529901000,8524919000,conc-10-stats-2022.xlsx,https://www.cbsa-asfc.gc.ca/trade-commerce/tariff-tarif/2022/concordance/conc-10-stats-2022.xlsx,603892b51de70231,2026-09-07
8529903100,8524919000,conc-10-stats-2022.xlsx,https://www.cbsa-asfc.gc.ca/trade-commerce/tariff-tarif/2022/concordance/conc-10-stats-2022.xlsx,603892b51de70231,2026-09-07
8529903900,8524919000,conc-10-stats-2022.xlsx,https://www.cbsa-asfc.gc.ca/trade-commerce/tariff-tarif/2022/concordance/conc-10-stats-2022.xlsx,603892b51de70231,2026-09-07
8529905000,8524919000,conc-10-stats-2022.xlsx,https://www.cbsa-asfc.gc.ca/trade-commerce/tariff-tarif/2022/concordance/conc-10-stats-2022.xlsx,603892b51de70231,2026-09-07
8529906000,8524919000,conc-10-stats-2022.xlsx,https://www.cbsa-asfc.gc.ca/trade-commerce/tariff-tarif/2022/concordance/conc-10-stats-2022.xlsx,603892b51de70231,2026-09-07
8529909000,8524919000,conc-10-stats-2022.xlsx,https://www.cbsa-asfc.gc.ca/trade-commerce/tariff-tarif/2022/concordance/conc-10-stats-2022.xlsx,603892b51de70231,2026-09-07
8543900000,8524919000,conc-10-stats-2022.xlsx,https://www.cbsa-asfc.gc.ca/trade-commerce/tariff-tarif/2022/concordance/conc-10-stats-2022.xlsx,603892b51de70231,2026-09-07
8708299100,8524919000,conc-10-stats-2022.xlsx,https://www.cbsa-asfc.gc.ca/trade-commerce/tariff-tarif/2022/concordance/conc-10-stats-2022.xlsx,603892b51de70231,2026-09-07
8708999100,8524919000,conc-10-stats-2022.xlsx,https://www.cbsa-asfc.gc.ca/trade-commerce/tariff-tarif/2022/concordance/conc-10-stats-2022.xlsx,603892b51de70231,2026-09-07
8714100000,8524919000,conc-10-stats-2022.xlsx,https://www.cbsa-asfc.gc.ca/trade-commerce/tariff-tarif/2022/concordance/conc-10-stats-2022.xlsx,603892b51de70231,2026-09-07
8714200000,8524919000,conc-10-stats-2022.xlsx,https://www.cbsa-asfc.gc.ca/trade-commerce/tariff-tarif/2022/concordance/conc-10-stats-2022.xlsx,603892b51de70231,2026-09-07
8714999000,8524919000,conc-10-stats-2022.xlsx,https://www.cbsa-asfc.gc.ca/trade-commerce/tariff-tarif/2022/concordance/conc-10-stats-2022.xlsx,603892b51de70231,2026-09-07
8803300000,8524919000,conc-10-stats-2022.xlsx,https://www.cbsa-asfc.gc.ca/trade-commerce/tariff-tarif/2022/concordance/conc-10-stats-2022.xlsx,603892b51de70231,2026-09-07
8803900000,8524919000,conc-10-stats-2022.xlsx,https://www.cbsa-asfc.gc.ca/trade-commerce/tariff-tarif/2022/concordance/conc-10-stats-2022.xlsx,603892b51de70231,2026-09-07
9015900000,8524919000,conc-10-stats-2022.xlsx,https://www.cbsa-asfc.gc.ca/trade-commerce/tariff-tarif/2022/concordance/conc-10-stats-2022.xlsx,603892b51de70231,2026-09-07
9017900000,8524919000,conc-10-stats-2022.xlsx,https://www.cbsa-asfc.gc.ca/trade-commerce/tariff-tarif/2022/concordance/conc-10-stats-2022.xlsx,603892b51de70231,2026-09-07
9018119100,8524919000,conc-10-stats-2022.xlsx,https://www.cbsa-asfc.gc.ca/trade-commerce/tariff-tarif/2022/concordance/conc-10-stats-2022.xlsx,603892b51de70231,2026-09-07
9018119900,8524919000,conc-10-stats-2022.xlsx,https://www.cbsa-asfc.gc.ca/trade-commerce/tariff-tarif/2022/concordance/conc-10-stats-2022.xlsx,603892b51de70231,2026-09-07
9018120000,8524919000,conc-10-stats-2022.xlsx,https://www.cbsa-asfc.gc.ca/trade-commerce/tariff-tarif/2022/concordance/conc-10-stats-2022.xlsx,603892b51de70231,2026-09-07
9018130000,8524919000,conc-10-stats-2022.xlsx,https://www.cbsa-asfc.gc.ca/trade-commerce/tariff-tarif/2022/concordance/conc-10-stats-2022.xlsx,603892b51de70231,2026-09-07
9018140000,8524919000,conc-10-stats-2022.xlsx,https://www.cbsa-asfc.gc.ca/trade-commerce/tariff-tarif/2022/concordance/conc-10-stats-2022.xlsx,603892b51de70231,2026-09-07
9018191010,8524919000,conc-10-stats-2022.xlsx,https://www.cbsa-asfc.gc.ca/trade-commerce/tariff-tarif/2022/concordance/conc-10-stats-2022.xlsx,603892b51de70231,2026-09-07
9018191090,8524919000,conc-10-stats-2022.xlsx,https://www.cbsa-asfc.gc.ca/trade-commerce/tariff-tarif/2022/concordance/conc-10-stats-2022.xlsx,603892b51de70231,2026-09-07
9018199010,8524919000,conc-10-stats-2022.xlsx,https://www.cbsa-asfc.gc.ca/trade-commerce/tariff-tarif/2022/concordance/conc-10-stats-2022.xlsx,603892b51de70231,2026-09-07
9018199090,8524919000,conc-10-stats-2022.xlsx,https://www.cbsa-asfc.gc.ca/trade-commerce/tariff-tarif/2022/concordance/conc-10-stats-2022.xlsx,603892b51de70231,2026-09-07
9018200000,8524919000,conc-10-stats-2022.xlsx,https://www.cbsa-asfc.gc.ca/trade-commerce/tariff-tarif/2022/concordance/conc-10-stats-2022.xlsx,603892b51de70231,2026-09-07
9018410000,8524919000,conc-10-stats-2022.xlsx,https://www.cbsa-asfc.gc.ca/trade-commerce/tariff-tarif/2022/concordance/conc-10-stats-2022.xlsx,603892b51de70231,2026-09-07
9018490000,8524919000,conc-10-stats-2022.xlsx,https://www.cbsa-asfc.gc.ca/trade-commerce/tariff-tarif/2022/concordance/conc-10-stats-2022.xlsx,603892b51de70231,2026-09-07
9018500000,8524919000,conc-10-stats-2022.xlsx,https://www.cbsa-asfc.gc.ca/trade-commerce/tariff-tarif/2022/concordance/conc-10-stats-2022.xlsx,603892b51de70231,2026-09-07
9018901000,8524919000,conc-10-stats-2022.xlsx,https://www.cbsa-asfc.gc.ca/trade-commerce/tariff-tarif/2022/concordance/conc-10-stats-2022.xlsx,603892b51de70231,2026-09-07
9018902000,8524919000,conc-10-stats-2022.xlsx,https://www.cbsa-asfc.gc.ca/trade-commerce/tariff-tarif/2022/concordance/conc-10-stats-2022.xlsx,603892b51de70231,2026-09-07
9018909083,8524919000,conc-10-stats-2022.xlsx,https://www.cbsa-asfc.gc.ca/trade-commerce/tariff-tarif/2022/concordance/conc-10-stats-2022.xlsx,603892b51de70231,2026-09-07
9018909084,8524919000,conc-10-stats-2022.xlsx,https://www.cbsa-asfc.gc.ca/trade-commerce/tariff-tarif/2022/concordance/conc-10-stats-2022.xlsx,603892b51de70231,2026-09-07
9018909085,8524919000,conc-10-stats-2022.xlsx,https://www.cbsa-asfc.gc.ca/trade-commerce/tariff-tarif/2022/concordance/conc-10-stats-2022.xlsx,603892b51de70231,2026-09-07
9018909089,8524919000,conc-10-stats-2022.xlsx,https://www.cbsa-asfc.gc.ca/trade-commerce/tariff-tarif/2022/concordance/conc-10-stats-2022.xlsx,603892b51de70231,2026-09-07
9019100010,8524919000,conc-10-stats-2022.xlsx,https://www.cbsa-asfc.gc.ca/trade-commerce/tariff-tarif/2022/concordance/conc-10-stats-2022.xlsx,603892b51de70231,2026-09-07
9019100020,8524919000,conc-10-stats-2022.xlsx,https://www.cbsa-asfc.gc.ca/trade-commerce/tariff-tarif/2022/concordance/conc-10-stats-2022.xlsx,603892b51de70231,2026-09-07
9019200000,8524919000,conc-10-stats-2022.xlsx,https://www.cbsa-asfc.gc.ca/trade-commerce/tariff-tarif/2022/concordance/conc-10-stats-2022.xlsx,603892b51de70231,2026-09-07
9022901000,8524919000,conc-10-stats-2022.xlsx,https://www.cbsa-asfc.gc.ca/trade-commerce/tariff-tarif/2022/concordance/conc-10-stats-2022.xlsx,603892b51de70231,2026-09-07
9022902000,8524919000,conc-10-stats-2022.xlsx,https://www.cbsa-asfc.gc.ca/trade-commerce/tariff-tarif/2022/concordance/conc-10-stats-2022.xlsx,603892b51de70231,2026-09-07
9022909000,8524919000,conc-10-stats-2022.xlsx,https://www.cbsa-asfc.gc.ca/trade-commerce/tariff-tarif/2022/concordance/conc-10-stats-2022.xlsx,603892b51de70231,2026-09-07
9025900000,8524919000,conc-10-stats-2022.xlsx,https://www.cbsa-asfc.gc.ca/trade-commerce/tariff-tarif/2022/concordance/conc-10-stats-2022.xlsx,603892b51de70231,2026-09-07
9029900000,8524919000,conc-10-stats-2022.xlsx,https://www.cbsa-asfc.gc.ca/trade-commerce/tariff-tarif/2022/concordance/conc-10-stats-2022.xlsx,603892b51de70231,2026-09-07
9030900000,8524919000,conc-10-stats-2022.xlsx,https://www.cbsa-asfc.gc.ca/trade-commerce/tariff-tarif/2022/concordance/conc-10-stats-2022.xlsx,603892b51de70231,2026-09-07
9032900000,8524919000,conc-10-stats-2022.xlsx,https://www.cbsa-asfc.gc.ca/trade-commerce/tariff-tarif/2022/concordance/conc-10-stats-2022.xlsx,603892b51de70231,2026-09-07
9033000000,8524919000,conc-10-stats-2022.xlsx,https://www.cbsa-asfc.gc.ca/trade-commerce/tariff-tarif/2022/concordance/conc-10-stats-2022.xlsx,603892b51de70231,2026-09-07
9114900000,8524919000,conc-10-stats-2022.xlsx,https://www.cbsa-asfc.gc.ca/trade-commerce/tariff-tarif/2022/concordance/conc-10-stats-2022.xlsx,603892b51de70231,2026-09-07
9504300080,8524919000,conc-10-stats-2022.xlsx,https://www.cbsa-asfc.gc.ca/trade-commerce/tariff-tarif/2022/concordance/conc-10-stats-2022.xlsx,603892b51de70231,2026-09-07
9504500080,8524919000,conc-10-stats-2022.xlsx,https://www.cbsa-asfc.gc.ca/trade-commerce/tariff-tarif/2022/concordance/conc-10-stats-2022.xlsx,603892b51de70231,2026-09-07
9504900090,8524919000,conc-10-stats-2022.xlsx,https://www.cbsa-asfc.gc.ca/trade-commerce/tariff-tarif/2022/concordance/conc-10-stats-2022.xlsx,603892b51de70231,2026-09-07
9506910010,8524919000,conc-10-stats-2022.xlsx,https://www.cbsa-asfc.gc.ca/trade-commerce/tariff-tarif/2022/concordance/conc-10-stats-2022.xlsx,603892b51de70231,2026-09-07
9506910090,8524919000,conc-10-stats-2022.xlsx,https://www.cbsa-asfc.gc.ca/trade-commerce/tariff-tarif/2022/concordance/conc-10-stats-2022.xlsx,603892b51de70231,2026-09-07
8708299990,8524921000,conc-10-stats-2022.xlsx,https://www.cbsa-asfc.gc.ca/trade-commerce/tariff-tarif/2022/concordance/conc-10-stats-2022.xlsx,603892b51de70231,2026-09-07
8708999919,8524921000,conc-10-stats-2022.xlsx,https://www.cbsa-asfc.gc.ca/trade-commerce/tariff-tarif/2022/concordance/conc-10-stats-2022.xlsx,603892b51de70231,2026-09-07
8708999999,8524921000,conc-10-stats-2022.xlsx,https://www.cbsa-asfc.gc.ca/trade-commerce/tariff-tarif/2022/concordance/conc-10-stats-2022.xlsx,603892b51de70231,2026-09-07
8509909000,8524922000,conc-10-stats-2022.xlsx,https://www.cbsa-asfc.gc.ca/trade-commerce/tariff-tarif/2022/concordance/conc-10-stats-2022.xlsx,603892b51de70231,2026-09-07
8415903000,8524929000,conc-10-stats-2022.xlsx,https://www.cbsa-asfc.gc.ca/trade-commerce/tariff-tarif/2022/concordance/conc-10-stats-2022.xlsx,603892b51de70231,2026-09-07
8419900010,8524929000,conc-10-stats-2022.xlsx,https://www.cbsa-asfc.gc.ca/trade-commerce/tariff-tarif/2022/concordance/conc-10-stats-2022.xlsx,603892b51de70231,2026-09-07
8419900020,8524929000,conc-10-stats-2022.xlsx,https://www.cbsa-asfc.gc.ca/trade-commerce/tariff-tarif/2022/concordance/conc-10-stats-2022.xlsx,603892b51de70231,2026-09-07
8419900030,8524929000,conc-10-stats-2022.xlsx,https://www.cbsa-asfc.gc.ca/trade-commerce/tariff-tarif/2022/concordance/conc-10-stats-2022.xlsx,603892b51de70231,2026-09-07
8419900090,8524929000,conc-10-stats-2022.xlsx,https://www.cbsa-asfc.gc.ca/trade-commerce/tariff-tarif/2022/concordance/conc-10-stats-2022.xlsx,603892b51de70231,2026-09-07
8423900000,8524929000,conc-10-stats-2022.xlsx,https://www.cbsa-asfc.gc.ca/trade-commerce/tariff-tarif/2022/concordance/conc-10-stats-2022.xlsx,603892b51de70231,2026-09-07
8431100090,8524929000,conc-10-stats-2022.xlsx,https://www.cbsa-asfc.gc.ca/trade-commerce/tariff-tarif/2022/concordance/conc-10-stats-2022.xlsx,603892b51de70231,2026-09-07
8431200000,8524929000,conc-10-stats-2022.xlsx,https://www.cbsa-asfc.gc.ca/trade-commerce/tariff-tarif/2022/concordance/conc-10-stats-2022.xlsx,603892b51de70231,2026-09-07
8431310010,8524929000,conc-10-stats-2022.xlsx,https://www.cbsa-asfc.gc.ca/trade-commerce/tariff-tarif/2022/concordance/conc-10-stats-2022.xlsx,603892b51de70231,2026-09-07
8431310020,8524929000,conc-10-stats-2022.xlsx,https://www.cbsa-asfc.gc.ca/trade-commerce/tariff-tarif/2022/concordance/conc-10-stats-2022.xlsx,603892b51de70231,2026-09-07
8431310030,8524929000,conc-10-stats-2022.xlsx,https://www.cbsa-asfc.gc.ca/trade-commerce/tariff-tarif/2022/concordance/conc-10-stats-2022.xlsx,603892b51de70231,2026-09-07
8431390010,8524929000,conc-10-stats-2022.xlsx,https://www.cbsa-asfc.gc.ca/trade-commerce/tariff-tarif/2022/concordance/conc-10-stats-2022.xlsx,603892b51de70231,2026-09-07
8431390020,8524929000,conc-10-stats-2022.xlsx,https://www.cbsa-asfc.gc.ca/trade-commerce/tariff-tarif/2022/concordance/conc-10-stats-2022.xlsx,603892b51de70231,2026-09-07
8431390090,8524929000,conc-10-stats-2022.xlsx,https://www.cbsa-asfc.gc.ca/trade-commerce/tariff-tarif/2022/concordance/conc-10-stats-2022.xlsx,603892b51de70231,2026-09-07
8431430020,8524929000,conc-10-stats-2022.xlsx,https://www.cbsa-asfc.gc.ca/trade-commerce/tariff-tarif/2022/concordance/conc-10-stats-2022.xlsx,603892b51de70231,2026-09-07
8431430090,8524929000,conc-10-stats-2022.xlsx,https://www.cbsa-asfc.gc.ca/trade-commerce/tariff-tarif/2022/concordance/conc-10-stats-2022.xlsx,603892b51de70231,2026-09-07
8431490012,8524929000,conc-10-stats-2022.xlsx,https://www.cbsa-asfc.gc.ca/trade-commerce/tariff-tarif/2022/concordance/conc-10-stats-2022.xlsx,603892b51de70231,2026-09-07
8431490019,8524929000,conc-10-stats-2022.xlsx,https://www.cbsa-asfc.gc.ca/trade-commerce/tariff-tarif/2022/concordance/conc-10-stats-2022.xlsx,603892b51de70231,2026-09-07
8431490091,8524929000,conc-10-stats-2022.xlsx,https://www.cbsa-asfc.gc.ca/trade-commerce/tariff-tarif/2022/concordance/conc-10-stats-2022.xlsx,603892b51de70231,2026-09-07
8431490099,8524929000,conc-10-stats-2022.xlsx,https://www.cbsa-asfc.gc.ca/trade-commerce/tariff-tarif/2022/concordance/conc-10-stats-2022.xlsx,603892b51de70231,2026-09-07
8443990090,8524929000,conc-10-stats-2022.xlsx,https://www.cbsa-asfc.gc.ca/trade-commerce/tariff-tarif/2022/concordance/conc-10-stats-2022.xlsx,603892b51de70231,2026-09-07
8473210000,8524929000,conc-10-stats-2022.xlsx,https://www.cbsa-asfc.gc.ca/trade-commerce/tariff-tarif/2022/concordance/conc-10-stats-2022.xlsx,603892b51de70231,2026-09-07
8473290000,8524929000,conc-10-stats-2022.xlsx,https://www.cbsa-asfc.gc.ca/trade-commerce/tariff-tarif/2022/concordance/conc-10-stats-2022.xlsx,603892b51de70231,2026-09-07
8473302000,8524929000,conc-10-stats-2022.xlsx,https://www.cbsa-asfc.gc.ca/trade-commerce/tariff-tarif/2022/concordance/conc-10-stats-2022.xlsx,603892b51de70231,2026-09-07
8473303000,8524929000,conc-10-stats-2022.xlsx,https://www.cbsa-asfc.gc.ca/trade-commerce/tariff-tarif/2022/concordance/conc-10-stats-2022.xlsx,603892b51de70231,2026-09-07
8473309000,8524929000,conc-10-stats-2022.xlsx,https://www.cbsa-asfc.gc.ca/trade-commerce/tariff-tarif/2022/concordance/conc-10-stats-2022.xlsx,603892b51de70231,2026-09-07
8473400000,8524929000,conc-10-stats-2022.xlsx,https://www.cbsa-asfc.gc.ca/trade-commerce/tariff-tarif/2022/concordance/conc-10-stats-2022.xlsx,603892b51de70231,2026-09-07
8473501000,8524929000,conc-10-stats-2022.xlsx,https://www.cbsa-asfc.gc.ca/trade-commerce/tariff-tarif/2022/concordance/conc-10-stats-2022.xlsx,603892b51de70231,2026-09-07
8473502000,8524929000,conc-10-stats-2022.xlsx,https://www.cbsa-asfc.gc.ca/trade-commerce/tariff-tarif/2022/concordance/conc-10-stats-2022.xlsx,603892b51de70231,2026-09-07
8473509000,8524929000,conc-10-stats-2022.xlsx,https://www.cbsa-asfc.gc.ca/trade-commerce/tariff-tarif/2022/concordance/conc-10-stats-2022.xlsx,603892b51de70231,2026-09-07
8476900000,8524929000,conc-10-stats-2022.xlsx,https://www.cbsa-asfc.gc.ca/trade-commerce/tariff-tarif/2022/concordance/conc-10-stats-2022.xlsx,603892b51de70231,2026-09-07
8486900000,8524929000,conc-10-stats-2022.xlsx,https://www.cbsa-asfc.gc.ca/trade-commerce/tariff-tarif/2022/concordance/conc-10-stats-2022.xlsx,603892b51de70231,2026-09-07
8504901000,8524929000,conc-10-stats-2022.xlsx,https://www.cbsa-asfc.gc.ca/trade-commerce/tariff-tarif/2022/concordance/conc-10-stats-2022.xlsx,603892b51de70231,2026-09-07
8504909081,8524929000,conc-10-stats-2022.xlsx,https://www.cbsa-asfc.gc.ca/trade-commerce/tariff-tarif/2022/concordance/conc-10-stats-2022.xlsx,603892b51de70231,2026-09-07
8504909082,8524929000,conc-10-stats-2022.xlsx,https://www.cbsa-asfc.gc.ca/trade-commerce/tariff-tarif/2022/concordance/conc-10-stats-2022.xlsx,603892b51de70231,2026-09-07
8504909090,8524929000,conc-10-stats-2022.xlsx,https://www.cbsa-asfc.gc.ca/trade-commerce/tariff-tarif/2022/concordance/conc-10-stats-2022.xlsx,603892b51de70231,2026-09-07
8509902000,8524929000,conc-10-stats-2022.xlsx,https://www.cbsa-asfc.gc.ca/trade-commerce/tariff-tarif/2022/concordance/conc-10-stats-2022.xlsx,603892b51de70231,2026-09-07
8516904000,8524929000,conc-10-stats-2022.xlsx,https://www.cbsa-asfc.gc.ca/trade-commerce/tariff-tarif/2022/concordance/conc-10-stats-2022.xlsx,603892b51de70231,2026-09-07
8516906000,8524929000,conc-10-stats-2022.xlsx,https://www.cbsa-asfc.gc.ca/trade-commerce/tariff-tarif/2022/concordance/conc-10-stats-2022.xlsx,603892b51de70231,2026-09-07
8516909070,8524929000,conc-10-stats-2022.xlsx,https://www.cbsa-asfc.gc.ca/trade-commerce/tariff-tarif/2022/concordance/conc-10-stats-2022.xlsx,603892b51de70231,2026-09-07
8516909090,8524929000,conc-10-stats-2022.xlsx,https://www.cbsa-asfc.gc.ca/trade-commerce/tariff-tarif/2022/concordance/conc-10-stats-2022.xlsx,603892b51de70231,2026-09-07
8517700000,8524929000,conc-10-stats-2022.xlsx,https://www.cbsa-asfc.gc.ca/trade-commerce/tariff-tarif/2022/concordance/conc-10-stats-2022.xlsx,603892b51de70231,2026-09-07
8522901000,8524929000,conc-10-stats-2022.xlsx,https://www.cbsa-asfc.gc.ca/trade-commerce/tariff-tarif/2022/concordance/conc-10-stats-2022.xlsx,603892b51de70231,2026-09-07
8522909000,8524929000,conc-10-stats-2022.xlsx,https://www.cbsa-asfc.gc.ca/trade-commerce/tariff-tarif/2022/concordance/conc-10-stats-2022.xlsx,603892b51de70231,2026-09-07
8529901000,8524929000,conc-10-stats-2022.xlsx,https://www.cbsa-asfc.gc.ca/trade-commerce/tariff-tarif/2022/concordance/conc-10-stats-2022.xlsx,603892b51de70231,2026-09-07
8529903100,8524929000,conc-10-stats-2022.xlsx,https://www.cbsa-asfc.gc.ca/trade-commerce/tariff-tarif/2022/concordance/conc-10-stats-2022.xlsx,603892b51de70231,2026-09-07
8529903900,8524929000,conc-10-stats-2022.xlsx,https://www.cbsa-asfc.gc.ca/trade-commerce/tariff-tarif/2022/concordance/conc-10-stats-2022.xlsx,603892b51de70231,2026-09-07
8529905000,8524929000,conc-10-stats-2022.xlsx,https://www.cbsa-asfc.gc.ca/trade-commerce/tariff-tarif/2022/concordance/conc-10-stats-2022.xlsx,603892b51de70231,2026-09-07
8529906000,8524929000,conc-10-stats-2022.xlsx,https://www.cbsa-asfc.gc.ca/trade-commerce/tariff-tarif/2022/concordance/conc-10-stats-2022.xlsx,603892b51de70231,2026-09-07
8529909000,8524929000,conc-10-stats-2022.xlsx,https://www.cbsa-asfc.gc.ca/trade-commerce/tariff-tarif/2022/concordance/conc-10-stats-2022.xlsx,603892b51de70231,2026-09-07
8543900000,8524929000,conc-10-stats-2022.xlsx,https://www.cbsa-asfc.gc.ca/trade-commerce/tariff-tarif/2022/concordance/conc-10-stats-2022.xlsx,603892b51de70231,2026-09-07
8708299100,8524929000,conc-10-stats-2022.xlsx,https://www.cbsa-asfc.gc.ca/trade-commerce/tariff-tarif/2022/concordance/conc-10-stats-2022.xlsx,603892b51de70231,2026-09-07
8708999100,8524929000,conc-10-stats-2022.xlsx,https://www.cbsa-asfc.gc.ca/trade-commerce/tariff-tarif/2022/concordance/conc-10-stats-2022.xlsx,603892b51de70231,2026-09-07
8714100000,8524929000,conc-10-stats-2022.xlsx,https://www.cbsa-asfc.gc.ca/trade-commerce/tariff-tarif/2022/concordance/conc-10-stats-2022.xlsx,603892b51de70231,2026-09-07
8714200000,8524929000,conc-10-stats-2022.xlsx,https://www.cbsa-asfc.gc.ca/trade-commerce/tariff-tarif/2022/concordance/conc-10-stats-2022.xlsx,603892b51de70231,2026-09-07
8714999000,8524929000,conc-10-stats-2022.xlsx,https://www.cbsa-asfc.gc.ca/trade-commerce/tariff-tarif/2022/concordance/conc-10-stats-2022.xlsx,603892b51de70231,2026-09-07
8803300000,8524929000,conc-10-stats-2022.xlsx,https://www.cbsa-asfc.gc.ca/trade-commerce/tariff-tarif/2022/concordance/conc-10-stats-2022.xlsx,603892b51de70231,2026-09-07
8803900000,8524929000,conc-10-stats-2022.xlsx,https://www.cbsa-asfc.gc.ca/trade-commerce/tariff-tarif/2022/concordance/conc-10-stats-2022.xlsx,603892b51de70231,2026-09-07
9015900000,8524929000,conc-10-stats-2022.xlsx,https://www.cbsa-asfc.gc.ca/trade-commerce/tariff-tarif/2022/concordance/conc-10-stats-2022.xlsx,603892b51de70231,2026-09-07
9017900000,8524929000,conc-10-stats-2022.xlsx,https://www.cbsa-asfc.gc.ca/trade-commerce/tariff-tarif/2022/concordance/conc-10-stats-2022.xlsx,603892b51de70231,2026-09-07
9018119100,8524929000,conc-10-stats-2022.xlsx,https://www.cbsa-asfc.gc.ca/trade-commerce/tariff-tarif/2022/concordance/conc-10-stats-2022.xlsx,603892b51de70231,2026-09-07
9018119900,8524929000,conc-10-stats-2022.xlsx,https://www.cbsa-asfc.gc.ca/trade-commerce/tariff-tarif/2022/concordance/conc-10-stats-2022.xlsx,603892b51de70231,2026-09-07
9018120000,8524929000,conc-10-stats-2022.xlsx,https://www.cbsa-asfc.gc.ca/trade-commerce/tariff-tarif/2022/concordance/conc-10-stats-2022.xlsx,603892b51de70231,2026-09-07
9018130000,8524929000,conc-10-stats-2022.xlsx,https://www.cbsa-asfc.gc.ca/trade-commerce/tariff-tarif/2022/concordance/conc-10-stats-2022.xlsx,603892b51de70231,2026-09-07
9018140000,8524929000,conc-10-stats-2022.xlsx,https://www.cbsa-asfc.gc.ca/trade-commerce/tariff-tarif/2022/concordance/conc-10-stats-2022.xlsx,603892b51de70231,2026-09-07
9018191010,8524929000,conc-10-stats-2022.xlsx,https://www.cbsa-asfc.gc.ca/trade-commerce/tariff-tarif/2022/concordance/conc-10-stats-2022.xlsx,603892b51de70231,2026-09-07
9018191090,8524929000,conc-10-stats-2022.xlsx,https://www.cbsa-asfc.gc.ca/trade-commerce/tariff-tarif/2022/concordance/conc-10-stats-2022.xlsx,603892b51de70231,2026-09-07
9018199010,8524929000,conc-10-stats-2022.xlsx,https://www.cbsa-asfc.gc.ca/trade-commerce/tariff-tarif/2022/concordance/conc-10-stats-2022.xlsx,603892b51de70231,2026-09-07
9018199090,8524929000,conc-10-stats-2022.xlsx,https://www.cbsa-asfc.gc.ca/trade-commerce/tariff-tarif/2022/concordance/conc-10-stats-2022.xlsx,603892b51de70231,2026-09-07
9018200000,8524929000,conc-10-stats-2022.xlsx,https://www.cbsa-asfc.gc.ca/trade-commerce/tariff-tarif/2022/concordance/conc-10-stats-2022.xlsx,603892b51de70231,2026-09-07
9018410000,8524929000,conc-10-stats-2022.xlsx,https://www.cbsa-asfc.gc.ca/trade-commerce/tariff-tarif/2022/concordance/conc-10-stats-2022.xlsx,603892b51de70231,2026-09-07
9018490000,8524929000,conc-10-stats-2022.xlsx,https://www.cbsa-asfc.gc.ca/trade-commerce/tariff-tarif/2022/concordance/conc-10-stats-2022.xlsx,603892b51de70231,2026-09-07
9018500000,8524929000,conc-10-stats-2022.xlsx,https://www.cbsa-asfc.gc.ca/trade-commerce/tariff-tarif/2022/concordance/conc-10-stats-2022.xlsx,603892b51de70231,2026-09-07
9018901000,8524929000,conc-10-stats-2022.xlsx,https://www.cbsa-asfc.gc.ca/trade-commerce/tariff-tarif/2022/concordance/conc-10-stats-2022.xlsx,603892b51de70231,2026-09-07
9018902000,8524929000,conc-10-stats-2022.xlsx,https://www.cbsa-asfc.gc.ca/trade-commerce/tariff-tarif/2022/concordance/conc-10-stats-2022.xlsx,603892b51de70231,2026-09-07
9018909083,8524929000,conc-10-stats-2022.xlsx,https://www.cbsa-asfc.gc.ca/trade-commerce/tariff-tarif/2022/concordance/conc-10-stats-2022.xlsx,603892b51de70231,2026-09-07
9018909084,8524929000,conc-10-stats-2022.xlsx,https://www.cbsa-asfc.gc.ca/trade-commerce/tariff-tarif/2022/concordance/conc-10-stats-2022.xlsx,603892b51de70231,2026-09-07
9018909085,8524929000,conc-10-stats-2022.xlsx,https://www.cbsa-asfc.gc.ca/trade-commerce/tariff-tarif/2022/concordance/conc-10-stats-2022.xlsx,603892b51de70231,2026-09-07
9018909089,8524929000,conc-10-stats-2022.xlsx,https://www.cbsa-asfc.gc.ca/trade-commerce/tariff-tarif/2022/concordance/conc-10-stats-2022.xlsx,603892b51de70231,2026-09-07
9019100010,8524929000,conc-10-stats-2022.xlsx,https://www.cbsa-asfc.gc.ca/trade-commerce/tariff-tarif/2022/concordance/conc-10-stats-2022.xlsx,603892b51de70231,2026-09-07
9019100020,8524929000,conc-10-stats-2022.xlsx,https://www.cbsa-asfc.gc.ca/trade-commerce/tariff-tarif/2022/concordance/conc-10-stats-2022.xlsx,603892b51de70231,2026-09-07
9019200000,8524929000,conc-10-stats-2022.xlsx,https://www.cbsa-asfc.gc.ca/trade-commerce/tariff-tarif/2022/concordance/conc-10-stats-2022.xlsx,603892b51de70231,2026-09-07
9022901000,8524929000,conc-10-stats-2022.xlsx,https://www.cbsa-asfc.gc.ca/trade-commerce/tariff-tarif/2022/concordance/conc-10-stats-2022.xlsx,603892b51de70231,2026-09-07
9022902000,8524929000,conc-10-stats-2022.xlsx,https://www.cbsa-asfc.gc.ca/trade-commerce/tariff-tarif/2022/concordance/conc-10-stats-2022.xlsx,603892b51de70231,2026-09-07
9022909000,8524929000,conc-10-stats-2022.xlsx,https://www.cbsa-asfc.gc.ca/trade-commerce/tariff-tarif/2022/concordance/conc-10-stats-2022.xlsx,603892b51de70231,2026-09-07
9025900000,8524929000,conc-10-stats-2022.xlsx,https://www.cbsa-asfc.gc.ca/trade-commerce/tariff-tarif/2022/concordance/conc-10-stats-2022.xlsx,603892b51de70231,2026-09-07
9029900000,8524929000,conc-10-stats-2022.xlsx,https://www.cbsa-asfc.gc.ca/trade-commerce/tariff-tarif/2022/concordance/conc-10-stats-2022.xlsx,603892b51de70231,2026-09-07
9030900000,8524929000,conc-10-stats-2022.xlsx,https://www.cbsa-asfc.gc.ca/trade-commerce/tariff-tarif/2022/concordance/conc-10-stats-2022.xlsx,603892b51de70231,2026-09-07
9032900000,8524929000,conc-10-stats-2022.xlsx,https://www.cbsa-asfc.gc.ca/trade-commerce/tariff-tarif/2022/concordance/conc-10-stats-2022.xlsx,603892b51de70231,2026-09-07
9033000000,8524929000,conc-10-stats-2022.xlsx,https://www.cbsa-asfc.gc.ca/trade-commerce/tariff-tarif/2022/concordance/conc-10-stats-2022.xlsx,603892b51de70231,2026-09-07
9114900000,8524929000,conc-10-stats-2022.xlsx,https://www.cbsa-asfc.gc.ca/trade-commerce/tariff-tarif/2022/concordance/conc-10-stats-2022.xlsx,603892b51de70231,2026-09-07
9504300080,8524929000,conc-10-stats-2022.xlsx,https://www.cbsa-asfc.gc.ca/trade-commerce/tariff-tarif/2022/concordance/conc-10-stats-2022.xlsx,603892b51de70231,2026-09-07
9504500080,8524929000,conc-10-stats-2022.xlsx,https://www.cbsa-asfc.gc.ca/trade-commerce/tariff-tarif/2022/concordance/conc-10-stats-2022.xlsx,603892b51de70231,2026-09-07
9504900090,8524929000,conc-10-stats-2022.xlsx,https://www.cbsa-asfc.gc.ca/trade-commerce/tariff-tarif/2022/concordance/conc-10-stats-2022.xlsx,603892b51de70231,2026-09-07
9506910010,8524929000,conc-10-stats-2022.xlsx,https://www.cbsa-asfc.gc.ca/trade-commerce/tariff-tarif/2022/concordance/conc-10-stats-2022.xlsx,603892b51de70231,2026-09-07
9506910090,8524929000,conc-10-stats-2022.xlsx,https://www.cbsa-asfc.gc.ca/trade-commerce/tariff-tarif/2022/concordance/conc-10-stats-2022.xlsx,603892b51de70231,2026-09-07
8708299990,8524991000,conc-10-stats-2022.xlsx,https://www.cbsa-asfc.gc.ca/trade-commerce/tariff-tarif/2022/concordance/conc-10-stats-2022.xlsx,603892b51de70231,2026-09-07
8708999919,8524991000,conc-10-stats-2022.xlsx,https://www.cbsa-asfc.gc.ca/trade-commerce/tariff-tarif/2022/concordance/conc-10-stats-2022.xlsx,603892b51de70231,2026-09-07
8708999999,8524991000,conc-10-stats-2022.xlsx,https://www.cbsa-asfc.gc.ca/trade-commerce/tariff-tarif/2022/concordance/conc-10-stats-2022.xlsx,603892b51de70231,2026-09-07
8509909000,8524992000,conc-10-stats-2022.xlsx,https://www.cbsa-asfc.gc.ca/trade-commerce/tariff-tarif/2022/concordance/conc-10-stats-2022.xlsx,603892b51de70231,2026-09-07
8415903000,8524999000,conc-10-stats-2022.xlsx,https://www.cbsa-asfc.gc.ca/trade-commerce/tariff-tarif/2022/concordance/conc-10-stats-2022.xlsx,603892b51de70231,2026-09-07
8419900010,8524999000,conc-10-stats-2022.xlsx,https://www.cbsa-asfc.gc.ca/trade-commerce/tariff-tarif/2022/concordance/conc-10-stats-2022.xlsx,603892b51de70231,2026-09-07
8419900020,8524999000,conc-10-stats-2022.xlsx,https://www.cbsa-asfc.gc.ca/trade-commerce/tariff-tarif/2022/concordance/conc-10-stats-2022.xlsx,603892b51de70231,2026-09-07
8419900030,8524999000,conc-10-stats-2022.xlsx,https://www.cbsa-asfc.gc.ca/trade-commerce/tariff-tarif/2022/concordance/conc-10-stats-2022.xlsx,603892b51de70231,2026-09-07
8419900090,8524999000,conc-10-stats-2022.xlsx,https://www.cbsa-asfc.gc.ca/trade-commerce/tariff-tarif/2022/concordance/conc-10-stats-2022.xlsx,603892b51de70231,2026-09-07
8423900000,8524999000,conc-10-stats-2022.xlsx,https://www.cbsa-asfc.gc.ca/trade-commerce/tariff-tarif/2022/concordance/conc-10-stats-2022.xlsx,603892b51de70231,2026-09-07
8431100090,8524999000,conc-10-stats-2022.xlsx,https://www.cbsa-asfc.gc.ca/trade-commerce/tariff-tarif/2022/concordance/conc-10-stats-2022.xlsx,603892b51de70231,2026-09-07
8431200000,8524999000,conc-10-stats-2022.xlsx,https://www.cbsa-asfc.gc.ca/trade-commerce/tariff-tarif/2022/concordance/conc-10-stats-2022.xlsx,603892b51de70231,2026-09-07
8431310010,8524999000,conc-10-stats-2022.xlsx,https://www.cbsa-asfc.gc.ca/trade-commerce/tariff-tarif/2022/concordance/conc-10-stats-2022.xlsx,603892b51de70231,2026-09-07
8431310020,8524999000,conc-10-stats-2022.xlsx,https://www.cbsa-asfc.gc.ca/trade-commerce/tariff-tarif/2022/concordance/conc-10-stats-2022.xlsx,603892b51de70231,2026-09-07
8431310030,8524999000,conc-10-stats-2022.xlsx,https://www.cbsa-asfc.gc.ca/trade-commerce/tariff-tarif/2022/concordance/conc-10-stats-2022.xlsx,603892b51de70231,2026-09-07
8431390010,8524999000,conc-10-stats-2022.xlsx,https://www.cbsa-asfc.gc.ca/trade-commerce/tariff-tarif/2022/concordance/conc-10-stats-2022.xlsx,603892b51de70231,2026-09-07
8431390020,8524999000,conc-10-stats-2022.xlsx,https://www.cbsa-asfc.gc.ca/trade-commerce/tariff-tarif/2022/concordance/conc-10-stats-2022.xlsx,603892b51de70231,2026-09-07
8431390090,8524999000,conc-10-stats-2022.xlsx,https://www.cbsa-asfc.gc.ca/trade-commerce/tariff-tarif/2022/concordance/conc-10-stats-2022.xlsx,603892b51de70231,2026-09-07
8431430020,8524999000,conc-10-stats-2022.xlsx,https://www.cbsa-asfc.gc.ca/trade-commerce/tariff-tarif/2022/concordance/conc-10-stats-2022.xlsx,603892b51de70231,2026-09-07
8431430090,8524999000,conc-10-stats-2022.xlsx,https://www.cbsa-asfc.gc.ca/trade-commerce/tariff-tarif/2022/concordance/conc-10-stats-2022.xlsx,603892b51de70231,2026-09-07
8431490012,8524999000,conc-10-stats-2022.xlsx,https://www.cbsa-asfc.gc.ca/trade-commerce/tariff-tarif/2022/concordance/conc-10-stats-2022.xlsx,603892b51de70231,2026-09-07
8431490019,8524999000,conc-10-stats-2022.xlsx,https://www.cbsa-asfc.gc.ca/trade-commerce/tariff-tarif/2022/concordance/conc-10-stats-2022.xlsx,603892b51de70231,2026-09-07
8431490091,8524999000,conc-10-stats-2022.xlsx,https://www.cbsa-asfc.gc.ca/trade-commerce/tariff-tarif/2022/concordance/conc-10-stats-2022.xlsx,603892b51de70231,2026-09-07
8431490099,8524999000,conc-10-stats-2022.xlsx,https://www.cbsa-asfc.gc.ca/trade-commerce/tariff-tarif/2022/concordance/conc-10-stats-2022.xlsx,603892b51de70231,2026-09-07
8443990090,8524999000,conc-10-stats-2022.xlsx,https://www.cbsa-asfc.gc.ca/trade-commerce/tariff-tarif/2022/concordance/conc-10-stats-2022.xlsx,603892b51de70231,2026-09-07
8473210000,8524999000,conc-10-stats-2022.xlsx,https://www.cbsa-asfc.gc.ca/trade-commerce/tariff-tarif/2022/concordance/conc-10-stats-2022.xlsx,603892b51de70231,2026-09-07
8473290000,8524999000,conc-10-stats-2022.xlsx,https://www.cbsa-asfc.gc.ca/trade-commerce/tariff-tarif/2022/concordance/conc-10-stats-2022.xlsx,603892b51de70231,2026-09-07
8473302000,8524999000,conc-10-stats-2022.xlsx,https://www.cbsa-asfc.gc.ca/trade-commerce/tariff-tarif/2022/concordance/conc-10-stats-2022.xlsx,603892b51de70231,2026-09-07
8473303000,8524999000,conc-10-stats-2022.xlsx,https://www.cbsa-asfc.gc.ca/trade-commerce/tariff-tarif/2022/concordance/conc-10-stats-2022.xlsx,603892b51de70231,2026-09-07
8473309000,8524999000,conc-10-stats-2022.xlsx,https://www.cbsa-asfc.gc.ca/trade-commerce/tariff-tarif/2022/concordance/conc-10-stats-2022.xlsx,603892b51de70231,2026-09-07
8473400000,8524999000,conc-10-stats-2022.xlsx,https://www.cbsa-asfc.gc.ca/trade-commerce/tariff-tarif/2022/concordance/conc-10-stats-2022.xlsx,603892b51de70231,2026-09-07
8473501000,8524999000,conc-10-stats-2022.xlsx,https://www.cbsa-asfc.gc.ca/trade-commerce/tariff-tarif/2022/concordance/conc-10-stats-2022.xlsx,603892b51de70231,2026-09-07
8473502000,8524999000,conc-10-stats-2022.xlsx,https://www.cbsa-asfc.gc.ca/trade-commerce/tariff-tarif/2022/concordance/conc-10-stats-2022.xlsx,603892b51de70231,2026-09-07
8473509000,8524999000,conc-10-stats-2022.xlsx,https://www.cbsa-asfc.gc.ca/trade-commerce/tariff-tarif/2022/concordance/conc-10-stats-2022.xlsx,603892b51de70231,2026-09-07
8476900000,8524999000,conc-10-stats-2022.xlsx,https://www.cbsa-asfc.gc.ca/trade-commerce/tariff-tarif/2022/concordance/conc-10-stats-2022.xlsx,603892b51de70231,2026-09-07
8486900000,8524999000,conc-10-stats-2022.xlsx,https://www.cbsa-asfc.gc.ca/trade-commerce/tariff-tarif/2022/concordance/conc-10-stats-2022.xlsx,603892b51de70231,2026-09-07
8504901000,8524999000,conc-10-stats-2022.xlsx,https://www.cbsa-asfc.gc.ca/trade-commerce/tariff-tarif/2022/concordance/conc-10-stats-2022.xlsx,603892b51de70231,2026-09-07
8504909081,8524999000,conc-10-stats-2022.xlsx,https://www.cbsa-asfc.gc.ca/trade-commerce/tariff-tarif/2022/concordance/conc-10-stats-2022.xlsx,603892b51de70231,2026-09-07
8504909082,8524999000,conc-10-stats-2022.xlsx,https://www.cbsa-asfc.gc.ca/trade-commerce/tariff-tarif/2022/concordance/conc-10-stats-2022.xlsx,603892b51de70231,2026-09-07
8504909090,8524999000,conc-10-stats-2022.xlsx,https://www.cbsa-asfc.gc.ca/trade-commerce/tariff-tarif/2022/concordance/conc-10-stats-2022.xlsx,603892b51de70231,2026-09-07
8509902000,8524999000,conc-10-stats-2022.xlsx,https://www.cbsa-asfc.gc.ca/trade-commerce/tariff-tarif/2022/concordance/conc-10-stats-2022.xlsx,603892b51de70231,2026-09-07
8516904000,8524999000,conc-10-stats-2022.xlsx,https://www.cbsa-asfc.gc.ca/trade-commerce/tariff-tarif/2022/concordance/conc-10-stats-2022.xlsx,603892b51de70231,2026-09-07
8516906000,8524999000,conc-10-stats-2022.xlsx,https://www.cbsa-asfc.gc.ca/trade-commerce/tariff-tarif/2022/concordance/conc-10-stats-2022.xlsx,603892b51de70231,2026-09-07
8516909070,8524999000,conc-10-stats-2022.xlsx,https://www.cbsa-asfc.gc.ca/trade-commerce/tariff-tarif/2022/concordance/conc-10-stats-2022.xlsx,603892b51de70231,2026-09-07
8516909090,8524999000,conc-10-stats-2022.xlsx,https://www.cbsa-asfc.gc.ca/trade-commerce/tariff-tarif/2022/concordance/conc-10-stats-2022.xlsx,603892b51de70231,2026-09-07
8517700000,8524999000,conc-10-stats-2022.xlsx,https://www.cbsa-asfc.gc.ca/trade-commerce/tariff-tarif/2022/concordance/conc-10-stats-2022.xlsx,603892b51de70231,2026-09-07
8522901000,8524999000,conc-10-stats-2022.xlsx,https://www.cbsa-asfc.gc.ca/trade-commerce/tariff-tarif/2022/concordance/conc-10-stats-2022.xlsx,603892b51de70231,2026-09-07
8522909000,8524999000,conc-10-stats-2022.xlsx,https://www.cbsa-asfc.gc.ca/trade-commerce/tariff-tarif/2022/concordance/conc-10-stats-2022.xlsx,603892b51de70231,2026-09-07
8529901000,8524999000,conc-10-stats-2022.xlsx,https://www.cbsa-asfc.gc.ca/trade-commerce/tariff-tarif/2022/concordance/conc-10-stats-2022.xlsx,603892b51de70231,2026-09-07
8529903100,8524999000,conc-10-stats-2022.xlsx,https://www.cbsa-asfc.gc.ca/trade-commerce/tariff-tarif/2022/concordance/conc-10-stats-2022.xlsx,603892b51de70231,2026-09-07
8529903900,8524999000,conc-10-stats-2022.xlsx,https://www.cbsa-asfc.gc.ca/trade-commerce/tariff-tarif/2022/concordance/conc-10-stats-2022.xlsx,603892b51de70231,2026-09-07
8529905000,8524999000,conc-10-stats-2022.xlsx,https://www.cbsa-asfc.gc.ca/trade-commerce/tariff-tarif/2022/concordance/conc-10-stats-2022.xlsx,603892b51de70231,2026-09-07
8529906000,8524999000,conc-10-stats-2022.xlsx,https://www.cbsa-asfc.gc.ca/trade-commerce/tariff-tarif/2022/concordance/conc-10-stats-2022.xlsx,603892b51de70231,2026-09-07
8529909000,8524999000,conc-10-stats-2022.xlsx,https://www.cbsa-asfc.gc.ca/trade-commerce/tariff-tarif/2022/concordance/conc-10-stats-2022.xlsx,603892b51de70231,2026-09-07
8543900000,8524999000,conc-10-stats-2022.xlsx,https://www.cbsa-asfc.gc.ca/trade-commerce/tariff-tarif/2022/concordance/conc-10-stats-2022.xlsx,603892b51de70231,2026-09-07
8708299100,8524999000,conc-10-stats-2022.xlsx,https://www.cbsa-asfc.gc.ca/trade-commerce/tariff-tarif/2022/concordance/conc-10-stats-2022.xlsx,603892b51de70231,2026-09-07
8708999100,8524999000,conc-10-stats-2022.xlsx,https://www.cbsa-asfc.gc.ca/trade-commerce/tariff-tarif/2022/concordance/conc-10-stats-2022.xlsx,603892b51de70231,2026-09-07
8714100000,8524999000,conc-10-stats-2022.xlsx,https://www.cbsa-asfc.gc.ca/trade-commerce/tariff-tarif/2022/concordance/conc-10-stats-2022.xlsx,603892b51de70231,2026-09-07
8714200000,8524999000,conc-10-stats-2022.xlsx,https://www.cbsa-asfc.gc.ca/trade-commerce/tariff-tarif/2022/concordance/conc-10-stats-2022.xlsx,603892b51de70231,2026-09-07
8714999000,8524999000,conc-10-stats-2022.xlsx,https://www.cbsa-asfc.gc.ca/trade-commerce/tariff-tarif/2022/concordance/conc-10-stats-2022.xlsx,603892b51de70231,2026-09-07
8803300000,8524999000,conc-10-stats-2022.xlsx,https://www.cbsa-asfc.gc.ca/trade-commerce/tariff-tarif/2022/concordance/conc-10-stats-2022.xlsx,603892b51de70231,2026-09-07
8803900000,8524999000,conc-10-stats-2022.xlsx,https://www.cbsa-asfc.gc.ca/trade-commerce/tariff-tarif/2022/concordance/conc-10-stats-2022.xlsx,603892b51de70231,2026-09-07
9015900000,8524999000,conc-10-stats-2022.xlsx,https://www.cbsa-asfc.gc.ca/trade-commerce/tariff-tarif/2022/concordance/conc-10-stats-2022.xlsx,603892b51de70231,2026-09-07
9017900000,8524999000,conc-10-stats-2022.xlsx,https://www.cbsa-asfc.gc.ca/trade-commerce/tariff-tarif/2022/concordance/conc-10-stats-2022.xlsx,603892b51de70231,2026-09-07
9018119100,8524999000,conc-10-stats-2022.xlsx,https://www.cbsa-asfc.gc.ca/trade-commerce/tariff-tarif/2022/concordance/conc-10-stats-2022.xlsx,603892b51de70231,2026-09-07
9018119900,8524999000,conc-10-stats-2022.xlsx,https://www.cbsa-asfc.gc.ca/trade-commerce/tariff-tarif/2022/concordance/conc-10-stats-2022.xlsx,603892b51de70231,2026-09-07
9018120000,8524999000,conc-10-stats-2022.xlsx,https://www.cbsa-asfc.gc.ca/trade-commerce/tariff-tarif/2022/concordance/conc-10-stats-2022.xlsx,603892b51de70231,2026-09-07
9018130000,8524999000,conc-10-stats-2022.xlsx,https://www.cbsa-asfc.gc.ca/trade-commerce/tariff-tarif/2022/concordance/conc-10-stats-2022.xlsx,603892b51de70231,2026-09-07
9018140000,8524999000,conc-10-stats-2022.xlsx,https://www.cbsa-asfc.gc.ca/trade-commerce/tariff-tarif/2022/concordance/conc-10-stats-2022.xlsx,603892b51de70231,2026-09-07
9018191010,8524999000,conc-10-stats-2022.xlsx,https://www.cbsa-asfc.gc.ca/trade-commerce/tariff-tarif/2022/concordance/conc-10-stats-2022.xlsx,603892b51de70231,2026-09-07
9018191090,8524999000,conc-10-stats-2022.xlsx,https://www.cbsa-asfc.gc.ca/trade-commerce/tariff-tarif/2022/concordance/conc-10-stats-2022.xlsx,603892b51de70231,2026-09-07
9018199010,8524999000,conc-10-stats-2022.xlsx,https://www.cbsa-asfc.gc.ca/trade-commerce/tariff-tarif/2022/concordance/conc-10-stats-2022.xlsx,603892b51de70231,2026-09-07
9018199090,8524999000,conc-10-stats-2022.xlsx,https://www.cbsa-asfc.gc.ca/trade-commerce/tariff-tarif/2022/concordance/conc-10-stats-2022.xlsx,603892b51de70231,2026-09-07
9018200000,8524999000,conc-10-stats-2022.xlsx,https://www.cbsa-asfc.gc.ca/trade-commerce/tariff-tarif/2022/concordance/conc-10-stats-2022.xlsx,603892b51de70231,2026-09-07
9018410000,8524999000,conc-10-stats-2022.xlsx,https://www.cbsa-asfc.gc.ca/trade-commerce/tariff-tarif/2022/concordance/conc-10-stats-2022.xlsx,603892b51de70231,2026-09-07
9018490000,8524999000,conc-10-stats-2022.xlsx,https://www.cbsa-asfc.gc.ca/trade-commerce/tariff-tarif/2022/concordance/conc-10-stats-2022.xlsx,603892b51de70231,2026-09-07
9018500000,8524999000,conc-10-stats-2022.xlsx,https://www.cbsa-asfc.gc.ca/trade-commerce/tariff-tarif/2022/concordance/conc-10-stats-2022.xlsx,603892b51de70231,2026-09-07
9018901000,8524999000,conc-10-stats-2022.xlsx,https://www.cbsa-asfc.gc.ca/trade-commerce/tariff-tarif/2022/concordance/conc-10-stats-2022.xlsx,603892b51de70231,2026-09-07
9018902000,8524999000,conc-10-stats-2022.xlsx,https://www.cbsa-asfc.gc.ca/trade-commerce/tariff-tarif/2022/concordance/conc-10-stats-2022.xlsx,603892b51de70231,2026-09-07
9018909083,8524999000,conc-10-stats-2022.xlsx,https://www.cbsa-asfc.gc.ca/trade-commerce/tariff-tarif/2022/concordance/conc-10-stats-2022.xlsx,603892b51de70231,2026-09-07
9018909084,8524999000,conc-10-stats-2022.xlsx,https://www.cbsa-asfc.gc.ca/trade-commerce/tariff-tarif/2022/concordance/conc-10-stats-2022.xlsx,603892b51de70231,2026-09-07
9018909085,8524999000,conc-10-stats-2022.xlsx,https://www.cbsa-asfc.gc.ca/trade-commerce/tariff-tarif/2022/concordance/conc-10-stats-2022.xlsx,603892b51de70231,2026-09-07
9018909089,8524999000,conc-10-stats-2022.xlsx,https://www.cbsa-asfc.gc.ca/trade-commerce/tariff-tarif/2022/concordance/conc-10-stats-2022.xlsx,603892b51de70231,2026-09-07
9019100010,8524999000,conc-10-stats-2022.xlsx,https://www.cbsa-asfc.gc.ca/trade-commerce/tariff-tarif/2022/concordance/conc-10-stats-2022.xlsx,603892b51de70231,2026-09-07
9019100020,8524999000,conc-10-stats-2022.xlsx,https://www.cbsa-asfc.gc.ca/trade-commerce/tariff-tarif/2022/concordance/conc-10-stats-2022.xlsx,603892b51de70231,2026-09-07
9019200000,8524999000,conc-10-stats-2022.xlsx,https://www.cbsa-asfc.gc.ca/trade-commerce/tariff-tarif/2022/concordance/conc-10-stats-2022.xlsx,603892b51de70231,2026-09-07
9022901000,8524999000,conc-10-stats-2022.xlsx,https://www.cbsa-asfc.gc.ca/trade-commerce/tariff-tarif/2022/concordance/conc-10-stats-2022.xlsx,603892b51de70231,2026-09-07
9022902000,8524999000,conc-10-stats-2022.xlsx,https://www.cbsa-asfc.gc.ca/trade-commerce/tariff-tarif/2022/concordance/conc-10-stats-2022.xlsx,603892b51de70231,2026-09-07
9022909000,8524999000,conc-10-stats-2022.xlsx,https://www.cbsa-asfc.gc.ca/trade-commerce/tariff-tarif/2022/concordance/conc-10-stats-2022.xlsx,603892b51de70231,2026-09-07
9025900000,8524999000,conc-10-stats-2022.xlsx,https://www.cbsa-asfc.gc.ca/trade-commerce/tariff-tarif/2022/concordance/conc-10-stats-2022.xlsx,603892b51de70231,2026-09-07
9029900000,8524999000,conc-10-stats-2022.xlsx,https://www.cbsa-asfc.gc.ca/trade-commerce/tariff-tarif/2022/concordance/conc-10-stats-2022.xlsx,603892b51de70231,2026-09-07
9030900000,8524999000,conc-10-stats-2022.xlsx,https://www.cbsa-asfc.gc.ca/trade-commerce/tariff-tarif/2022/concordance/conc-10-stats-2022.xlsx,603892b51de70231,2026-09-07
9032900000,8524999000,conc-10-stats-2022.xlsx,https://www.cbsa-asfc.gc.ca/trade-commerce/tariff-tarif/2022/concordance/conc-10-stats-2022.xlsx,603892b51de70231,2026-09-07
9033000000,8524999000,conc-10-stats-2022.xlsx,https://www.cbsa-asfc.gc.ca/trade-commerce/tariff-tarif/2022/concordance/conc-10-stats-2022.xlsx,603892b51de70231,2026-09-07
9114900000,8524999000,conc-10-stats-2022.xlsx,https://www.cbsa-asfc.gc.ca/trade-commerce/tariff-tarif/2022/concordance/conc-10-stats-2022.xlsx,603892b51de70231,2026-09-07
9504300080,8524999000,conc-10-stats-2022.xlsx,https://www.cbsa-asfc.gc.ca/trade-commerce/tariff-tarif/2022/concordance/conc-10-stats-2022.xlsx,603892b51de70231,2026-09-07
9504500080,8524999000,conc-10-stats-2022.xlsx,https://www.cbsa-asfc.gc.ca/trade-commerce/tariff-tarif/2022/concordance/conc-10-stats-2022.xlsx,603892b51de70231,2026-09-07
9504900090,8524999000,conc-10-stats-2022.xlsx,https://www.cbsa-asfc.gc.ca/trade-commerce/tariff-tarif/2022/concordance/conc-10-stats-2022.xlsx,603892b51de70231,2026-09-07
9506910010,8524999000,conc-10-stats-2022.xlsx,https://www.cbsa-asfc.gc.ca/trade-commerce/tariff-tarif/2022/concordance/conc-10-stats-2022.xlsx,603892b51de70231,2026-09-07
9506910090,8524999000,conc-10-stats-2022.xlsx,https://www.cbsa-asfc.gc.ca/trade-commerce/tariff-tarif/2022/concordance/conc-10-stats-2022.xlsx,603892b51de70231,2026-09-07
8525800040,8525810000,conc-10-stats-2022.xlsx,https://www.cbsa-asfc.gc.ca/trade-commerce/tariff-tarif/2022/concordance/conc-10-stats-2022.xlsx,603892b51de70231,2026-09-07
8525800050,8525810000,conc-10-stats-2022.xlsx,https://www.cbsa-asfc.gc.ca/trade-commerce/tariff-tarif/2022/concordance/conc-10-stats-2022.xlsx,603892b51de70231,2026-09-07
8525800040,8525820000,conc-10-stats-2022.xlsx,https://www.cbsa-asfc.gc.ca/trade-commerce/tariff-tarif/2022/concordance/conc-10-stats-2022.xlsx,603892b51de70231,2026-09-07
8525800050,8525820000,conc-10-stats-2022.xlsx,https://www.cbsa-asfc.gc.ca/trade-commerce/tariff-tarif/2022/concordance/conc-10-stats-2022.xlsx,603892b51de70231,2026-09-07
8525800040,8525830000,conc-10-stats-2022.xlsx,https://www.cbsa-asfc.gc.ca/trade-commerce/tariff-tarif/2022/concordance/conc-10-stats-2022.xlsx,603892b51de70231,2026-09-07
8525800050,8525830000,conc-10-stats-2022.xlsx,https://www.cbsa-asfc.gc.ca/trade-commerce/tariff-tarif/2022/concordance/conc-10-stats-2022.xlsx,603892b51de70231,2026-09-07
8525800040,8525890010,conc-10-stats-2022.xlsx,https://www.cbsa-asfc.gc.ca/trade-commerce/tariff-tarif/2022/concordance/conc-10-stats-2022.xlsx,603892b51de70231,2026-09-07
8525800050,8525890020,conc-10-stats-2022.xlsx,https://www.cbsa-asfc.gc.ca/trade-commerce/tariff-tarif/2022/concordance/conc-10-stats-2022.xlsx,603892b51de70231,2026-09-07
8529100010,8529100010,conc-10-stats-2022.xlsx,https://www.cbsa-asfc.gc.ca/trade-commerce/tariff-tarif/2022/concordance/conc-10-stats-2022.xlsx,603892b51de70231,2026-09-07
8529100020,8529100020,conc-10-stats-2022.xlsx,https://www.cbsa-asfc.gc.ca/trade-commerce/tariff-tarif/2022/concordance/conc-10-stats-2022.xlsx,603892b51de70231,2026-09-07
8529100030,8529100030,conc-10-stats-2022.xlsx,https://www.cbsa-asfc.gc.ca/trade-commerce/tariff-tarif/2022/concordance/conc-10-stats-2022.xlsx,603892b51de70231,2026-09-07
8529100090,8529100090,conc-10-stats-2022.xlsx,https://www.cbsa-asfc.gc.ca/trade-commerce/tariff-tarif/2022/concordance/conc-10-stats-2022.xlsx,603892b51de70231,2026-09-07
8529901000,8529901000,conc-10-stats-2022.xlsx,https://www.cbsa-asfc.gc.ca/trade-commerce/tariff-tarif/2022/concordance/conc-10-stats-2022.xlsx,603892b51de70231,2026-09-07
8529902000,8529902000,conc-10-stats-2022.xlsx,https://www.cbsa-asfc.gc.ca/trade-commerce/tariff-tarif/2022/concordance/conc-10-stats-2022.xlsx,603892b51de70231,2026-09-07
8529903100,8529903100,conc-10-stats-2022.xlsx,https://www.cbsa-asfc.gc.ca/trade-commerce/tariff-tarif/2022/concordance/conc-10-stats-2022.xlsx,603892b51de70231,2026-09-07
8529903900,8529903900,conc-10-stats-2022.xlsx,https://www.cbsa-asfc.gc.ca/trade-commerce/tariff-tarif/2022/concordance/conc-10-stats-2022.xlsx,603892b51de70231,2026-09-07
8529905000,8529905000,conc-10-stats-2022.xlsx,https://www.cbsa-asfc.gc.ca/trade-commerce/tariff-tarif/2022/concordance/conc-10-stats-2022.xlsx,603892b51de70231,2026-09-07
8529906000,8529906000,conc-10-stats-2022.xlsx,https://www.cbsa-asfc.gc.ca/trade-commerce/tariff-tarif/2022/concordance/conc-10-stats-2022.xlsx,603892b51de70231,2026-09-07
8529909000,8529909000,conc-10-stats-2022.xlsx,https://www.cbsa-asfc.gc.ca/trade-commerce/tariff-tarif/2022/concordance/conc-10-stats-2022.xlsx,603892b51de70231,2026-09-07
8530900010,8530900010,conc-10-stats-2022.xlsx,https://www.cbsa-asfc.gc.ca/trade-commerce/tariff-tarif/2022/concordance/conc-10-stats-2022.xlsx,603892b51de70231,2026-09-07
8530900090,8530900090,conc-10-stats-2022.xlsx,https://www.cbsa-asfc.gc.ca/trade-commerce/tariff-tarif/2022/concordance/conc-10-stats-2022.xlsx,603892b51de70231,2026-09-07
8531900010,8531900010,conc-10-stats-2022.xlsx,https://www.cbsa-asfc.gc.ca/trade-commerce/tariff-tarif/2022/concordance/conc-10-stats-2022.xlsx,603892b51de70231,2026-09-07
8531900090,8531900090,conc-10-stats-2022.xlsx,https://www.cbsa-asfc.gc.ca/trade-commerce/tariff-tarif/2022/concordance/conc-10-stats-2022.xlsx,603892b51de70231,2026-09-07
8538901000,8538901000,conc-10-stats-2022.xlsx,https://www.cbsa-asfc.gc.ca/trade-commerce/tariff-tarif/2022/concordance/conc-10-stats-2022.xlsx,603892b51de70231,2026-09-07
8538902000,8538902000,conc-10-stats-2022.xlsx,https://www.cbsa-asfc.gc.ca/trade-commerce/tariff-tarif/2022/concordance/conc-10-stats-2022.xlsx,603892b51de70231,2026-09-07
8538903100,8538903100,conc-10-stats-2022.xlsx,https://www.cbsa-asfc.gc.ca/trade-commerce/tariff-tarif/2022/concordance/conc-10-stats-2022.xlsx,603892b51de70231,2026-09-07
8538903900,8538903900,conc-10-stats-2022.xlsx,https://www.cbsa-asfc.gc.ca/trade-commerce/tariff-tarif/2022/concordance/conc-10-stats-2022.xlsx,603892b51de70231,2026-09-07
8538909010,8538909010,conc-10-stats-2022.xlsx,https://www.cbsa-asfc.gc.ca/trade-commerce/tariff-tarif/2022/concordance/conc-10-stats-2022.xlsx,603892b51de70231,2026-09-07
8538909030,8538909030,conc-10-stats-2022.xlsx,https://www.cbsa-asfc.gc.ca/trade-commerce/tariff-tarif/2022/concordance/conc-10-stats-2022.xlsx,603892b51de70231,2026-09-07
8538909090,8538909090,conc-10-stats-2022.xlsx,https://www.cbsa-asfc.gc.ca/trade-commerce/tariff-tarif/2022/concordance/conc-10-stats-2022.xlsx,603892b51de70231,2026-09-07
8539901000,8539511000,conc-10-stats-2022.xlsx,https://www.cbsa-asfc.gc.ca/trade-commerce/tariff-tarif/2022/concordance/conc-10-stats-2022.xlsx,603892b51de70231,2026-09-07
8543700000,8539511000,conc-10-stats-2022.xlsx,https://www.cbsa-asfc.gc.ca/trade-commerce/tariff-tarif/2022/concordance/conc-10-stats-2022.xlsx,603892b51de70231,2026-09-07
9405990000,8539511000,conc-10-stats-2022.xlsx,https://www.cbsa-asfc.gc.ca/trade-commerce/tariff-tarif/2022/concordance/conc-10-stats-2022.xlsx,603892b51de70231,2026-09-07
8539909000,8539519000,conc-10-stats-2022.xlsx,https://www.cbsa-asfc.gc.ca/trade-commerce/tariff-tarif/2022/concordance/conc-10-stats-2022.xlsx,603892b51de70231,2026-09-07
8539500000,8539520000,conc-10-stats-2022.xlsx,https://www.cbsa-asfc.gc.ca/trade-commerce/tariff-tarif/2022/concordance/conc-10-stats-2022.xlsx,603892b51de70231,2026-09-07
8539901000,8539901000,conc-10-stats-2022.xlsx,https://www.cbsa-asfc.gc.ca/trade-commerce/tariff-tarif/2022/concordance/conc-10-stats-2022.xlsx,603892b51de70231,2026-09-07
8543900000,8539901000,conc-10-stats-2022.xlsx,https://www.cbsa-asfc.gc.ca/trade-commerce/tariff-tarif/2022/concordance/conc-10-stats-2022.xlsx,603892b51de70231,2026-09-07
9405990000,8539901000,conc-10-stats-2022.xlsx,https://www.cbsa-asfc.gc.ca/trade-commerce/tariff-tarif/2022/concordance/conc-10-stats-2022.xlsx,603892b51de70231,2026-09-07
8539909000,8539909000,conc-10-stats-2022.xlsx,https://www.cbsa-asfc.gc.ca/trade-commerce/tariff-tarif/2022/concordance/conc-10-stats-2022.xlsx,603892b51de70231,2026-09-07
8543900000,8539909000,conc-10-stats-2022.xlsx,https://www.cbsa-asfc.gc.ca/trade-commerce/tariff-tarif/2022/concordance/conc-10-stats-2022.xlsx,603892b51de70231,2026-09-07
9405990000,8539909000,conc-10-stats-2022.xlsx,https://www.cbsa-asfc.gc.ca/trade-commerce/tariff-tarif/2022/concordance/conc-10-stats-2022.xlsx,603892b51de70231,2026-09-07
8541400010,8541410000,conc-10-stats-2022.xlsx,https://www.cbsa-asfc.gc.ca/trade-commerce/tariff-tarif/2022/concordance/conc-10-stats-2022.xlsx,603892b51de70231,2026-09-07
8541400023,8541420000,conc-10-stats-2022.xlsx,https://www.cbsa-asfc.gc.ca/trade-commerce/tariff-tarif/2022/concordance/conc-10-stats-2022.xlsx,603892b51de70231,2026-09-07
8541400029,8541420000,conc-10-stats-2022.xlsx,https://www.cbsa-asfc.gc.ca/trade-commerce/tariff-tarif/2022/concordance/conc-10-stats-2022.xlsx,603892b51de70231,2026-09-07
8541400022,8541430000,conc-10-stats-2022.xlsx,https://www.cbsa-asfc.gc.ca/trade-commerce/tariff-tarif/2022/concordance/conc-10-stats-2022.xlsx,603892b51de70231,2026-09-07
8541400029,8541430000,conc-10-stats-2022.xlsx,https://www.cbsa-asfc.gc.ca/trade-commerce/tariff-tarif/2022/concordance/conc-10-stats-2022.xlsx,603892b51de70231,2026-09-07
8541400029,8541490010,conc-10-stats-2022.xlsx,https://www.cbsa-asfc.gc.ca/trade-commerce/tariff-tarif/2022/concordance/conc-10-stats-2022.xlsx,603892b51de70231,2026-09-07
8541400091,8541490020,conc-10-stats-2022.xlsx,https://www.cbsa-asfc.gc.ca/trade-commerce/tariff-tarif/2022/concordance/conc-10-stats-2022.xlsx,603892b51de70231,2026-09-07
8541400099,8541490090,conc-10-stats-2022.xlsx,https://www.cbsa-asfc.gc.ca/trade-commerce/tariff-tarif/2022/concordance/conc-10-stats-2022.xlsx,603892b51de70231,2026-09-07
8518900000,8541510000,conc-10-stats-2022.xlsx,https://www.cbsa-asfc.gc.ca/trade-commerce/tariff-tarif/2022/concordance/conc-10-stats-2022.xlsx,603892b51de70231,2026-09-07
8522100000,8541510000,conc-10-stats-2022.xlsx,https://www.cbsa-asfc.gc.ca/trade-commerce/tariff-tarif/2022/concordance/conc-10-stats-2022.xlsx,603892b51de70231,2026-09-07
8522901000,8541510000,conc-10-stats-2022.xlsx,https://www.cbsa-asfc.gc.ca/trade-commerce/tariff-tarif/2022/concordance/conc-10-stats-2022.xlsx,603892b51de70231,2026-09-07
8522909000,8541510000,conc-10-stats-2022.xlsx,https://www.cbsa-asfc.gc.ca/trade-commerce/tariff-tarif/2022/concordance/conc-10-stats-2022.xlsx,603892b51de70231,2026-09-07
8529100010,8541510000,conc-10-stats-2022.xlsx,https://www.cbsa-asfc.gc.ca/trade-commerce/tariff-tarif/2022/concordance/conc-10-stats-2022.xlsx,603892b51de70231,2026-09-07
8529100020,8541510000,conc-10-stats-2022.xlsx,https://www.cbsa-asfc.gc.ca/trade-commerce/tariff-tarif/2022/concordance/conc-10-stats-2022.xlsx,603892b51de70231,2026-09-07
8529100030,8541510000,conc-10-stats-2022.xlsx,https://www.cbsa-asfc.gc.ca/trade-commerce/tariff-tarif/2022/concordance/conc-10-stats-2022.xlsx,603892b51de70231,2026-09-07
8529100090,8541510000,conc-10-stats-2022.xlsx,https://www.cbsa-asfc.gc.ca/trade-commerce/tariff-tarif/2022/concordance/conc-10-stats-2022.xlsx,603892b51de70231,2026-09-07
8529901000,8541510000,conc-10-stats-2022.xlsx,https://www.cbsa-asfc.gc.ca/trade-commerce/tariff-tarif/2022/concordance/conc-10-stats-2022.xlsx,603892b51de70231,2026-09-07
8529902000,8541510000,conc-10-stats-2022.xlsx,https://www.cbsa-asfc.gc.ca/trade-commerce/tariff-tarif/2022/concordance/conc-10-stats-2022.xlsx,603892b51de70231,2026-09-07
8529903100,8541510000,conc-10-stats-2022.xlsx,https://www.cbsa-asfc.gc.ca/trade-commerce/tariff-tarif/2022/concordance/conc-10-stats-2022.xlsx,603892b51de70231,2026-09-07
8529903900,8541510000,conc-10-stats-2022.xlsx,https://www.cbsa-asfc.gc.ca/trade-commerce/tariff-tarif/2022/concordance/conc-10-stats-2022.xlsx,603892b51de70231,2026-09-07
8529905000,8541510000,conc-10-stats-2022.xlsx,https://www.cbsa-asfc.gc.ca/trade-commerce/tariff-tarif/2022/concordance/conc-10-stats-2022.xlsx,603892b51de70231,2026-09-07
8529906000,8541510000,conc-10-stats-2022.xlsx,https://www.cbsa-asfc.gc.ca/trade-commerce/tariff-tarif/2022/concordance/conc-10-stats-2022.xlsx,603892b51de70231,2026-09-07
8529909000,8541510000,conc-10-stats-2022.xlsx,https://www.cbsa-asfc.gc.ca/trade-commerce/tariff-tarif/2022/concordance/conc-10-stats-2022.xlsx,603892b51de70231,2026-09-07
8530900010,8541510000,conc-10-stats-2022.xlsx,https://www.cbsa-asfc.gc.ca/trade-commerce/tariff-tarif/2022/concordance/conc-10-stats-2022.xlsx,603892b51de70231,2026-09-07
8530900090,8541510000,conc-10-stats-2022.xlsx,https://www.cbsa-asfc.gc.ca/trade-commerce/tariff-tarif/2022/concordance/conc-10-stats-2022.xlsx,603892b51de70231,2026-09-07
8531900010,8541510000,conc-10-stats-2022.xlsx,https://www.cbsa-asfc.gc.ca/trade-commerce/tariff-tarif/2022/concordance/conc-10-stats-2022.xlsx,603892b51de70231,2026-09-07
8531900090,8541510000,conc-10-stats-2022.xlsx,https://www.cbsa-asfc.gc.ca/trade-commerce/tariff-tarif/2022/concordance/conc-10-stats-2022.xlsx,603892b51de70231,2026-09-07
8538901000,8541510000,conc-10-stats-2022.xlsx,https://www.cbsa-asfc.gc.ca/trade-commerce/tariff-tarif/2022/concordance/conc-10-stats-2022.xlsx,603892b51de70231,2026-09-07
8538902000,8541510000,conc-10-stats-2022.xlsx,https://www.cbsa-asfc.gc.ca/trade-commerce/tariff-tarif/2022/concordance/conc-10-stats-2022.xlsx,603892b51de70231,2026-09-07
8538903100,8541510000,conc-10-stats-2022.xlsx,https://www.cbsa-asfc.gc.ca/trade-commerce/tariff-tarif/2022/concordance/conc-10-stats-2022.xlsx,603892b51de70231,2026-09-07
8538903900,8541510000,conc-10-stats-2022.xlsx,https://www.cbsa-asfc.gc.ca/trade-commerce/tariff-tarif/2022/concordance/conc-10-stats-2022.xlsx,603892b51de70231,2026-09-07
8538909010,8541510000,conc-10-stats-2022.xlsx,https://www.cbsa-asfc.gc.ca/trade-commerce/tariff-tarif/2022/concordance/conc-10-stats-2022.xlsx,603892b51de70231,2026-09-07
8538909030,8541510000,conc-10-stats-2022.xlsx,https://www.cbsa-asfc.gc.ca/trade-commerce/tariff-tarif/2022/concordance/conc-10-stats-2022.xlsx,603892b51de70231,2026-09-07
8538909090,8541510000,conc-10-stats-2022.xlsx,https://www.cbsa-asfc.gc.ca/trade-commerce/tariff-tarif/2022/concordance/conc-10-stats-2022.xlsx,603892b51de70231,2026-09-07
8541500000,8541510000,conc-10-stats-2022.xlsx,https://www.cbsa-asfc.gc.ca/trade-commerce/tariff-tarif/2022/concordance/conc-10-stats-2022.xlsx,603892b51de70231,2026-09-07
8543700000,8541510000,conc-10-stats-2022.xlsx,https://www.cbsa-asfc.gc.ca/trade-commerce/tariff-tarif/2022/concordance/conc-10-stats-2022.xlsx,603892b51de70231,2026-09-07
8543900000,8541510000,conc-10-stats-2022.xlsx,https://www.cbsa-asfc.gc.ca/trade-commerce/tariff-tarif/2022/concordance/conc-10-stats-2022.xlsx,603892b51de70231,2026-09-07
9025900000,8541510000,conc-10-stats-2022.xlsx,https://www.cbsa-asfc.gc.ca/trade-commerce/tariff-tarif/2022/concordance/conc-10-stats-2022.xlsx,603892b51de70231,2026-09-07
9026900000,8541510000,conc-10-stats-2022.xlsx,https://www.cbsa-asfc.gc.ca/trade-commerce/tariff-tarif/2022/concordance/conc-10-stats-2022.xlsx,603892b51de70231,2026-09-07
9027900000,8541510000,conc-10-stats-2022.xlsx,https://www.cbsa-asfc.gc.ca/trade-commerce/tariff-tarif/2022/concordance/conc-10-stats-2022.xlsx,603892b51de70231,2026-09-07
9028900000,8541510000,conc-10-stats-2022.xlsx,https://www.cbsa-asfc.gc.ca/trade-commerce/tariff-tarif/2022/concordance/conc-10-stats-2022.xlsx,603892b51de70231,2026-09-07
9029900000,8541510000,conc-10-stats-2022.xlsx,https://www.cbsa-asfc.gc.ca/trade-commerce/tariff-tarif/2022/concordance/conc-10-stats-2022.xlsx,603892b51de70231,2026-09-07
9030900000,8541510000,conc-10-stats-2022.xlsx,https://www.cbsa-asfc.gc.ca/trade-commerce/tariff-tarif/2022/concordance/conc-10-stats-2022.xlsx,603892b51de70231,2026-09-07
9031901000,8541510000,conc-10-stats-2022.xlsx,https://www.cbsa-asfc.gc.ca/trade-commerce/tariff-tarif/2022/concordance/conc-10-stats-2022.xlsx,603892b51de70231,2026-09-07
9031909020,8541510000,conc-10-stats-2022.xlsx,https://www.cbsa-asfc.gc.ca/trade-commerce/tariff-tarif/2022/concordance/conc-10-stats-2022.xlsx,603892b51de70231,2026-09-07
9031909030,8541510000,conc-10-stats-2022.xlsx,https://www.cbsa-asfc.gc.ca/trade-commerce/tariff-tarif/2022/concordance/conc-10-stats-2022.xlsx,603892b51de70231,2026-09-07
9031909090,8541510000,conc-10-stats-2022.xlsx,https://www.cbsa-asfc.gc.ca/trade-commerce/tariff-tarif/2022/concordance/conc-10-stats-2022.xlsx,603892b51de70231,2026-09-07
9032900000,8541510000,conc-10-stats-2022.xlsx,https://www.cbsa-asfc.gc.ca/trade-commerce/tariff-tarif/2022/concordance/conc-10-stats-2022.xlsx,603892b51de70231,2026-09-07
9033000000,8541510000,conc-10-stats-2022.xlsx,https://www.cbsa-asfc.gc.ca/trade-commerce/tariff-tarif/2022/concordance/conc-10-stats-2022.xlsx,603892b51de70231,2026-09-07
9504200000,8541510000,conc-10-stats-2022.xlsx,https://www.cbsa-asfc.gc.ca/trade-commerce/tariff-tarif/2022/concordance/conc-10-stats-2022.xlsx,603892b51de70231,2026-09-07
9504300080,8541510000,conc-10-stats-2022.xlsx,https://www.cbsa-asfc.gc.ca/trade-commerce/tariff-tarif/2022/concordance/conc-10-stats-2022.xlsx,603892b51de70231,2026-09-07
9504500080,8541510000,conc-10-stats-2022.xlsx,https://www.cbsa-asfc.gc.ca/trade-commerce/tariff-tarif/2022/concordance/conc-10-stats-2022.xlsx,603892b51de70231,2026-09-07
9504900090,8541510000,conc-10-stats-2022.xlsx,https://www.cbsa-asfc.gc.ca/trade-commerce/tariff-tarif/2022/concordance/conc-10-stats-2022.xlsx,603892b51de70231,2026-09-07
8518900000,8541590000,conc-10-stats-2022.xlsx,https://www.cbsa-asfc.gc.ca/trade-commerce/tariff-tarif/2022/concordance/conc-10-stats-2022.xlsx,603892b51de70231,2026-09-07
8522901000,8541590000,conc-10-stats-2022.xlsx,https://www.cbsa-asfc.gc.ca/trade-commerce/tariff-tarif/2022/concordance/conc-10-stats-2022.xlsx,603892b51de70231,2026-09-07
8522909000,8541590000,conc-10-stats-2022.xlsx,https://www.cbsa-asfc.gc.ca/trade-commerce/tariff-tarif/2022/concordance/conc-10-stats-2022.xlsx,603892b51de70231,2026-09-07
8529901000,8541590000,conc-10-stats-2022.xlsx,https://www.cbsa-asfc.gc.ca/trade-commerce/tariff-tarif/2022/concordance/conc-10-stats-2022.xlsx,603892b51de70231,2026-09-07
8529905000,8541590000,conc-10-stats-2022.xlsx,https://www.cbsa-asfc.gc.ca/trade-commerce/tariff-tarif/2022/concordance/conc-10-stats-2022.xlsx,603892b51de70231,2026-09-07
8529906000,8541590000,conc-10-stats-2022.xlsx,https://www.cbsa-asfc.gc.ca/trade-commerce/tariff-tarif/2022/concordance/conc-10-stats-2022.xlsx,603892b51de70231,2026-09-07
8529909000,8541590000,conc-10-stats-2022.xlsx,https://www.cbsa-asfc.gc.ca/trade-commerce/tariff-tarif/2022/concordance/conc-10-stats-2022.xlsx,603892b51de70231,2026-09-07
8530900010,8541590000,conc-10-stats-2022.xlsx,https://www.cbsa-asfc.gc.ca/trade-commerce/tariff-tarif/2022/concordance/conc-10-stats-2022.xlsx,603892b51de70231,2026-09-07
8530900090,8541590000,conc-10-stats-2022.xlsx,https://www.cbsa-asfc.gc.ca/trade-commerce/tariff-tarif/2022/concordance/conc-10-stats-2022.xlsx,603892b51de70231,2026-09-07
8531900010,8541590000,conc-10-stats-2022.xlsx,https://www.cbsa-asfc.gc.ca/trade-commerce/tariff-tarif/2022/concordance/conc-10-stats-2022.xlsx,603892b51de70231,2026-09-07
8531900090,8541590000,conc-10-stats-2022.xlsx,https://www.cbsa-asfc.gc.ca/trade-commerce/tariff-tarif/2022/concordance/conc-10-stats-2022.xlsx,603892b51de70231,2026-09-07
8538901000,8541590000,conc-10-stats-2022.xlsx,https://www.cbsa-asfc.gc.ca/trade-commerce/tariff-tarif/2022/concordance/conc-10-stats-2022.xlsx,603892b51de70231,2026-09-07
8538902000,8541590000,conc-10-stats-2022.xlsx,https://www.cbsa-asfc.gc.ca/trade-commerce/tariff-tarif/2022/concordance/conc-10-stats-2022.xlsx,603892b51de70231,2026-09-07
8538909010,8541590000,conc-10-stats-2022.xlsx,https://www.cbsa-asfc.gc.ca/trade-commerce/tariff-tarif/2022/concordance/conc-10-stats-2022.xlsx,603892b51de70231,2026-09-07
8538909030,8541590000,conc-10-stats-2022.xlsx,https://www.cbsa-asfc.gc.ca/trade-commerce/tariff-tarif/2022/concordance/conc-10-stats-2022.xlsx,603892b51de70231,2026-09-07
8538909090,8541590000,conc-10-stats-2022.xlsx,https://www.cbsa-asfc.gc.ca/trade-commerce/tariff-tarif/2022/concordance/conc-10-stats-2022.xlsx,603892b51de70231,2026-09-07
8541500000,8541590000,conc-10-stats-2022.xlsx,https://www.cbsa-asfc.gc.ca/trade-commerce/tariff-tarif/2022/concordance/conc-10-stats-2022.xlsx,603892b51de70231,2026-09-07
8543700000,8541590000,conc-10-stats-2022.xlsx,https://www.cbsa-asfc.gc.ca/trade-commerce/tariff-tarif/2022/concordance/conc-10-stats-2022.xlsx,603892b51de70231,2026-09-07
8543900000,8541590000,conc-10-stats-2022.xlsx,https://www.cbsa-asfc.gc.ca/trade-commerce/tariff-tarif/2022/concordance/conc-10-stats-2022.xlsx,603892b51de70231,2026-09-07
9025900000,8541590000,conc-10-stats-2022.xlsx,https://www.cbsa-asfc.gc.ca/trade-commerce/tariff-tarif/2022/concordance/conc-10-stats-2022.xlsx,603892b51de70231,2026-09-07
9026900000,8541590000,conc-10-stats-2022.xlsx,https://www.cbsa-asfc.gc.ca/trade-commerce/tariff-tarif/2022/concordance/conc-10-stats-2022.xlsx,603892b51de70231,2026-09-07
9027900000,8541590000,conc-10-stats-2022.xlsx,https://www.cbsa-asfc.gc.ca/trade-commerce/tariff-tarif/2022/concordance/conc-10-stats-2022.xlsx,603892b51de70231,2026-09-07
9028900000,8541590000,conc-10-stats-2022.xlsx,https://www.cbsa-asfc.gc.ca/trade-commerce/tariff-tarif/2022/concordance/conc-10-stats-2022.xlsx,603892b51de70231,2026-09-07
9029900000,8541590000,conc-10-stats-2022.xlsx,https://www.cbsa-asfc.gc.ca/trade-commerce/tariff-tarif/2022/concordance/conc-10-stats-2022.xlsx,603892b51de70231,2026-09-07
9030900000,8541590000,conc-10-stats-2022.xlsx,https://www.cbsa-asfc.gc.ca/trade-commerce/tariff-tarif/2022/concordance/conc-10-stats-2022.xlsx,603892b51de70231,2026-09-07
9031909020,8541590000,conc-10-stats-2022.xlsx,https://www.cbsa-asfc.gc.ca/trade-commerce/tariff-tarif/2022/concordance/conc-10-stats-2022.xlsx,603892b51de70231,2026-09-07
9031909030,8541590000,conc-10-stats-2022.xlsx,https://www.cbsa-asfc.gc.ca/trade-commerce/tariff-tarif/2022/concordance/conc-10-stats-2022.xlsx,603892b51de70231,2026-09-07
9031909090,8541590000,conc-10-stats-2022.xlsx,https://www.cbsa-asfc.gc.ca/trade-commerce/tariff-tarif/2022/concordance/conc-10-stats-2022.xlsx,603892b51de70231,2026-09-07
9032900000,8541590000,conc-10-stats-2022.xlsx,https://www.cbsa-asfc.gc.ca/trade-commerce/tariff-tarif/2022/concordance/conc-10-stats-2022.xlsx,603892b51de70231,2026-09-07
9033000000,8541590000,conc-10-stats-2022.xlsx,https://www.cbsa-asfc.gc.ca/trade-commerce/tariff-tarif/2022/concordance/conc-10-stats-2022.xlsx,603892b51de70231,2026-09-07
9504300080,8541590000,conc-10-stats-2022.xlsx,https://www.cbsa-asfc.gc.ca/trade-commerce/tariff-tarif/2022/concordance/conc-10-stats-2022.xlsx,603892b51de70231,2026-09-07
9504500080,8541590000,conc-10-stats-2022.xlsx,https://www.cbsa-asfc.gc.ca/trade-commerce/tariff-tarif/2022/concordance/conc-10-stats-2022.xlsx,603892b51de70231,2026-09-07
8543700000,8543400010,conc-10-stats-2022.xlsx,https://www.cbsa-asfc.gc.ca/trade-commerce/tariff-tarif/2022/concordance/conc-10-stats-2022.xlsx,603892b51de70231,2026-09-07
8543700000,8543400090,conc-10-stats-2022.xlsx,https://www.cbsa-asfc.gc.ca/trade-commerce/tariff-tarif/2022/concordance/conc-10-stats-2022.xlsx,603892b51de70231,2026-09-07
8543700000,8543700000,conc-10-stats-2022.xlsx,https://www.cbsa-asfc.gc.ca/trade-commerce/tariff-tarif/2022/concordance/conc-10-stats-2022.xlsx,603892b51de70231,2026-09-07
8543900000,8543900000,conc-10-stats-2022.xlsx,https://www.cbsa-asfc.gc.ca/trade-commerce/tariff-tarif/2022/concordance/conc-10-stats-2022.xlsx,603892b51de70231,2026-09-07
8548900000,8548000000,conc-10-stats-2022.xlsx,https://www.cbsa-asfc.gc.ca/trade-commerce/tariff-tarif/2022/concordance/conc-10-stats-2022.xlsx,603892b51de70231,2026-09-07
8548101000,8549110000,conc-10-stats-2022.xlsx,https://www.cbsa-asfc.gc.ca/trade-commerce/tariff-tarif/2022/concordance/conc-10-stats-2022.xlsx,603892b51de70231,2026-09-07
8548109000,8549110000,conc-10-stats-2022.xlsx,https://www.cbsa-asfc.gc.ca/trade-commerce/tariff-tarif/2022/concordance/conc-10-stats-2022.xlsx,603892b51de70231,2026-09-07
8548101000,8549120000,conc-10-stats-2022.xlsx,https://www.cbsa-asfc.gc.ca/trade-commerce/tariff-tarif/2022/concordance/conc-10-stats-2022.xlsx,603892b51de70231,2026-09-07
8548109000,8549120000,conc-10-stats-2022.xlsx,https://www.cbsa-asfc.gc.ca/trade-commerce/tariff-tarif/2022/concordance/conc-10-stats-2022.xlsx,603892b51de70231,2026-09-07
8548101000,8549130000,conc-10-stats-2022.xlsx,https://www.cbsa-asfc.gc.ca/trade-commerce/tariff-tarif/2022/concordance/conc-10-stats-2022.xlsx,603892b51de70231,2026-09-07
8548109000,8549130000,conc-10-stats-2022.xlsx,https://www.cbsa-asfc.gc.ca/trade-commerce/tariff-tarif/2022/concordance/conc-10-stats-2022.xlsx,603892b51de70231,2026-09-07
8548101000,8549140000,conc-10-stats-2022.xlsx,https://www.cbsa-asfc.gc.ca/trade-commerce/tariff-tarif/2022/concordance/conc-10-stats-2022.xlsx,603892b51de70231,2026-09-07
8548109000,8549140000,conc-10-stats-2022.xlsx,https://www.cbsa-asfc.gc.ca/trade-commerce/tariff-tarif/2022/concordance/conc-10-stats-2022.xlsx,603892b51de70231,2026-09-07
8548101000,8549190000,conc-10-stats-2022.xlsx,https://www.cbsa-asfc.gc.ca/trade-commerce/tariff-tarif/2022/concordance/conc-10-stats-2022.xlsx,603892b51de70231,2026-09-07
8548109000,8549190000,conc-10-stats-2022.xlsx,https://www.cbsa-asfc.gc.ca/trade-commerce/tariff-tarif/2022/concordance/conc-10-stats-2022.xlsx,603892b51de70231,2026-09-07
7001000000,8549210000,conc-10-stats-2022.xlsx,https://www.cbsa-asfc.gc.ca/trade-commerce/tariff-tarif/2022/concordance/conc-10-stats-2022.xlsx,603892b51de70231,2026-09-07
7112910010,8549210000,conc-10-stats-2022.xlsx,https://www.cbsa-asfc.gc.ca/trade-commerce/tariff-tarif/2022/concordance/conc-10-stats-2022.xlsx,603892b51de70231,2026-09-07
7112910090,8549210000,conc-10-stats-2022.xlsx,https://www.cbsa-asfc.gc.ca/trade-commerce/tariff-tarif/2022/concordance/conc-10-stats-2022.xlsx,603892b51de70231,2026-09-07
7112920000,8549210000,conc-10-stats-2022.xlsx,https://www.cbsa-asfc.gc.ca/trade-commerce/tariff-tarif/2022/concordance/conc-10-stats-2022.xlsx,603892b51de70231,2026-09-07
7112990000,8549210000,conc-10-stats-2022.xlsx,https://www.cbsa-asfc.gc.ca/trade-commerce/tariff-tarif/2022/concordance/conc-10-stats-2022.xlsx,603892b51de70231,2026-09-07
7112910010,8549290000,conc-10-stats-2022.xlsx,https://www.cbsa-asfc.gc.ca/trade-commerce/tariff-tarif/2022/concordance/conc-10-stats-2022.xlsx,603892b51de70231,2026-09-07
7112910090,8549290000,conc-10-stats-2022.xlsx,https://www.cbsa-asfc.gc.ca/trade-commerce/tariff-tarif/2022/concordance/conc-10-stats-2022.xlsx,603892b51de70231,2026-09-07
7112920000,8549290000,conc-10-stats-2022.xlsx,https://www.cbsa-asfc.gc.ca/trade-commerce/tariff-tarif/2022/concordance/conc-10-stats-2022.xlsx,603892b51de70231,2026-09-07
7112990000,8549290000,conc-10-stats-2022.xlsx,https://www.cbsa-asfc.gc.ca/trade-commerce/tariff-tarif/2022/concordance/conc-10-stats-2022.xlsx,603892b51de70231,2026-09-07
7001000000,8549310000,conc-10-stats-2022.xlsx,https://www.cbsa-asfc.gc.ca/trade-commerce/tariff-tarif/2022/concordance/conc-10-stats-2022.xlsx,603892b51de70231,2026-09-07
8548900000,8549390000,conc-10-stats-2022.xlsx,https://www.cbsa-asfc.gc.ca/trade-commerce/tariff-tarif/2022/concordance/conc-10-stats-2022.xlsx,603892b51de70231,2026-09-07
7001000000,8549910000,conc-10-stats-2022.xlsx,https://www.cbsa-asfc.gc.ca/trade-commerce/tariff-tarif/2022/concordance/conc-10-stats-2022.xlsx,603892b51de70231,2026-09-07
8548900000,8549990000,conc-10-stats-2022.xlsx,https://www.cbsa-asfc.gc.ca/trade-commerce/tariff-tarif/2022/concordance/conc-10-stats-2022.xlsx,603892b51de70231,2026-09-07
8701200011,8701210011,conc-10-stats-2022.xlsx,https://www.cbsa-asfc.gc.ca/trade-commerce/tariff-tarif/2022/concordance/conc-10-stats-2022.xlsx,603892b51de70231,2026-09-07
8701200012,8701210012,conc-10-stats-2022.xlsx,https://www.cbsa-asfc.gc.ca/trade-commerce/tariff-tarif/2022/concordance/conc-10-stats-2022.xlsx,603892b51de70231,2026-09-07
8701200020,8701210020,conc-10-stats-2022.xlsx,https://www.cbsa-asfc.gc.ca/trade-commerce/tariff-tarif/2022/concordance/conc-10-stats-2022.xlsx,603892b51de70231,2026-09-07
8701200011,8701220000,conc-10-stats-2022.xlsx,https://www.cbsa-asfc.gc.ca/trade-commerce/tariff-tarif/2022/concordance/conc-10-stats-2022.xlsx,603892b51de70231,2026-09-07
8701200012,8701220000,conc-10-stats-2022.xlsx,https://www.cbsa-asfc.gc.ca/trade-commerce/tariff-tarif/2022/concordance/conc-10-stats-2022.xlsx,603892b51de70231,2026-09-07
8701200020,8701220000,conc-10-stats-2022.xlsx,https://www.cbsa-asfc.gc.ca/trade-commerce/tariff-tarif/2022/concordance/conc-10-stats-2022.xlsx,603892b51de70231,2026-09-07
8701200011,8701230000,conc-10-stats-2022.xlsx,https://www.cbsa-asfc.gc.ca/trade-commerce/tariff-tarif/2022/concordance/conc-10-stats-2022.xlsx,603892b51de70231,2026-09-07
8701200012,8701230000,conc-10-stats-2022.xlsx,https://www.cbsa-asfc.gc.ca/trade-commerce/tariff-tarif/2022/concordance/conc-10-stats-2022.xlsx,603892b51de70231,2026-09-07
8701200020,8701230000,conc-10-stats-2022.xlsx,https://www.cbsa-asfc.gc.ca/trade-commerce/tariff-tarif/2022/concordance/conc-10-stats-2022.xlsx,603892b51de70231,2026-09-07
8701200011,8701240000,conc-10-stats-2022.xlsx,https://www.cbsa-asfc.gc.ca/trade-commerce/tariff-tarif/2022/concordance/conc-10-stats-2022.xlsx,603892b51de70231,2026-09-07
8701200012,8701240000,conc-10-stats-2022.xlsx,https://www.cbsa-asfc.gc.ca/trade-commerce/tariff-tarif/2022/concordance/conc-10-stats-2022.xlsx,603892b51de70231,2026-09-07
8701200020,8701240000,conc-10-stats-2022.xlsx,https://www.cbsa-asfc.gc.ca/trade-commerce/tariff-tarif/2022/concordance/conc-10-stats-2022.xlsx,603892b51de70231,2026-09-07
8701200011,8701290000,conc-10-stats-2022.xlsx,https://www.cbsa-asfc.gc.ca/trade-commerce/tariff-tarif/2022/concordance/conc-10-stats-2022.xlsx,603892b51de70231,2026-09-07
8701200012,8701290000,conc-10-stats-2022.xlsx,https://www.cbsa-asfc.gc.ca/trade-commerce/tariff-tarif/2022/concordance/conc-10-stats-2022.xlsx,603892b51de70231,2026-09-07
8701200020,8701290000,conc-10-stats-2022.xlsx,https://www.cbsa-asfc.gc.ca/trade-commerce/tariff-tarif/2022/concordance/conc-10-stats-2022.xlsx,603892b51de70231,2026-09-07
8704211000,8704211000,conc-10-stats-2022.xlsx,https://www.cbsa-asfc.gc.ca/trade-commerce/tariff-tarif/2022/concordance/conc-10-stats-2022.xlsx,603892b51de70231,2026-09-07
8704219010,8704219010,conc-10-stats-2022.xlsx,https://www.cbsa-asfc.gc.ca/trade-commerce/tariff-tarif/2022/concordance/conc-10-stats-2022.xlsx,603892b51de70231,2026-09-07
8704219020,8704219020,conc-10-stats-2022.xlsx,https://www.cbsa-asfc.gc.ca/trade-commerce/tariff-tarif/2022/concordance/conc-10-stats-2022.xlsx,603892b51de70231,2026-09-07
8704219030,8704219030,conc-10-stats-2022.xlsx,https://www.cbsa-asfc.gc.ca/trade-commerce/tariff-tarif/2022/concordance/conc-10-stats-2022.xlsx,603892b51de70231,2026-09-07
8704220010,8704220010,conc-10-stats-2022.xlsx,https://www.cbsa-asfc.gc.ca/trade-commerce/tariff-tarif/2022/concordance/conc-10-stats-2022.xlsx,603892b51de70231,2026-09-07
8704220020,8704220020,conc-10-stats-2022.xlsx,https://www.cbsa-asfc.gc.ca/trade-commerce/tariff-tarif/2022/concordance/conc-10-stats-2022.xlsx,603892b51de70231,2026-09-07
8704220030,8704220030,conc-10-stats-2022.xlsx,https://www.cbsa-asfc.gc.ca/trade-commerce/tariff-tarif/2022/concordance/conc-10-stats-2022.xlsx,603892b51de70231,2026-09-07
8704220040,8704220040,conc-10-stats-2022.xlsx,https://www.cbsa-asfc.gc.ca/trade-commerce/tariff-tarif/2022/concordance/conc-10-stats-2022.xlsx,603892b51de70231,2026-09-07
8704230000,8704230000,conc-10-stats-2022.xlsx,https://www.cbsa-asfc.gc.ca/trade-commerce/tariff-tarif/2022/concordance/conc-10-stats-2022.xlsx,603892b51de70231,2026-09-07
8704310010,8704310010,conc-10-stats-2022.xlsx,https://www.cbsa-asfc.gc.ca/trade-commerce/tariff-tarif/2022/concordance/conc-10-stats-2022.xlsx,603892b51de70231,2026-09-07
8704310020,8704310020,conc-10-stats-2022.xlsx,https://www.cbsa-asfc.gc.ca/trade-commerce/tariff-tarif/2022/concordance/conc-10-stats-2022.xlsx,603892b51de70231,2026-09-07
8704320010,8704320010,conc-10-stats-2022.xlsx,https://www.cbsa-asfc.gc.ca/trade-commerce/tariff-tarif/2022/concordance/conc-10-stats-2022.xlsx,603892b51de70231,2026-09-07
8704320020,8704320020,conc-10-stats-2022.xlsx,https://www.cbsa-asfc.gc.ca/trade-commerce/tariff-tarif/2022/concordance/conc-10-stats-2022.xlsx,603892b51de70231,2026-09-07
8704320030,8704320030,conc-10-stats-2022.xlsx,https://www.cbsa-asfc.gc.ca/trade-commerce/tariff-tarif/2022/concordance/conc-10-stats-2022.xlsx,603892b51de70231,2026-09-07
8704320040,8704320040,conc-10-stats-2022.xlsx,https://www.cbsa-asfc.gc.ca/trade-commerce/tariff-tarif/2022/concordance/conc-10-stats-2022.xlsx,603892b51de70231,2026-09-07
8704320050,8704320050,conc-10-stats-2022.xlsx,https://www.cbsa-asfc.gc.ca/trade-commerce/tariff-tarif/2022/concordance/conc-10-stats-2022.xlsx,603892b51de70231,2026-09-07
8704211000,8704411000,conc-10-stats-2022.xlsx,https://www.cbsa-asfc.gc.ca/trade-commerce/tariff-tarif/2022/concordance/conc-10-stats-2022.xlsx,603892b51de70231,2026-09-07
8704219010,8704419010,conc-10-stats-2022.xlsx,https://www.cbsa-asfc.gc.ca/trade-commerce/tariff-tarif/2022/concordance/conc-10-stats-2022.xlsx,603892b51de70231,2026-09-07
8704900000,8704419010,conc-10-stats-2022.xlsx,https://www.cbsa-asfc.gc.ca/trade-commerce/tariff-tarif/2022/concordance/conc-10-stats-2022.xlsx,603892b51de70231,2026-09-07
8704219020,8704419020,conc-10-stats-2022.xlsx,https://www.cbsa-asfc.gc.ca/trade-commerce/tariff-tarif/2022/concordance/conc-10-stats-2022.xlsx,603892b51de70231,2026-09-07
8704900000,8704419020,conc-10-stats-2022.xlsx,https://www.cbsa-asfc.gc.ca/trade-commerce/tariff-tarif/2022/concordance/conc-10-stats-2022.xlsx,603892b51de70231,2026-09-07
8704219030,8704419030,conc-10-stats-2022.xlsx,https://www.cbsa-asfc.gc.ca/trade-commerce/tariff-tarif/2022/concordance/conc-10-stats-2022.xlsx,603892b51de70231,2026-09-07
8704900000,8704419030,conc-10-stats-2022.xlsx,https://www.cbsa-asfc.gc.ca/trade-commerce/tariff-tarif/2022/concordance/conc-10-stats-2022.xlsx,603892b51de70231,2026-09-07
8704220010,8704420010,conc-10-stats-2022.xlsx,https://www.cbsa-asfc.gc.ca/trade-commerce/tariff-tarif/2022/concordance/conc-10-stats-2022.xlsx,603892b51de70231,2026-09-07
8704900000,8704420010,conc-10-stats-2022.xlsx,https://www.cbsa-asfc.gc.ca/trade-commerce/tariff-tarif/2022/concordance/conc-10-stats-2022.xlsx,603892b51de70231,2026-09-07
8704220020,8704420020,conc-10-stats-2022.xlsx,https://www.cbsa-asfc.gc.ca/trade-commerce/tariff-tarif/2022/concordance/conc-10-stats-2022.xlsx,603892b51de70231,2026-09-07
8704900000,8704420020,conc-10-stats-2022.xlsx,https://www.cbsa-asfc.gc.ca/trade-commerce/tariff-tarif/2022/concordance/conc-10-stats-2022.xlsx,603892b51de70231,2026-09-07
8704220030,8704420030,conc-10-stats-2022.xlsx,https://www.cbsa-asfc.gc.ca/trade-commerce/tariff-tarif/2022/concordance/conc-10-stats-2022.xlsx,603892b51de70231,2026-09-07
8704900000,8704420030,conc-10-stats-2022.xlsx,https://www.cbsa-asfc.gc.ca/trade-commerce/tariff-tarif/2022/concordance/conc-10-stats-2022.xlsx,603892b51de70231,2026-09-07
8704220040,8704420040,conc-10-stats-2022.xlsx,https://www.cbsa-asfc.gc.ca/trade-commerce/tariff-tarif/2022/concordance/conc-10-stats-2022.xlsx,603892b51de70231,2026-09-07
8704900000,8704420040,conc-10-stats-2022.xlsx,https://www.cbsa-asfc.gc.ca/trade-commerce/tariff-tarif/2022/concordance/conc-10-stats-2022.xlsx,603892b51de70231,2026-09-07
8704230000,8704430000,conc-10-stats-2022.xlsx,https://www.cbsa-asfc.gc.ca/trade-commerce/tariff-tarif/2022/concordance/conc-10-stats-2022.xlsx,603892b51de70231,2026-09-07
8704900000,8704430000,conc-10-stats-2022.xlsx,https://www.cbsa-asfc.gc.ca/trade-commerce/tariff-tarif/2022/concordance/conc-10-stats-2022.xlsx,603892b51de70231,2026-09-07
8704310010,8704510010,conc-10-stats-2022.xlsx,https://www.cbsa-asfc.gc.ca/trade-commerce/tariff-tarif/2022/concordance/conc-10-stats-2022.xlsx,603892b51de70231,2026-09-07
8704900000,8704510010,conc-10-stats-2022.xlsx,https://www.cbsa-asfc.gc.ca/trade-commerce/tariff-tarif/2022/concordance/conc-10-stats-2022.xlsx,603892b51de70231,2026-09-07
8704310020,8704510020,conc-10-stats-2022.xlsx,https://www.cbsa-asfc.gc.ca/trade-commerce/tariff-tarif/2022/concordance/conc-10-stats-2022.xlsx,603892b51de70231,2026-09-07
8704900000,8704510020,conc-10-stats-2022.xlsx,https://www.cbsa-asfc.gc.ca/trade-commerce/tariff-tarif/2022/concordance/conc-10-stats-2022.xlsx,603892b51de70231,2026-09-07
8704320010,8704520010,conc-10-stats-2022.xlsx,https://www.cbsa-asfc.gc.ca/trade-commerce/tariff-tarif/2022/concordance/conc-10-stats-2022.xlsx,603892b51de70231,2026-09-07
8704900000,8704520010,conc-10-stats-2022.xlsx,https://www.cbsa-asfc.gc.ca/trade-commerce/tariff-tarif/2022/concordance/conc-10-stats-2022.xlsx,603892b51de70231,2026-09-07
8704320020,8704520020,conc-10-stats-2022.xlsx,https://www.cbsa-asfc.gc.ca/trade-commerce/tariff-tarif/2022/concordance/conc-10-stats-2022.xlsx,603892b51de70231,2026-09-07
8704900000,8704520020,conc-10-stats-2022.xlsx,https://www.cbsa-asfc.gc.ca/trade-commerce/tariff-tarif/2022/concordance/conc-10-stats-2022.xlsx,603892b51de70231,2026-09-07
8704320030,8704520030,conc-10-stats-2022.xlsx,https://www.cbsa-asfc.gc.ca/trade-commerce/tariff-tarif/2022/concordance/conc-10-stats-2022.xlsx,603892b51de70231,2026-09-07
8704900000,8704520030,conc-10-stats-2022.xlsx,https://www.cbsa-asfc.gc.ca/trade-commerce/tariff-tarif/2022/concordance/conc-10-stats-2022.xlsx,603892b51de70231,2026-09-07
8704320040,8704520040,conc-10-stats-2022.xlsx,https://www.cbsa-asfc.gc.ca/trade-commerce/tariff-tarif/2022/concordance/conc-10-stats-2022.xlsx,603892b51de70231,2026-09-07
8704900000,8704520040,conc-10-stats-2022.xlsx,https://www.cbsa-asfc.gc.ca/trade-commerce/tariff-tarif/2022/concordance/conc-10-stats-2022.xlsx,603892b51de70231,2026-09-07
8704320050,8704520050,conc-10-stats-2022.xlsx,https://www.cbsa-asfc.gc.ca/trade-commerce/tariff-tarif/2022/concordance/conc-10-stats-2022.xlsx,603892b51de70231,2026-09-07
8704900000,8704520050,conc-10-stats-2022.xlsx,https://www.cbsa-asfc.gc.ca/trade-commerce/tariff-tarif/2022/concordance/conc-10-stats-2022.xlsx,603892b51de70231,2026-09-07
8704900000,8704600000,conc-10-stats-2022.xlsx,https://www.cbsa-asfc.gc.ca/trade-commerce/tariff-tarif/2022/concordance/conc-10-stats-2022.xlsx,603892b51de70231,2026-09-07
8704900000,8704900000,conc-10-stats-2022.xlsx,https://www.cbsa-asfc.gc.ca/trade-commerce/tariff-tarif/2022/concordance/conc-10-stats-2022.xlsx,603892b51de70231,2026-09-07
7007110000,8708220000,conc-10-stats-2022.xlsx,https://www.cbsa-asfc.gc.ca/trade-commerce/tariff-tarif/2022/concordance/conc-10-stats-2022.xlsx,603892b51de70231,2026-09-07
7007190010,8708220000,conc-10-stats-2022.xlsx,https://www.cbsa-asfc.gc.ca/trade-commerce/tariff-tarif/2022/concordance/conc-10-stats-2022.xlsx,603892b51de70231,2026-09-07
7007190020,8708220000,conc-10-stats-2022.xlsx,https://www.cbsa-asfc.gc.ca/trade-commerce/tariff-tarif/2022/concordance/conc-10-stats-2022.xlsx,603892b51de70231,2026-09-07
7007190032,8708220000,conc-10-stats-2022.xlsx,https://www.cbsa-asfc.gc.ca/trade-commerce/tariff-tarif/2022/concordance/conc-10-stats-2022.xlsx,603892b51de70231,2026-09-07
7007190033,8708220000,conc-10-stats-2022.xlsx,https://www.cbsa-asfc.gc.ca/trade-commerce/tariff-tarif/2022/concordance/conc-10-stats-2022.xlsx,603892b51de70231,2026-09-07
7007210010,8708220000,conc-10-stats-2022.xlsx,https://www.cbsa-asfc.gc.ca/trade-commerce/tariff-tarif/2022/concordance/conc-10-stats-2022.xlsx,603892b51de70231,2026-09-07
7007210090,8708220000,conc-10-stats-2022.xlsx,https://www.cbsa-asfc.gc.ca/trade-commerce/tariff-tarif/2022/concordance/conc-10-stats-2022.xlsx,603892b51de70231,2026-09-07
7007290000,8708220000,conc-10-stats-2022.xlsx,https://www.cbsa-asfc.gc.ca/trade-commerce/tariff-tarif/2022/concordance/conc-10-stats-2022.xlsx,603892b51de70231,2026-09-07
8708299100,8708299100,conc-10-stats-2022.xlsx,https://www.cbsa-asfc.gc.ca/trade-commerce/tariff-tarif/2022/concordance/conc-10-stats-2022.xlsx,603892b51de70231,2026-09-07
8708299990,8708299990,conc-10-stats-2022.xlsx,https://www.cbsa-asfc.gc.ca/trade-commerce/tariff-tarif/2022/concordance/conc-10-stats-2022.xlsx,603892b51de70231,2026-09-07
8708999100,8708999100,conc-10-stats-2022.xlsx,https://www.cbsa-asfc.gc.ca/trade-commerce/tariff-tarif/2022/concordance/conc-10-stats-2022.xlsx,603892b51de70231,2026-09-07
8708999911,8708999911,conc-10-stats-2022.xlsx,https://www.cbsa-asfc.gc.ca/trade-commerce/tariff-tarif/2022/concordance/conc-10-stats-2022.xlsx,603892b51de70231,2026-09-07
8708999912,8708999912,conc-10-stats-2022.xlsx,https://www.cbsa-asfc.gc.ca/trade-commerce/tariff-tarif/2022/concordance/conc-10-stats-2022.xlsx,603892b51de70231,2026-09-07
8708999913,8708999913,conc-10-stats-2022.xlsx,https://www.cbsa-asfc.gc.ca/trade-commerce/tariff-tarif/2022/concordance/conc-10-stats-2022.xlsx,603892b51de70231,2026-09-07
8708999919,8708999919,conc-10-stats-2022.xlsx,https://www.cbsa-asfc.gc.ca/trade-commerce/tariff-tarif/2022/concordance/conc-10-stats-2022.xlsx,603892b51de70231,2026-09-07
8708999991,8708999991,conc-10-stats-2022.xlsx,https://www.cbsa-asfc.gc.ca/trade-commerce/tariff-tarif/2022/concordance/conc-10-stats-2022.xlsx,603892b51de70231,2026-09-07
8708999992,8708999992,conc-10-stats-2022.xlsx,https://www.cbsa-asfc.gc.ca/trade-commerce/tariff-tarif/2022/concordance/conc-10-stats-2022.xlsx,603892b51de70231,2026-09-07
8708999993,8708999993,conc-10-stats-2022.xlsx,https://www.cbsa-asfc.gc.ca/trade-commerce/tariff-tarif/2022/concordance/conc-10-stats-2022.xlsx,603892b51de70231,2026-09-07
8708999999,8708999999,conc-10-stats-2022.xlsx,https://www.cbsa-asfc.gc.ca/trade-commerce/tariff-tarif/2022/concordance/conc-10-stats-2022.xlsx,603892b51de70231,2026-09-07
8714100000,8714100000,conc-10-stats-2022.xlsx,https://www.cbsa-asfc.gc.ca/trade-commerce/tariff-tarif/2022/concordance/conc-10-stats-2022.xlsx,603892b51de70231,2026-09-07
8714200000,8714200000,conc-10-stats-2022.xlsx,https://www.cbsa-asfc.gc.ca/trade-commerce/tariff-tarif/2022/concordance/conc-10-stats-2022.xlsx,603892b51de70231,2026-09-07
8714999000,8714999000,conc-10-stats-2022.xlsx,https://www.cbsa-asfc.gc.ca/trade-commerce/tariff-tarif/2022/concordance/conc-10-stats-2022.xlsx,603892b51de70231,2026-09-07
8802200000,8802200000,conc-10-stats-2022.xlsx,https://www.cbsa-asfc.gc.ca/trade-commerce/tariff-tarif/2022/concordance/conc-10-stats-2022.xlsx,603892b51de70231,2026-09-07
8802300016,8802300016,conc-10-stats-2022.xlsx,https://www.cbsa-asfc.gc.ca/trade-commerce/tariff-tarif/2022/concordance/conc-10-stats-2022.xlsx,603892b51de70231,2026-09-07
8802300017,8802300017,conc-10-stats-2022.xlsx,https://www.cbsa-asfc.gc.ca/trade-commerce/tariff-tarif/2022/concordance/conc-10-stats-2022.xlsx,603892b51de70231,2026-09-07
8802300019,8802300019,conc-10-stats-2022.xlsx,https://www.cbsa-asfc.gc.ca/trade-commerce/tariff-tarif/2022/concordance/conc-10-stats-2022.xlsx,603892b51de70231,2026-09-07
8802300020,8802300020,conc-10-stats-2022.xlsx,https://www.cbsa-asfc.gc.ca/trade-commerce/tariff-tarif/2022/concordance/conc-10-stats-2022.xlsx,603892b51de70231,2026-09-07
8802400016,8802400016,conc-10-stats-2022.xlsx,https://www.cbsa-asfc.gc.ca/trade-commerce/tariff-tarif/2022/concordance/conc-10-stats-2022.xlsx,603892b51de70231,2026-09-07
8802400019,8802400019,conc-10-stats-2022.xlsx,https://www.cbsa-asfc.gc.ca/trade-commerce/tariff-tarif/2022/concordance/conc-10-stats-2022.xlsx,603892b51de70231,2026-09-07
8802400020,8802400020,conc-10-stats-2022.xlsx,https://www.cbsa-asfc.gc.ca/trade-commerce/tariff-tarif/2022/concordance/conc-10-stats-2022.xlsx,603892b51de70231,2026-09-07
8802200000,8806100000,conc-10-stats-2022.xlsx,https://www.cbsa-asfc.gc.ca/trade-commerce/tariff-tarif/2022/concordance/conc-10-stats-2022.xlsx,603892b51de70231,2026-09-07
8802300016,8806100000,conc-10-stats-2022.xlsx,https://www.cbsa-asfc.gc.ca/trade-commerce/tariff-tarif/2022/concordance/conc-10-stats-2022.xlsx,603892b51de70231,2026-09-07
8802300017,8806100000,conc-10-stats-2022.xlsx,https://www.cbsa-asfc.gc.ca/trade-commerce/tariff-tarif/2022/concordance/conc-10-stats-2022.xlsx,603892b51de70231,2026-09-07
8802300019,8806100000,conc-10-stats-2022.xlsx,https://www.cbsa-asfc.gc.ca/trade-commerce/tariff-tarif/2022/concordance/conc-10-stats-2022.xlsx,603892b51de70231,2026-09-07
8802300020,8806100000,conc-10-stats-2022.xlsx,https://www.cbsa-asfc.gc.ca/trade-commerce/tariff-tarif/2022/concordance/conc-10-stats-2022.xlsx,603892b51de70231,2026-09-07
8802400016,8806100000,conc-10-stats-2022.xlsx,https://www.cbsa-asfc.gc.ca/trade-commerce/tariff-tarif/2022/concordance/conc-10-stats-2022.xlsx,603892b51de70231,2026-09-07
8802400020,8806100000,conc-10-stats-2022.xlsx,https://www.cbsa-asfc.gc.ca/trade-commerce/tariff-tarif/2022/concordance/conc-10-stats-2022.xlsx,603892b51de70231,2026-09-07
8802200000,8806210000,conc-10-stats-2022.xlsx,https://www.cbsa-asfc.gc.ca/trade-commerce/tariff-tarif/2022/concordance/conc-10-stats-2022.xlsx,603892b51de70231,2026-09-07
8802200000,8806220000,conc-10-stats-2022.xlsx,https://www.cbsa-asfc.gc.ca/trade-commerce/tariff-tarif/2022/concordance/conc-10-stats-2022.xlsx,603892b51de70231,2026-09-07
8802200000,8806230000,conc-10-stats-2022.xlsx,https://www.cbsa-asfc.gc.ca/trade-commerce/tariff-tarif/2022/concordance/conc-10-stats-2022.xlsx,603892b51de70231,2026-09-07
8802200000,8806240000,conc-10-stats-2022.xlsx,https://www.cbsa-asfc.gc.ca/trade-commerce/tariff-tarif/2022/concordance/conc-10-stats-2022.xlsx,603892b51de70231,2026-09-07
8802200000,8806290000,conc-10-stats-2022.xlsx,https://www.cbsa-asfc.gc.ca/trade-commerce/tariff-tarif/2022/concordance/conc-10-stats-2022.xlsx,603892b51de70231,2026-09-07
8802300016,8806290000,conc-10-stats-2022.xlsx,https://www.cbsa-asfc.gc.ca/trade-commerce/tariff-tarif/2022/concordance/conc-10-stats-2022.xlsx,603892b51de70231,2026-09-07
8802300017,8806290000,conc-10-stats-2022.xlsx,https://www.cbsa-asfc.gc.ca/trade-commerce/tariff-tarif/2022/concordance/conc-10-stats-2022.xlsx,603892b51de70231,2026-09-07
8802300019,8806290000,conc-10-stats-2022.xlsx,https://www.cbsa-asfc.gc.ca/trade-commerce/tariff-tarif/2022/concordance/conc-10-stats-2022.xlsx,603892b51de70231,2026-09-07
8802300020,8806290000,conc-10-stats-2022.xlsx,https://www.cbsa-asfc.gc.ca/trade-commerce/tariff-tarif/2022/concordance/conc-10-stats-2022.xlsx,603892b51de70231,2026-09-07
8802400016,8806290000,conc-10-stats-2022.xlsx,https://www.cbsa-asfc.gc.ca/trade-commerce/tariff-tarif/2022/concordance/conc-10-stats-2022.xlsx,603892b51de70231,2026-09-07
8802400019,8806290000,conc-10-stats-2022.xlsx,https://www.cbsa-asfc.gc.ca/trade-commerce/tariff-tarif/2022/concordance/conc-10-stats-2022.xlsx,603892b51de70231,2026-09-07
8802400020,8806290000,conc-10-stats-2022.xlsx,https://www.cbsa-asfc.gc.ca/trade-commerce/tariff-tarif/2022/concordance/conc-10-stats-2022.xlsx,603892b51de70231,2026-09-07
8802200000,8806910000,conc-10-stats-2022.xlsx,https://www.cbsa-asfc.gc.ca/trade-commerce/tariff-tarif/2022/concordance/conc-10-stats-2022.xlsx,603892b51de70231,2026-09-07
8802200000,8806920000,conc-10-stats-2022.xlsx,https://www.cbsa-asfc.gc.ca/trade-commerce/tariff-tarif/2022/concordance/conc-10-stats-2022.xlsx,603892b51de70231,2026-09-07
8802200000,8806930000,conc-10-stats-2022.xlsx,https://www.cbsa-asfc.gc.ca/trade-commerce/tariff-tarif/2022/concordance/conc-10-stats-2022.xlsx,603892b51de70231,2026-09-07
8802200000,8806940000,conc-10-stats-2022.xlsx,https://www.cbsa-asfc.gc.ca/trade-commerce/tariff-tarif/2022/concordance/conc-10-stats-2022.xlsx,603892b51de70231,2026-09-07
8802200000,8806990000,conc-10-stats-2022.xlsx,https://www.cbsa-asfc.gc.ca/trade-commerce/tariff-tarif/2022/concordance/conc-10-stats-2022.xlsx,603892b51de70231,2026-09-07
8802300016,8806990000,conc-10-stats-2022.xlsx,https://www.cbsa-asfc.gc.ca/trade-commerce/tariff-tarif/2022/concordance/conc-10-stats-2022.xlsx,603892b51de70231,2026-09-07
8802300017,8806990000,conc-10-stats-2022.xlsx,https://www.cbsa-asfc.gc.ca/trade-commerce/tariff-tarif/2022/concordance/conc-10-stats-2022.xlsx,603892b51de70231,2026-09-07
8802300019,8806990000,conc-10-stats-2022.xlsx,https://www.cbsa-asfc.gc.ca/trade-commerce/tariff-tarif/2022/concordance/conc-10-stats-2022.xlsx,603892b51de70231,2026-09-07
8802300020,8806990000,conc-10-stats-2022.xlsx,https://www.cbsa-asfc.gc.ca/trade-commerce/tariff-tarif/2022/concordance/conc-10-stats-2022.xlsx,603892b51de70231,2026-09-07
8802400016,8806990000,conc-10-stats-2022.xlsx,https://www.cbsa-asfc.gc.ca/trade-commerce/tariff-tarif/2022/concordance/conc-10-stats-2022.xlsx,603892b51de70231,2026-09-07
8802400019,8806990000,conc-10-stats-2022.xlsx,https://www.cbsa-asfc.gc.ca/trade-commerce/tariff-tarif/2022/concordance/conc-10-stats-2022.xlsx,603892b51de70231,2026-09-07
8802400020,8806990000,conc-10-stats-2022.xlsx,https://www.cbsa-asfc.gc.ca/trade-commerce/tariff-tarif/2022/concordance/conc-10-stats-2022.xlsx,603892b51de70231,2026-09-07
8803100000,8807100000,conc-10-stats-2022.xlsx,https://www.cbsa-asfc.gc.ca/trade-commerce/tariff-tarif/2022/concordance/conc-10-stats-2022.xlsx,603892b51de70231,2026-09-07
8803200000,8807200000,conc-10-stats-2022.xlsx,https://www.cbsa-asfc.gc.ca/trade-commerce/tariff-tarif/2022/concordance/conc-10-stats-2022.xlsx,603892b51de70231,2026-09-07
8803300000,8807300000,conc-10-stats-2022.xlsx,https://www.cbsa-asfc.gc.ca/trade-commerce/tariff-tarif/2022/concordance/conc-10-stats-2022.xlsx,603892b51de70231,2026-09-07
8803900000,8807900000,conc-10-stats-2022.xlsx,https://www.cbsa-asfc.gc.ca/trade-commerce/tariff-tarif/2022/concordance/conc-10-stats-2022.xlsx,603892b51de70231,2026-09-07
8903100000,8903110000,conc-10-stats-2022.xlsx,https://www.cbsa-asfc.gc.ca/trade-commerce/tariff-tarif/2022/concordance/conc-10-stats-2022.xlsx,603892b51de70231,2026-09-07
8903100000,8903120000,conc-10-stats-2022.xlsx,https://www.cbsa-asfc.gc.ca/trade-commerce/tariff-tarif/2022/concordance/conc-10-stats-2022.xlsx,603892b51de70231,2026-09-07
8903100000,8903190000,conc-10-stats-2022.xlsx,https://www.cbsa-asfc.gc.ca/trade-commerce/tariff-tarif/2022/concordance/conc-10-stats-2022.xlsx,603892b51de70231,2026-09-07
8903910011,8903210000,conc-10-stats-2022.xlsx,https://www.cbsa-asfc.gc.ca/trade-commerce/tariff-tarif/2022/concordance/conc-10-stats-2022.xlsx,603892b51de70231,2026-09-07
8903910021,8903210000,conc-10-stats-2022.xlsx,https://www.cbsa-asfc.gc.ca/trade-commerce/tariff-tarif/2022/concordance/conc-10-stats-2022.xlsx,603892b51de70231,2026-09-07
8903910022,8903210000,conc-10-stats-2022.xlsx,https://www.cbsa-asfc.gc.ca/trade-commerce/tariff-tarif/2022/concordance/conc-10-stats-2022.xlsx,603892b51de70231,2026-09-07
8903910025,8903210000,conc-10-stats-2022.xlsx,https://www.cbsa-asfc.gc.ca/trade-commerce/tariff-tarif/2022/concordance/conc-10-stats-2022.xlsx,603892b51de70231,2026-09-07
8903910011,8903220000,conc-10-stats-2022.xlsx,https://www.cbsa-asfc.gc.ca/trade-commerce/tariff-tarif/2022/concordance/conc-10-stats-2022.xlsx,603892b51de70231,2026-09-07
8903910012,8903220000,conc-10-stats-2022.xlsx,https://www.cbsa-asfc.gc.ca/trade-commerce/tariff-tarif/2022/concordance/conc-10-stats-2022.xlsx,603892b51de70231,2026-09-07
8903910025,8903220000,conc-10-stats-2022.xlsx,https://www.cbsa-asfc.gc.ca/trade-commerce/tariff-tarif/2022/concordance/conc-10-stats-2022.xlsx,603892b51de70231,2026-09-07
8903910012,8903230000,conc-10-stats-2022.xlsx,https://www.cbsa-asfc.gc.ca/trade-commerce/tariff-tarif/2022/concordance/conc-10-stats-2022.xlsx,603892b51de70231,2026-09-07
8903910025,8903230000,conc-10-stats-2022.xlsx,https://www.cbsa-asfc.gc.ca/trade-commerce/tariff-tarif/2022/concordance/conc-10-stats-2022.xlsx,603892b51de70231,2026-09-07
8903920021,8903310011,conc-10-stats-2022.xlsx,https://www.cbsa-asfc.gc.ca/trade-commerce/tariff-tarif/2022/concordance/conc-10-stats-2022.xlsx,603892b51de70231,2026-09-07
8903920011,8903310019,conc-10-stats-2022.xlsx,https://www.cbsa-asfc.gc.ca/trade-commerce/tariff-tarif/2022/concordance/conc-10-stats-2022.xlsx,603892b51de70231,2026-09-07
8903920022,8903310019,conc-10-stats-2022.xlsx,https://www.cbsa-asfc.gc.ca/trade-commerce/tariff-tarif/2022/concordance/conc-10-stats-2022.xlsx,603892b51de70231,2026-09-07
8903920023,8903310019,conc-10-stats-2022.xlsx,https://www.cbsa-asfc.gc.ca/trade-commerce/tariff-tarif/2022/concordance/conc-10-stats-2022.xlsx,603892b51de70231,2026-09-07
8903920031,8903310020,conc-10-stats-2022.xlsx,https://www.cbsa-asfc.gc.ca/trade-commerce/tariff-tarif/2022/concordance/conc-10-stats-2022.xlsx,603892b51de70231,2026-09-07
8903920032,8903310020,conc-10-stats-2022.xlsx,https://www.cbsa-asfc.gc.ca/trade-commerce/tariff-tarif/2022/concordance/conc-10-stats-2022.xlsx,603892b51de70231,2026-09-07
8903920090,8903310090,conc-10-stats-2022.xlsx,https://www.cbsa-asfc.gc.ca/trade-commerce/tariff-tarif/2022/concordance/conc-10-stats-2022.xlsx,603892b51de70231,2026-09-07
8903920011,8903320011,conc-10-stats-2022.xlsx,https://www.cbsa-asfc.gc.ca/trade-commerce/tariff-tarif/2022/concordance/conc-10-stats-2022.xlsx,603892b51de70231,2026-09-07
8903920012,8903320011,conc-10-stats-2022.xlsx,https://www.cbsa-asfc.gc.ca/trade-commerce/tariff-tarif/2022/concordance/conc-10-stats-2022.xlsx,603892b51de70231,2026-09-07
8903920023,8903320019,conc-10-stats-2022.xlsx,https://www.cbsa-asfc.gc.ca/trade-commerce/tariff-tarif/2022/concordance/conc-10-stats-2022.xlsx,603892b51de70231,2026-09-07
8903920024,8903320019,conc-10-stats-2022.xlsx,https://www.cbsa-asfc.gc.ca/trade-commerce/tariff-tarif/2022/concordance/conc-10-stats-2022.xlsx,603892b51de70231,2026-09-07
8903920032,8903320020,conc-10-stats-2022.xlsx,https://www.cbsa-asfc.gc.ca/trade-commerce/tariff-tarif/2022/concordance/conc-10-stats-2022.xlsx,603892b51de70231,2026-09-07
8903920090,8903320090,conc-10-stats-2022.xlsx,https://www.cbsa-asfc.gc.ca/trade-commerce/tariff-tarif/2022/concordance/conc-10-stats-2022.xlsx,603892b51de70231,2026-09-07
8903920012,8903330011,conc-10-stats-2022.xlsx,https://www.cbsa-asfc.gc.ca/trade-commerce/tariff-tarif/2022/concordance/conc-10-stats-2022.xlsx,603892b51de70231,2026-09-07
8903920024,8903330019,conc-10-stats-2022.xlsx,https://www.cbsa-asfc.gc.ca/trade-commerce/tariff-tarif/2022/concordance/conc-10-stats-2022.xlsx,603892b51de70231,2026-09-07
8903920032,8903330020,conc-10-stats-2022.xlsx,https://www.cbsa-asfc.gc.ca/trade-commerce/tariff-tarif/2022/concordance/conc-10-stats-2022.xlsx,603892b51de70231,2026-09-07
8903920090,8903330090,conc-10-stats-2022.xlsx,https://www.cbsa-asfc.gc.ca/trade-commerce/tariff-tarif/2022/concordance/conc-10-stats-2022.xlsx,603892b51de70231,2026-09-07
8903991000,8903931000,conc-10-stats-2022.xlsx,https://www.cbsa-asfc.gc.ca/trade-commerce/tariff-tarif/2022/concordance/conc-10-stats-2022.xlsx,603892b51de70231,2026-09-07
8903999021,8903939000,conc-10-stats-2022.xlsx,https://www.cbsa-asfc.gc.ca/trade-commerce/tariff-tarif/2022/concordance/conc-10-stats-2022.xlsx,603892b51de70231,2026-09-07
8903999022,8903939000,conc-10-stats-2022.xlsx,https://www.cbsa-asfc.gc.ca/trade-commerce/tariff-tarif/2022/concordance/conc-10-stats-2022.xlsx,603892b51de70231,2026-09-07
8903999029,8903939000,conc-10-stats-2022.xlsx,https://www.cbsa-asfc.gc.ca/trade-commerce/tariff-tarif/2022/concordance/conc-10-stats-2022.xlsx,603892b51de70231,2026-09-07
8903999090,8903939000,conc-10-stats-2022.xlsx,https://www.cbsa-asfc.gc.ca/trade-commerce/tariff-tarif/2022/concordance/conc-10-stats-2022.xlsx,603892b51de70231,2026-09-07
8903991000,8903991000,conc-10-stats-2022.xlsx,https://www.cbsa-asfc.gc.ca/trade-commerce/tariff-tarif/2022/concordance/conc-10-stats-2022.xlsx,603892b51de70231,2026-09-07
8903999021,8903999021,conc-10-stats-2022.xlsx,https://www.cbsa-asfc.gc.ca/trade-commerce/tariff-tarif/2022/concordance/conc-10-stats-2022.xlsx,603892b51de70231,2026-09-07
8903999022,8903999022,conc-10-stats-2022.xlsx,https://www.cbsa-asfc.gc.ca/trade-commerce/tariff-tarif/2022/concordance/conc-10-stats-2022.xlsx,603892b51de70231,2026-09-07
8903999029,8903999029,conc-10-stats-2022.xlsx,https://www.cbsa-asfc.gc.ca/trade-commerce/tariff-tarif/2022/concordance/conc-10-stats-2022.xlsx,603892b51de70231,2026-09-07
8903999090,8903999090,conc-10-stats-2022.xlsx,https://www.cbsa-asfc.gc.ca/trade-commerce/tariff-tarif/2022/concordance/conc-10-stats-2022.xlsx,603892b51de70231,2026-09-07
9006531000,9006531000,conc-10-stats-2022.xlsx,https://www.cbsa-asfc.gc.ca/trade-commerce/tariff-tarif/2022/concordance/conc-10-stats-2022.xlsx,603892b51de70231,2026-09-07
9006510000,9006539000,conc-10-stats-2022.xlsx,https://www.cbsa-asfc.gc.ca/trade-commerce/tariff-tarif/2022/concordance/conc-10-stats-2022.xlsx,603892b51de70231,2026-09-07
9006539000,9006539000,conc-10-stats-2022.xlsx,https://www.cbsa-asfc.gc.ca/trade-commerce/tariff-tarif/2022/concordance/conc-10-stats-2022.xlsx,603892b51de70231,2026-09-07
9006521000,9006591000,conc-10-stats-2022.xlsx,https://www.cbsa-asfc.gc.ca/trade-commerce/tariff-tarif/2022/concordance/conc-10-stats-2022.xlsx,603892b51de70231,2026-09-07
9006591000,9006591000,conc-10-stats-2022.xlsx,https://www.cbsa-asfc.gc.ca/trade-commerce/tariff-tarif/2022/concordance/conc-10-stats-2022.xlsx,603892b51de70231,2026-09-07
9006529000,9006599000,conc-10-stats-2022.xlsx,https://www.cbsa-asfc.gc.ca/trade-commerce/tariff-tarif/2022/concordance/conc-10-stats-2022.xlsx,603892b51de70231,2026-09-07
9006599000,9006599000,conc-10-stats-2022.xlsx,https://www.cbsa-asfc.gc.ca/trade-commerce/tariff-tarif/2022/concordance/conc-10-stats-2022.xlsx,603892b51de70231,2026-09-07
9015900000,9015900000,conc-10-stats-2022.xlsx,https://www.cbsa-asfc.gc.ca/trade-commerce/tariff-tarif/2022/concordance/conc-10-stats-2022.xlsx,603892b51de70231,2026-09-07
9017900000,9017900000,conc-10-stats-2022.xlsx,https://www.cbsa-asfc.gc.ca/trade-commerce/tariff-tarif/2022/concordance/conc-10-stats-2022.xlsx,603892b51de70231,2026-09-07
9018119100,9018119100,conc-10-stats-2022.xlsx,https://www.cbsa-asfc.gc.ca/trade-commerce/tariff-tarif/2022/concordance/conc-10-stats-2022.xlsx,603892b51de70231,2026-09-07
9018119900,9018119900,conc-10-stats-2022.xlsx,https://www.cbsa-asfc.gc.ca/trade-commerce/tariff-tarif/2022/concordance/conc-10-stats-2022.xlsx,603892b51de70231,2026-09-07
9018120000,9018120000,conc-10-stats-2022.xlsx,https://www.cbsa-asfc.gc.ca/trade-commerce/tariff-tarif/2022/concordance/conc-10-stats-2022.xlsx,603892b51de70231,2026-09-07
9018130000,9018130000,conc-10-stats-2022.xlsx,https://www.cbsa-asfc.gc.ca/trade-commerce/tariff-tarif/2022/concordance/conc-10-stats-2022.xlsx,603892b51de70231,2026-09-07
9018140000,9018140000,conc-10-stats-2022.xlsx,https://www.cbsa-asfc.gc.ca/trade-commerce/tariff-tarif/2022/concordance/conc-10-stats-2022.xlsx,603892b51de70231,2026-09-07
9018191010,9018191010,conc-10-stats-2022.xlsx,https://www.cbsa-asfc.gc.ca/trade-commerce/tariff-tarif/2022/concordance/conc-10-stats-2022.xlsx,603892b51de70231,2026-09-07
9018191090,9018191090,conc-10-stats-2022.xlsx,https://www.cbsa-asfc.gc.ca/trade-commerce/tariff-tarif/2022/concordance/conc-10-stats-2022.xlsx,603892b51de70231,2026-09-07
9018199010,9018199010,conc-10-stats-2022.xlsx,https://www.cbsa-asfc.gc.ca/trade-commerce/tariff-tarif/2022/concordance/conc-10-stats-2022.xlsx,603892b51de70231,2026-09-07
9018199090,9018199090,conc-10-stats-2022.xlsx,https://www.cbsa-asfc.gc.ca/trade-commerce/tariff-tarif/2022/concordance/conc-10-stats-2022.xlsx,603892b51de70231,2026-09-07
9018200000,9018200000,conc-10-stats-2022.xlsx,https://www.cbsa-asfc.gc.ca/trade-commerce/tariff-tarif/2022/concordance/conc-10-stats-2022.xlsx,603892b51de70231,2026-09-07
9018410000,9018410000,conc-10-stats-2022.xlsx,https://www.cbsa-asfc.gc.ca/trade-commerce/tariff-tarif/2022/concordance/conc-10-stats-2022.xlsx,603892b51de70231,2026-09-07
9018490000,9018490000,conc-10-stats-2022.xlsx,https://www.cbsa-asfc.gc.ca/trade-commerce/tariff-tarif/2022/concordance/conc-10-stats-2022.xlsx,603892b51de70231,2026-09-07
9018500000,9018500000,conc-10-stats-2022.xlsx,https://www.cbsa-asfc.gc.ca/trade-commerce/tariff-tarif/2022/concordance/conc-10-stats-2022.xlsx,603892b51de70231,2026-09-07
9018901000,9018901000,conc-10-stats-2022.xlsx,https://www.cbsa-asfc.gc.ca/trade-commerce/tariff-tarif/2022/concordance/conc-10-stats-2022.xlsx,603892b51de70231,2026-09-07
9018902000,9018902000,conc-10-stats-2022.xlsx,https://www.cbsa-asfc.gc.ca/trade-commerce/tariff-tarif/2022/concordance/conc-10-stats-2022.xlsx,603892b51de70231,2026-09-07
9018909083,9018909083,conc-10-stats-2022.xlsx,https://www.cbsa-asfc.gc.ca/trade-commerce/tariff-tarif/2022/concordance/conc-10-stats-2022.xlsx,603892b51de70231,2026-09-07
9018909084,9018909084,conc-10-stats-2022.xlsx,https://www.cbsa-asfc.gc.ca/trade-commerce/tariff-tarif/2022/concordance/conc-10-stats-2022.xlsx,603892b51de70231,2026-09-07
9018909085,9018909085,conc-10-stats-2022.xlsx,https://www.cbsa-asfc.gc.ca/trade-commerce/tariff-tarif/2022/concordance/conc-10-stats-2022.xlsx,603892b51de70231,2026-09-07
9018909089,9018909089,conc-10-stats-2022.xlsx,https://www.cbsa-asfc.gc.ca/trade-commerce/tariff-tarif/2022/concordance/conc-10-stats-2022.xlsx,603892b51de70231,2026-09-07
9018909090,9018909090,conc-10-stats-2022.xlsx,https://www.cbsa-asfc.gc.ca/trade-commerce/tariff-tarif/2022/concordance/conc-10-stats-2022.xlsx,603892b51de70231,2026-09-07
9019100010,9019100010,conc-10-stats-2022.xlsx,https://www.cbsa-asfc.gc.ca/trade-commerce/tariff-tarif/2022/concordance/conc-10-stats-2022.xlsx,603892b51de70231,2026-09-07
9019100020,9019100020,conc-10-stats-2022.xlsx,https://www.cbsa-asfc.gc.ca/trade-commerce/tariff-tarif/2022/concordance/conc-10-stats-2022.xlsx,603892b51de70231,2026-09-07
9019200000,9019200000,conc-10-stats-2022.xlsx,https://www.cbsa-asfc.gc.ca/trade-commerce/tariff-tarif/2022/concordance/conc-10-stats-2022.xlsx,603892b51de70231,2026-09-07
7317000000,9021100000,conc-10-stats-2022.xlsx,https://www.cbsa-asfc.gc.ca/trade-commerce/tariff-tarif/2022/concordance/conc-10-stats-2022.xlsx,603892b51de70231,2026-09-07
7318140000,9021100000,conc-10-stats-2022.xlsx,https://www.cbsa-asfc.gc.ca/trade-commerce/tariff-tarif/2022/concordance/conc-10-stats-2022.xlsx,603892b51de70231,2026-09-07
7318150010,9021100000,conc-10-stats-2022.xlsx,https://www.cbsa-asfc.gc.ca/trade-commerce/tariff-tarif/2022/concordance/conc-10-stats-2022.xlsx,603892b51de70231,2026-09-07
7318150045,9021100000,conc-10-stats-2022.xlsx,https://www.cbsa-asfc.gc.ca/trade-commerce/tariff-tarif/2022/concordance/conc-10-stats-2022.xlsx,603892b51de70231,2026-09-07
7318150049,9021100000,conc-10-stats-2022.xlsx,https://www.cbsa-asfc.gc.ca/trade-commerce/tariff-tarif/2022/concordance/conc-10-stats-2022.xlsx,603892b51de70231,2026-09-07
7318160010,9021100000,conc-10-stats-2022.xlsx,https://www.cbsa-asfc.gc.ca/trade-commerce/tariff-tarif/2022/concordance/conc-10-stats-2022.xlsx,603892b51de70231,2026-09-07
7318160090,9021100000,conc-10-stats-2022.xlsx,https://www.cbsa-asfc.gc.ca/trade-commerce/tariff-tarif/2022/concordance/conc-10-stats-2022.xlsx,603892b51de70231,2026-09-07
7318190000,9021100000,conc-10-stats-2022.xlsx,https://www.cbsa-asfc.gc.ca/trade-commerce/tariff-tarif/2022/concordance/conc-10-stats-2022.xlsx,603892b51de70231,2026-09-07
7318220000,9021100000,conc-10-stats-2022.xlsx,https://www.cbsa-asfc.gc.ca/trade-commerce/tariff-tarif/2022/concordance/conc-10-stats-2022.xlsx,603892b51de70231,2026-09-07
7318240000,9021100000,conc-10-stats-2022.xlsx,https://www.cbsa-asfc.gc.ca/trade-commerce/tariff-tarif/2022/concordance/conc-10-stats-2022.xlsx,603892b51de70231,2026-09-07
7318290000,9021100000,conc-10-stats-2022.xlsx,https://www.cbsa-asfc.gc.ca/trade-commerce/tariff-tarif/2022/concordance/conc-10-stats-2022.xlsx,603892b51de70231,2026-09-07
8108900010,9021100000,conc-10-stats-2022.xlsx,https://www.cbsa-asfc.gc.ca/trade-commerce/tariff-tarif/2022/concordance/conc-10-stats-2022.xlsx,603892b51de70231,2026-09-07
8108900020,9021100000,conc-10-stats-2022.xlsx,https://www.cbsa-asfc.gc.ca/trade-commerce/tariff-tarif/2022/concordance/conc-10-stats-2022.xlsx,603892b51de70231,2026-09-07
8108900090,9021100000,conc-10-stats-2022.xlsx,https://www.cbsa-asfc.gc.ca/trade-commerce/tariff-tarif/2022/concordance/conc-10-stats-2022.xlsx,603892b51de70231,2026-09-07
9021100000,9021100000,conc-10-stats-2022.xlsx,https://www.cbsa-asfc.gc.ca/trade-commerce/tariff-tarif/2022/concordance/conc-10-stats-2022.xlsx,603892b51de70231,2026-09-07
7317000000,9021290000,conc-10-stats-2022.xlsx,https://www.cbsa-asfc.gc.ca/trade-commerce/tariff-tarif/2022/concordance/conc-10-stats-2022.xlsx,603892b51de70231,2026-09-07
7318140000,9021290000,conc-10-stats-2022.xlsx,https://www.cbsa-asfc.gc.ca/trade-commerce/tariff-tarif/2022/concordance/conc-10-stats-2022.xlsx,603892b51de70231,2026-09-07
7318150010,9021290000,conc-10-stats-2022.xlsx,https://www.cbsa-asfc.gc.ca/trade-commerce/tariff-tarif/2022/concordance/conc-10-stats-2022.xlsx,603892b51de70231,2026-09-07
7318150045,9021290000,conc-10-stats-2022.xlsx,https://www.cbsa-asfc.gc.ca/trade-commerce/tariff-tarif/2022/concordance/conc-10-stats-2022.xlsx,603892b51de70231,2026-09-07
7318150049,9021290000,conc-10-stats-2022.xlsx,https://www.cbsa-asfc.gc.ca/trade-commerce/tariff-tarif/2022/concordance/conc-10-stats-2022.xlsx,603892b51de70231,2026-09-07
7318160010,9021290000,conc-10-stats-2022.xlsx,https://www.cbsa-asfc.gc.ca/trade-commerce/tariff-tarif/2022/concordance/conc-10-stats-2022.xlsx,603892b51de70231,2026-09-07
7318160090,9021290000,conc-10-stats-2022.xlsx,https://www.cbsa-asfc.gc.ca/trade-commerce/tariff-tarif/2022/concordance/conc-10-stats-2022.xlsx,603892b51de70231,2026-09-07
7318190000,9021290000,conc-10-stats-2022.xlsx,https://www.cbsa-asfc.gc.ca/trade-commerce/tariff-tarif/2022/concordance/conc-10-stats-2022.xlsx,603892b51de70231,2026-09-07
7318220000,9021290000,conc-10-stats-2022.xlsx,https://www.cbsa-asfc.gc.ca/trade-commerce/tariff-tarif/2022/concordance/conc-10-stats-2022.xlsx,603892b51de70231,2026-09-07
7318240000,9021290000,conc-10-stats-2022.xlsx,https://www.cbsa-asfc.gc.ca/trade-commerce/tariff-tarif/2022/concordance/conc-10-stats-2022.xlsx,603892b51de70231,2026-09-07
7318290000,9021290000,conc-10-stats-2022.xlsx,https://www.cbsa-asfc.gc.ca/trade-commerce/tariff-tarif/2022/concordance/conc-10-stats-2022.xlsx,603892b51de70231,2026-09-07
8108900010,9021290000,conc-10-stats-2022.xlsx,https://www.cbsa-asfc.gc.ca/trade-commerce/tariff-tarif/2022/concordance/conc-10-stats-2022.xlsx,603892b51de70231,2026-09-07
8108900020,9021290000,conc-10-stats-2022.xlsx,https://www.cbsa-asfc.gc.ca/trade-commerce/tariff-tarif/2022/concordance/conc-10-stats-2022.xlsx,603892b51de70231,2026-09-07
8108900090,9021290000,conc-10-stats-2022.xlsx,https://www.cbsa-asfc.gc.ca/trade-commerce/tariff-tarif/2022/concordance/conc-10-stats-2022.xlsx,603892b51de70231,2026-09-07
9021290000,9021290000,conc-10-stats-2022.xlsx,https://www.cbsa-asfc.gc.ca/trade-commerce/tariff-tarif/2022/concordance/conc-10-stats-2022.xlsx,603892b51de70231,2026-09-07
9018909089,9022210000,conc-10-stats-2022.xlsx,https://www.cbsa-asfc.gc.ca/trade-commerce/tariff-tarif/2022/concordance/conc-10-stats-2022.xlsx,603892b51de70231,2026-09-07
9018909090,9022210000,conc-10-stats-2022.xlsx,https://www.cbsa-asfc.gc.ca/trade-commerce/tariff-tarif/2022/concordance/conc-10-stats-2022.xlsx,603892b51de70231,2026-09-07
9022210000,9022210000,conc-10-stats-2022.xlsx,https://www.cbsa-asfc.gc.ca/trade-commerce/tariff-tarif/2022/concordance/conc-10-stats-2022.xlsx,603892b51de70231,2026-09-07
9018909089,9022290000,conc-10-stats-2022.xlsx,https://www.cbsa-asfc.gc.ca/trade-commerce/tariff-tarif/2022/concordance/conc-10-stats-2022.xlsx,603892b51de70231,2026-09-07
9018909090,9022290000,conc-10-stats-2022.xlsx,https://www.cbsa-asfc.gc.ca/trade-commerce/tariff-tarif/2022/concordance/conc-10-stats-2022.xlsx,603892b51de70231,2026-09-07
9022290000,9022290000,conc-10-stats-2022.xlsx,https://www.cbsa-asfc.gc.ca/trade-commerce/tariff-tarif/2022/concordance/conc-10-stats-2022.xlsx,603892b51de70231,2026-09-07
9022901000,9022901000,conc-10-stats-2022.xlsx,https://www.cbsa-asfc.gc.ca/trade-commerce/tariff-tarif/2022/concordance/conc-10-stats-2022.xlsx,603892b51de70231,2026-09-07
9022902000,9022902000,conc-10-stats-2022.xlsx,https://www.cbsa-asfc.gc.ca/trade-commerce/tariff-tarif/2022/concordance/conc-10-stats-2022.xlsx,603892b51de70231,2026-09-07
9022909000,9022909000,conc-10-stats-2022.xlsx,https://www.cbsa-asfc.gc.ca/trade-commerce/tariff-tarif/2022/concordance/conc-10-stats-2022.xlsx,603892b51de70231,2026-09-07
9025900000,9025900000,conc-10-stats-2022.xlsx,https://www.cbsa-asfc.gc.ca/trade-commerce/tariff-tarif/2022/concordance/conc-10-stats-2022.xlsx,603892b51de70231,2026-09-07
9026900000,9026900000,conc-10-stats-2022.xlsx,https://www.cbsa-asfc.gc.ca/trade-commerce/tariff-tarif/2022/concordance/conc-10-stats-2022.xlsx,603892b51de70231,2026-09-07
9027800010,9027810000,conc-10-stats-2022.xlsx,https://www.cbsa-asfc.gc.ca/trade-commerce/tariff-tarif/2022/concordance/conc-10-stats-2022.xlsx,603892b51de70231,2026-09-07
9027800020,9027890010,conc-10-stats-2022.xlsx,https://www.cbsa-asfc.gc.ca/trade-commerce/tariff-tarif/2022/concordance/conc-10-stats-2022.xlsx,603892b51de70231,2026-09-07
9027800030,9027890020,conc-10-stats-2022.xlsx,https://www.cbsa-asfc.gc.ca/trade-commerce/tariff-tarif/2022/concordance/conc-10-stats-2022.xlsx,603892b51de70231,2026-09-07
9027800090,9027890090,conc-10-stats-2022.xlsx,https://www.cbsa-asfc.gc.ca/trade-commerce/tariff-tarif/2022/concordance/conc-10-stats-2022.xlsx,603892b51de70231,2026-09-07
9027900000,9027900000,conc-10-stats-2022.xlsx,https://www.cbsa-asfc.gc.ca/trade-commerce/tariff-tarif/2022/concordance/conc-10-stats-2022.xlsx,603892b51de70231,2026-09-07
9028900000,9028900000,conc-10-stats-2022.xlsx,https://www.cbsa-asfc.gc.ca/trade-commerce/tariff-tarif/2022/concordance/conc-10-stats-2022.xlsx,603892b51de70231,2026-09-07
9029900000,9029900000,conc-10-stats-2022.xlsx,https://www.cbsa-asfc.gc.ca/trade-commerce/tariff-tarif/2022/concordance/conc-10-stats-2022.xlsx,603892b51de70231,2026-09-07
9030900000,9030900000,conc-10-stats-2022.xlsx,https://www.cbsa-asfc.gc.ca/trade-commerce/tariff-tarif/2022/concordance/conc-10-stats-2022.xlsx,603892b51de70231,2026-09-07
9031901000,9031901000,conc-10-stats-2022.xlsx,https://www.cbsa-asfc.gc.ca/trade-commerce/tariff-tarif/2022/concordance/conc-10-stats-2022.xlsx,603892b51de70231,2026-09-07
9031909020,9031909020,conc-10-stats-2022.xlsx,https://www.cbsa-asfc.gc.ca/trade-commerce/tariff-tarif/2022/concordance/conc-10-stats-2022.xlsx,603892b51de70231,2026-09-07
9031909030,9031909030,conc-10-stats-2022.xlsx,https://www.cbsa-asfc.gc.ca/trade-commerce/tariff-tarif/2022/concordance/conc-10-stats-2022.xlsx,603892b51de70231,2026-09-07
9031909090,9031909090,conc-10-stats-2022.xlsx,https://www.cbsa-asfc.gc.ca/trade-commerce/tariff-tarif/2022/concordance/conc-10-stats-2022.xlsx,603892b51de70231,2026-09-07
9032900000,9032900000,conc-10-stats-2022.xlsx,https://www.cbsa-asfc.gc.ca/trade-commerce/tariff-tarif/2022/concordance/conc-10-stats-2022.xlsx,603892b51de70231,2026-09-07
9033000000,9033000000,conc-10-stats-2022.xlsx,https://www.cbsa-asfc.gc.ca/trade-commerce/tariff-tarif/2022/concordance/conc-10-stats-2022.xlsx,603892b51de70231,2026-09-07
9114100000,9114900000,conc-10-stats-2022.xlsx,https://www.cbsa-asfc.gc.ca/trade-commerce/tariff-tarif/2022/concordance/conc-10-stats-2022.xlsx,603892b51de70231,2026-09-07
9114900000,9114900000,conc-10-stats-2022.xlsx,https://www.cbsa-asfc.gc.ca/trade-commerce/tariff-tarif/2022/concordance/conc-10-stats-2022.xlsx,603892b51de70231,2026-09-07
9401301090,9401311000,conc-10-stats-2022.xlsx,https://www.cbsa-asfc.gc.ca/trade-commerce/tariff-tarif/2022/concordance/conc-10-stats-2022.xlsx,603892b51de70231,2026-09-07
9401309090,9401319000,conc-10-stats-2022.xlsx,https://www.cbsa-asfc.gc.ca/trade-commerce/tariff-tarif/2022/concordance/conc-10-stats-2022.xlsx,603892b51de70231,2026-09-07
9401301010,9401391000,conc-10-stats-2022.xlsx,https://www.cbsa-asfc.gc.ca/trade-commerce/tariff-tarif/2022/concordance/conc-10-stats-2022.xlsx,603892b51de70231,2026-09-07
9401301090,9401391000,conc-10-stats-2022.xlsx,https://www.cbsa-asfc.gc.ca/trade-commerce/tariff-tarif/2022/concordance/conc-10-stats-2022.xlsx,603892b51de70231,2026-09-07
9401309010,9401399000,conc-10-stats-2022.xlsx,https://www.cbsa-asfc.gc.ca/trade-commerce/tariff-tarif/2022/concordance/conc-10-stats-2022.xlsx,603892b51de70231,2026-09-07
9401309090,9401399000,conc-10-stats-2022.xlsx,https://www.cbsa-asfc.gc.ca/trade-commerce/tariff-tarif/2022/concordance/conc-10-stats-2022.xlsx,603892b51de70231,2026-09-07
9401400000,9401410000,conc-10-stats-2022.xlsx,https://www.cbsa-asfc.gc.ca/trade-commerce/tariff-tarif/2022/concordance/conc-10-stats-2022.xlsx,603892b51de70231,2026-09-07
9401400000,9401490000,conc-10-stats-2022.xlsx,https://www.cbsa-asfc.gc.ca/trade-commerce/tariff-tarif/2022/concordance/conc-10-stats-2022.xlsx,603892b51de70231,2026-09-07
9401900019,9401910000,conc-10-stats-2022.xlsx,https://www.cbsa-asfc.gc.ca/trade-commerce/tariff-tarif/2022/concordance/conc-10-stats-2022.xlsx,603892b51de70231,2026-09-07
9401900030,9401910000,conc-10-stats-2022.xlsx,https://www.cbsa-asfc.gc.ca/trade-commerce/tariff-tarif/2022/concordance/conc-10-stats-2022.xlsx,603892b51de70231,2026-09-07
9401900011,9401990011,conc-10-stats-2022.xlsx,https://www.cbsa-asfc.gc.ca/trade-commerce/tariff-tarif/2022/concordance/conc-10-stats-2022.xlsx,603892b51de70231,2026-09-07
9401900012,9401990012,conc-10-stats-2022.xlsx,https://www.cbsa-asfc.gc.ca/trade-commerce/tariff-tarif/2022/concordance/conc-10-stats-2022.xlsx,603892b51de70231,2026-09-07
9401900018,9401990018,conc-10-stats-2022.xlsx,https://www.cbsa-asfc.gc.ca/trade-commerce/tariff-tarif/2022/concordance/conc-10-stats-2022.xlsx,603892b51de70231,2026-09-07
9401900019,9401990019,conc-10-stats-2022.xlsx,https://www.cbsa-asfc.gc.ca/trade-commerce/tariff-tarif/2022/concordance/conc-10-stats-2022.xlsx,603892b51de70231,2026-09-07
9401900020,9401990020,conc-10-stats-2022.xlsx,https://www.cbsa-asfc.gc.ca/trade-commerce/tariff-tarif/2022/concordance/conc-10-stats-2022.xlsx,603892b51de70231,2026-09-07
9401900090,9401990090,conc-10-stats-2022.xlsx,https://www.cbsa-asfc.gc.ca/trade-commerce/tariff-tarif/2022/concordance/conc-10-stats-2022.xlsx,603892b51de70231,2026-09-07
9403900061,9403910010,conc-10-stats-2022.xlsx,https://www.cbsa-asfc.gc.ca/trade-commerce/tariff-tarif/2022/concordance/conc-10-stats-2022.xlsx,603892b51de70231,2026-09-07
9403900029,9403910090,conc-10-stats-2022.xlsx,https://www.cbsa-asfc.gc.ca/trade-commerce/tariff-tarif/2022/concordance/conc-10-stats-2022.xlsx,603892b51de70231,2026-09-07
9403900093,9403910090,conc-10-stats-2022.xlsx,https://www.cbsa-asfc.gc.ca/trade-commerce/tariff-tarif/2022/concordance/conc-10-stats-2022.xlsx,603892b51de70231,2026-09-07
9403900069,9403990010,conc-10-stats-2022.xlsx,https://www.cbsa-asfc.gc.ca/trade-commerce/tariff-tarif/2022/concordance/conc-10-stats-2022.xlsx,603892b51de70231,2026-09-07
9403900021,9403990021,conc-10-stats-2022.xlsx,https://www.cbsa-asfc.gc.ca/trade-commerce/tariff-tarif/2022/concordance/conc-10-stats-2022.xlsx,603892b51de70231,2026-09-07
9403900029,9403990029,conc-10-stats-2022.xlsx,https://www.cbsa-asfc.gc.ca/trade-commerce/tariff-tarif/2022/concordance/conc-10-stats-2022.xlsx,603892b51de70231,2026-09-07
9403900091,9403990091,conc-10-stats-2022.xlsx,https://www.cbsa-asfc.gc.ca/trade-commerce/tariff-tarif/2022/concordance/conc-10-stats-2022.xlsx,603892b51de70231,2026-09-07
9403900092,9403990092,conc-10-stats-2022.xlsx,https://www.cbsa-asfc.gc.ca/trade-commerce/tariff-tarif/2022/concordance/conc-10-stats-2022.xlsx,603892b51de70231,2026-09-07
9403900099,9403990099,conc-10-stats-2022.xlsx,https://www.cbsa-asfc.gc.ca/trade-commerce/tariff-tarif/2022/concordance/conc-10-stats-2022.xlsx,603892b51de70231,2026-09-07
9404901011,9404400011,conc-10-stats-2022.xlsx,https://www.cbsa-asfc.gc.ca/trade-commerce/tariff-tarif/2022/concordance/conc-10-stats-2022.xlsx,603892b51de70231,2026-09-07
9404901012,9404400012,conc-10-stats-2022.xlsx,https://www.cbsa-asfc.gc.ca/trade-commerce/tariff-tarif/2022/concordance/conc-10-stats-2022.xlsx,603892b51de70231,2026-09-07
9404901019,9404400019,conc-10-stats-2022.xlsx,https://www.cbsa-asfc.gc.ca/trade-commerce/tariff-tarif/2022/concordance/conc-10-stats-2022.xlsx,603892b51de70231,2026-09-07
9404901022,9404400091,conc-10-stats-2022.xlsx,https://www.cbsa-asfc.gc.ca/trade-commerce/tariff-tarif/2022/concordance/conc-10-stats-2022.xlsx,603892b51de70231,2026-09-07
9404901029,9404400099,conc-10-stats-2022.xlsx,https://www.cbsa-asfc.gc.ca/trade-commerce/tariff-tarif/2022/concordance/conc-10-stats-2022.xlsx,603892b51de70231,2026-09-07
9404909090,9404400099,conc-10-stats-2022.xlsx,https://www.cbsa-asfc.gc.ca/trade-commerce/tariff-tarif/2022/concordance/conc-10-stats-2022.xlsx,603892b51de70231,2026-09-07
9404909090,9404909090,conc-10-stats-2022.xlsx,https://www.cbsa-asfc.gc.ca/trade-commerce/tariff-tarif/2022/concordance/conc-10-stats-2022.xlsx,603892b51de70231,2026-09-07
9405100011,9405110011,conc-10-stats-2022.xlsx,https://www.cbsa-asfc.gc.ca/trade-commerce/tariff-tarif/2022/concordance/conc-10-stats-2022.xlsx,603892b51de70231,2026-09-07
9405100019,9405110019,conc-10-stats-2022.xlsx,https://www.cbsa-asfc.gc.ca/trade-commerce/tariff-tarif/2022/concordance/conc-10-stats-2022.xlsx,603892b51de70231,2026-09-07
9405100091,9405110091,conc-10-stats-2022.xlsx,https://www.cbsa-asfc.gc.ca/trade-commerce/tariff-tarif/2022/concordance/conc-10-stats-2022.xlsx,603892b51de70231,2026-09-07
9405100099,9405110099,conc-10-stats-2022.xlsx,https://www.cbsa-asfc.gc.ca/trade-commerce/tariff-tarif/2022/concordance/conc-10-stats-2022.xlsx,603892b51de70231,2026-09-07
9405100011,9405190011,conc-10-stats-2022.xlsx,https://www.cbsa-asfc.gc.ca/trade-commerce/tariff-tarif/2022/concordance/conc-10-stats-2022.xlsx,603892b51de70231,2026-09-07
9405100019,9405190019,conc-10-stats-2022.xlsx,https://www.cbsa-asfc.gc.ca/trade-commerce/tariff-tarif/2022/concordance/conc-10-stats-2022.xlsx,603892b51de70231,2026-09-07
9405100021,9405190021,conc-10-stats-2022.xlsx,https://www.cbsa-asfc.gc.ca/trade-commerce/tariff-tarif/2022/concordance/conc-10-stats-2022.xlsx,603892b51de70231,2026-09-07
9405100029,9405190029,conc-10-stats-2022.xlsx,https://www.cbsa-asfc.gc.ca/trade-commerce/tariff-tarif/2022/concordance/conc-10-stats-2022.xlsx,603892b51de70231,2026-09-07
9405100091,9405190091,conc-10-stats-2022.xlsx,https://www.cbsa-asfc.gc.ca/trade-commerce/tariff-tarif/2022/concordance/conc-10-stats-2022.xlsx,603892b51de70231,2026-09-07
9405100099,9405190099,conc-10-stats-2022.xlsx,https://www.cbsa-asfc.gc.ca/trade-commerce/tariff-tarif/2022/concordance/conc-10-stats-2022.xlsx,603892b51de70231,2026-09-07
9405200000,9405210000,conc-10-stats-2022.xlsx,https://www.cbsa-asfc.gc.ca/trade-commerce/tariff-tarif/2022/concordance/conc-10-stats-2022.xlsx,603892b51de70231,2026-09-07
9405200000,9405290000,conc-10-stats-2022.xlsx,https://www.cbsa-asfc.gc.ca/trade-commerce/tariff-tarif/2022/concordance/conc-10-stats-2022.xlsx,603892b51de70231,2026-09-07
9405300000,9405310000,conc-10-stats-2022.xlsx,https://www.cbsa-asfc.gc.ca/trade-commerce/tariff-tarif/2022/concordance/conc-10-stats-2022.xlsx,603892b51de70231,2026-09-07
9405300000,9405390000,conc-10-stats-2022.xlsx,https://www.cbsa-asfc.gc.ca/trade-commerce/tariff-tarif/2022/concordance/conc-10-stats-2022.xlsx,603892b51de70231,2026-09-07
9405409000,9405410000,conc-10-stats-2022.xlsx,https://www.cbsa-asfc.gc.ca/trade-commerce/tariff-tarif/2022/concordance/conc-10-stats-2022.xlsx,603892b51de70231,2026-09-07
9405402000,9405421000,conc-10-stats-2022.xlsx,https://www.cbsa-asfc.gc.ca/trade-commerce/tariff-tarif/2022/concordance/conc-10-stats-2022.xlsx,603892b51de70231,2026-09-07
9405409000,9405429000,conc-10-stats-2022.xlsx,https://www.cbsa-asfc.gc.ca/trade-commerce/tariff-tarif/2022/concordance/conc-10-stats-2022.xlsx,603892b51de70231,2026-09-07
9405401000,9405491000,conc-10-stats-2022.xlsx,https://www.cbsa-asfc.gc.ca/trade-commerce/tariff-tarif/2022/concordance/conc-10-stats-2022.xlsx,603892b51de70231,2026-09-07
9405402000,9405492000,conc-10-stats-2022.xlsx,https://www.cbsa-asfc.gc.ca/trade-commerce/tariff-tarif/2022/concordance/conc-10-stats-2022.xlsx,603892b51de70231,2026-09-07
9405409000,9405499000,conc-10-stats-2022.xlsx,https://www.cbsa-asfc.gc.ca/trade-commerce/tariff-tarif/2022/concordance/conc-10-stats-2022.xlsx,603892b51de70231,2026-09-07
9405600000,9405610000,conc-10-stats-2022.xlsx,https://www.cbsa-asfc.gc.ca/trade-commerce/tariff-tarif/2022/concordance/conc-10-stats-2022.xlsx,603892b51de70231,2026-09-07
9405600000,9405690000,conc-10-stats-2022.xlsx,https://www.cbsa-asfc.gc.ca/trade-commerce/tariff-tarif/2022/concordance/conc-10-stats-2022.xlsx,603892b51de70231,2026-09-07
9405990000,9405990000,conc-10-stats-2022.xlsx,https://www.cbsa-asfc.gc.ca/trade-commerce/tariff-tarif/2022/concordance/conc-10-stats-2022.xlsx,603892b51de70231,2026-09-07
9406909020,9406200000,conc-10-stats-2022.xlsx,https://www.cbsa-asfc.gc.ca/trade-commerce/tariff-tarif/2022/concordance/conc-10-stats-2022.xlsx,603892b51de70231,2026-09-07
9406909020,9406909090,conc-10-stats-2022.xlsx,https://www.cbsa-asfc.gc.ca/trade-commerce/tariff-tarif/2022/concordance/conc-10-stats-2022.xlsx,603892b51de70231,2026-09-07
9406909090,9406909090,conc-10-stats-2022.xlsx,https://www.cbsa-asfc.gc.ca/trade-commerce/tariff-tarif/2022/concordance/conc-10-stats-2022.xlsx,603892b51de70231,2026-09-07
9504200000,9504200000,conc-10-stats-2022.xlsx,https://www.cbsa-asfc.gc.ca/trade-commerce/tariff-tarif/2022/concordance/conc-10-stats-2022.xlsx,603892b51de70231,2026-09-07
9504300080,9504300080,conc-10-stats-2022.xlsx,https://www.cbsa-asfc.gc.ca/trade-commerce/tariff-tarif/2022/concordance/conc-10-stats-2022.xlsx,603892b51de70231,2026-09-07
9504500080,9504500080,conc-10-stats-2022.xlsx,https://www.cbsa-asfc.gc.ca/trade-commerce/tariff-tarif/2022/concordance/conc-10-stats-2022.xlsx,603892b51de70231,2026-09-07
9504900090,9504900090,conc-10-stats-2022.xlsx,https://www.cbsa-asfc.gc.ca/trade-commerce/tariff-tarif/2022/concordance/conc-10-stats-2022.xlsx,603892b51de70231,2026-09-07
9506910010,9506910010,conc-10-stats-2022.xlsx,https://www.cbsa-asfc.gc.ca/trade-commerce/tariff-tarif/2022/concordance/conc-10-stats-2022.xlsx,603892b51de70231,2026-09-07
9506910090,9506910090,conc-10-stats-2022.xlsx,https://www.cbsa-asfc.gc.ca/trade-commerce/tariff-tarif/2022/concordance/conc-10-stats-2022.xlsx,603892b51de70231,2026-09-07
9508900011,9508210000,conc-10-stats-2022.xlsx,https://www.cbsa-asfc.gc.ca/trade-commerce/tariff-tarif/2022/concordance/conc-10-stats-2022.xlsx,603892b51de70231,2026-09-07
9508900012,9508210000,conc-10-stats-2022.xlsx,https://www.cbsa-asfc.gc.ca/trade-commerce/tariff-tarif/2022/concordance/conc-10-stats-2022.xlsx,603892b51de70231,2026-09-07
9508900011,9508220000,conc-10-stats-2022.xlsx,https://www.cbsa-asfc.gc.ca/trade-commerce/tariff-tarif/2022/concordance/conc-10-stats-2022.xlsx,603892b51de70231,2026-09-07
9508900012,9508220000,conc-10-stats-2022.xlsx,https://www.cbsa-asfc.gc.ca/trade-commerce/tariff-tarif/2022/concordance/conc-10-stats-2022.xlsx,603892b51de70231,2026-09-07
9508900011,9508230000,conc-10-stats-2022.xlsx,https://www.cbsa-asfc.gc.ca/trade-commerce/tariff-tarif/2022/concordance/conc-10-stats-2022.xlsx,603892b51de70231,2026-09-07
9508900012,9508230000,conc-10-stats-2022.xlsx,https://www.cbsa-asfc.gc.ca/trade-commerce/tariff-tarif/2022/concordance/conc-10-stats-2022.xlsx,603892b51de70231,2026-09-07
9508900090,9508240000,conc-10-stats-2022.xlsx,https://www.cbsa-asfc.gc.ca/trade-commerce/tariff-tarif/2022/concordance/conc-10-stats-2022.xlsx,603892b51de70231,2026-09-07
9508900090,9508250000,conc-10-stats-2022.xlsx,https://www.cbsa-asfc.gc.ca/trade-commerce/tariff-tarif/2022/concordance/conc-10-stats-2022.xlsx,603892b51de70231,2026-09-07
9508900090,9508260000,conc-10-stats-2022.xlsx,https://www.cbsa-asfc.gc.ca/trade-commerce/tariff-tarif/2022/concordance/conc-10-stats-2022.xlsx,603892b51de70231,2026-09-07
9508900090,9508290000,conc-10-stats-2022.xlsx,https://www.cbsa-asfc.gc.ca/trade-commerce/tariff-tarif/2022/concordance/conc-10-stats-2022.xlsx,603892b51de70231,2026-09-07
9508900090,9508300000,conc-10-stats-2022.xlsx,https://www.cbsa-asfc.gc.ca/trade-commerce/tariff-tarif/2022/concordance/conc-10-stats-2022.xlsx,603892b51de70231,2026-09-07
9508900090,9508400000,conc-10-stats-2022.xlsx,https://www.cbsa-asfc.gc.ca/trade-commerce/tariff-tarif/2022/concordance/conc-10-stats-2022.xlsx,603892b51de70231,2026-09-07
9701101010,9701211010,conc-10-stats-2022.xlsx,https://www.cbsa-asfc.gc.ca/trade-commerce/tariff-tarif/2022/concordance/conc-10-stats-2022.xlsx,603892b51de70231,2026-09-07
9701101090,9701211090,conc-10-stats-2022.xlsx,https://www.cbsa-asfc.gc.ca/trade-commerce/tariff-tarif/2022/concordance/conc-10-stats-2022.xlsx,603892b51de70231,2026-09-07
9701109000,9701219000,conc-10-stats-2022.xlsx,https://www.cbsa-asfc.gc.ca/trade-commerce/tariff-tarif/2022/concordance/conc-10-stats-2022.xlsx,603892b51de70231,2026-09-07
9701901000,9701221000,conc-10-stats-2022.xlsx,https://www.cbsa-asfc.gc.ca/trade-commerce/tariff-tarif/2022/concordance/conc-10-stats-2022.xlsx,603892b51de70231,2026-09-07
9701909000,9701229000,conc-10-stats-2022.xlsx,https://www.cbsa-asfc.gc.ca/trade-commerce/tariff-tarif/2022/concordance/conc-10-stats-2022.xlsx,603892b51de70231,2026-09-07
9701901000,9701291000,conc-10-stats-2022.xlsx,https://www.cbsa-asfc.gc.ca/trade-commerce/tariff-tarif/2022/concordance/conc-10-stats-2022.xlsx,603892b51de70231,2026-09-07
9701909000,9701299000,conc-10-stats-2022.xlsx,https://www.cbsa-asfc.gc.ca/trade-commerce/tariff-tarif/2022/concordance/conc-10-stats-2022.xlsx,603892b51de70231,2026-09-07
9701101010,9701911010,conc-10-stats-2022.xlsx,https://www.cbsa-asfc.gc.ca/trade-commerce/tariff-tarif/2022/concordance/conc-10-stats-2022.xlsx,603892b51de70231,2026-09-07
9701101090,9701911090,conc-10-stats-2022.xlsx,https://www.cbsa-asfc.gc.ca/trade-commerce/tariff-tarif/2022/concordance/conc-10-stats-2022.xlsx,603892b51de70231,2026-09-07
9701109000,9701919000,conc-10-stats-2022.xlsx,https://www.cbsa-asfc.gc.ca/trade-commerce/tariff-tarif/2022/concordance/conc-10-stats-2022.xlsx,603892b51de70231,2026-09-07
9701901000,9701921000,conc-10-stats-2022.xlsx,https://www.cbsa-asfc.gc.ca/trade-commerce/tariff-tarif/2022/concordance/conc-10-stats-2022.xlsx,603892b51de70231,2026-09-07
9701909000,9701929000,conc-10-stats-2022.xlsx,https://www.cbsa-asfc.gc.ca/trade-commerce/tariff-tarif/2022/concordance/conc-10-stats-2022.xlsx,603892b51de70231,2026-09-07
9701901000,9701991000,conc-10-stats-2022.xlsx,https://www.cbsa-asfc.gc.ca/trade-commerce/tariff-tarif/2022/concordance/conc-10-stats-2022.xlsx,603892b51de70231,2026-09-07
9701909000,9701999000,conc-10-stats-2022.xlsx,https://www.cbsa-asfc.gc.ca/trade-commerce/tariff-tarif/2022/concordance/conc-10-stats-2022.xlsx,603892b51de70231,2026-09-07
9702000000,9702100000,conc-10-stats-2022.xlsx,https://www.cbsa-asfc.gc.ca/trade-commerce/tariff-tarif/2022/concordance/conc-10-stats-2022.xlsx,603892b51de70231,2026-09-07
9702000000,9702900000,conc-10-stats-2022.xlsx,https://www.cbsa-asfc.gc.ca/trade-commerce/tariff-tarif/2022/concordance/conc-10-stats-2022.xlsx,603892b51de70231,2026-09-07
9703000000,9703100000,conc-10-stats-2022.xlsx,https://www.cbsa-asfc.gc.ca/trade-commerce/tariff-tarif/2022/concordance/conc-10-stats-2022.xlsx,603892b51de70231,2026-09-07
9703000000,9703900000,conc-10-stats-2022.xlsx,https://www.cbsa-asfc.gc.ca/trade-commerce/tariff-tarif/2022/concordance/conc-10-stats-2022.xlsx,603892b51de70231,2026-09-07
9705000000,9705100000,conc-10-stats-2022.xlsx,https://www.cbsa-asfc.gc.ca/trade-commerce/tariff-tarif/2022/concordance/conc-10-stats-2022.xlsx,603892b51de70231,2026-09-07
9705000000,9705210000,conc-10-stats-2022.xlsx,https://www.cbsa-asfc.gc.ca/trade-commerce/tariff-tarif/2022/concordance/conc-10-stats-2022.xlsx,603892b51de70231,2026-09-07
9705000000,9705220000,conc-10-stats-2022.xlsx,https://www.cbsa-asfc.gc.ca/trade-commerce/tariff-tarif/2022/concordance/conc-10-stats-2022.xlsx,603892b51de70231,2026-09-07
9705000000,9705290000,conc-10-stats-2022.xlsx,https://www.cbsa-asfc.gc.ca/trade-commerce/tariff-tarif/2022/concordance/conc-10-stats-2022.xlsx,603892b51de70231,2026-09-07
9705000000,9705310000,conc-10-stats-2022.xlsx,https://www.cbsa-asfc.gc.ca/trade-commerce/tariff-tarif/2022/concordance/conc-10-stats-2022.xlsx,603892b51de70231,2026-09-07
9705000000,9705390000,conc-10-stats-2022.xlsx,https://www.cbsa-asfc.gc.ca/trade-commerce/tariff-tarif/2022/concordance/conc-10-stats-2022.xlsx,603892b51de70231,2026-09-07
9706000010,9706100000,conc-10-stats-2022.xlsx,https://www.cbsa-asfc.gc.ca/trade-commerce/tariff-tarif/2022/concordance/conc-10-stats-2022.xlsx,603892b51de70231,2026-09-07
9706000090,9706100000,conc-10-stats-2022.xlsx,https://www.cbsa-asfc.gc.ca/trade-commerce/tariff-tarif/2022/concordance/conc-10-stats-2022.xlsx,603892b51de70231,2026-09-07
9706000010,9706900000,conc-10-stats-2022.xlsx,https://www.cbsa-asfc.gc.ca/trade-commerce/tariff-tarif/2022/concordance/conc-10-stats-2022.xlsx,603892b51de70231,2026-09-07
9706000090,9706900000,conc-10-stats-2022.xlsx,https://www.cbsa-asfc.gc.ca/trade-commerce/tariff-tarif/2022/concordance/conc-10-stats-2022.xlsx,603892b51de70231,2026-09-07
2710129099,2710129094,conc-10-stats-2022-1.xlsx,https://www.cbsa-asfc.gc.ca/trade-commerce/tariff-tarif/2022/concordance/conc-10-stats-2022-1.xlsx,67a813f82fe84a71,2026-09-07
2710129099,2710129099,conc-10-stats-2022-1.xlsx,https://www.cbsa-asfc.gc.ca/trade-commerce/tariff-tarif/2022/concordance/conc-10-stats-2022-1.xlsx,67a813f82fe84a71,2026-09-07
2710199921,2710199923,conc-10-stats-2022-1.xlsx,https://www.cbsa-asfc.gc.ca/trade-commerce/tariff-tarif/2022/concordance/conc-10-stats-2022-1.xlsx,67a813f82fe84a71,2026-09-07
2710199922,2710199923,conc-10-stats-2022-1.xlsx,https://www.cbsa-asfc.gc.ca/trade-commerce/tariff-tarif/2022/concordance/conc-10-stats-2022-1.xlsx,67a813f82fe84a71,2026-09-07
2710199929,2710199923,conc-10-stats-2022-1.xlsx,https://www.cbsa-asfc.gc.ca/trade-commerce/tariff-tarif/2022/concordance/conc-10-stats-2022-1.xlsx,67a813f82fe84a71,2026-09-07
2710199921,2710199924,conc-10-stats-2022-1.xlsx,https://www.cbsa-asfc.gc.ca/trade-commerce/tariff-tarif/2022/concordance/conc-10-stats-2022-1.xlsx,67a813f82fe84a71,2026-09-07
2710199922,2710199925,conc-10-stats-2022-1.xlsx,https://www.cbsa-asfc.gc.ca/trade-commerce/tariff-tarif/2022/concordance/conc-10-stats-2022-1.xlsx,67a813f82fe84a71,2026-09-07
2710199929,2710199929,conc-10-stats-2022-1.xlsx,https://www.cbsa-asfc.gc.ca/trade-commerce/tariff-tarif/2022/concordance/conc-10-stats-2022-1.xlsx,67a813f82fe84a71,2026-09-07
2710199992,2710199993,conc-10-stats-2022-1.xlsx,https://www.cbsa-asfc.gc.ca/trade-commerce/tariff-tarif/2022/concordance/conc-10-stats-2022-1.xlsx,67a813f82fe84a71,2026-09-07
2710199999,2710199993,conc-10-stats-2022-1.xlsx,https://www.cbsa-asfc.gc.ca/trade-commerce/tariff-tarif/2022/concordance/conc-10-stats-2022-1.xlsx,67a813f82fe84a71,2026-09-07
2710199991,2710199994,conc-10-stats-2022-1.xlsx,https://www.cbsa-asfc.gc.ca/trade-commerce/tariff-tarif/2022/concordance/conc-10-stats-2022-1.xlsx,67a813f82fe84a71,2026-09-07
2710199992,2710199995,conc-10-stats-2022-1.xlsx,https://www.cbsa-asfc.gc.ca/trade-commerce/tariff-tarif/2022/concordance/conc-10-stats-2022-1.xlsx,67a813f82fe84a71,2026-09-07
2710199999,2710199999,conc-10-stats-2022-1.xlsx,https://www.cbsa-asfc.gc.ca/trade-commerce/tariff-tarif/2022/concordance/conc-10-stats-2022-1.xlsx,67a813f82fe84a71,2026-09-07
2711121000,2711121010,conc-10-stats-2022-1.xlsx,https://www.cbsa-asfc.gc.ca/trade-commerce/tariff-tarif/2022/concordance/conc-10-stats-2022-1.xlsx,67a813f82fe84a71,2026-09-07
2711121000,2711121090,conc-10-stats-2022-1.xlsx,https://www.cbsa-asfc.gc.ca/trade-commerce/tariff-tarif/2022/concordance/conc-10-stats-2022-1.xlsx,67a813f82fe84a71,2026-09-07
2711129000,2711129010,conc-10-stats-2022-1.xlsx,https://www.cbsa-asfc.gc.ca/trade-commerce/tariff-tarif/2022/concordance/conc-10-stats-2022-1.xlsx,67a813f82fe84a71,2026-09-07
2711129000,2711129090,conc-10-stats-2022-1.xlsx,https://www.cbsa-asfc.gc.ca/trade-commerce/tariff-tarif/2022/concordance/conc-10-stats-2022-1.xlsx,67a813f82fe84a71,2026-09-07
3924900099,3924900093,conc-10-stats-2022-1.xlsx,https://www.cbsa-asfc.gc.ca/trade-commerce/tariff-tarif/2022/concordance/conc-10-stats-2022-1.xlsx,67a813f82fe84a71,2026-09-07
3924900099,3924900099,conc-10-stats-2022-1.xlsx,https://www.cbsa-asfc.gc.ca/trade-commerce/tariff-tarif/2022/concordance/conc-10-stats-2022-1.xlsx,67a813f82fe84a71,2026-09-07
4202922021,4202922090,conc-10-stats-2022-1.xlsx,https://www.cbsa-asfc.gc.ca/trade-commerce/tariff-tarif/2022/concordance/conc-10-stats-2022-1.xlsx,67a813f82fe84a71,2026-09-07
4202922029,4202922090,conc-10-stats-2022-1.xlsx,https://www.cbsa-asfc.gc.ca/trade-commerce/tariff-tarif/2022/concordance/conc-10-stats-2022-1.xlsx,67a813f82fe84a71,2026-09-07
4202929010,4202929000,conc-10-stats-2022-1.xlsx,https://www.cbsa-asfc.gc.ca/trade-commerce/tariff-tarif/2022/concordance/conc-10-stats-2022-1.xlsx,67a813f82fe84a71,2026-09-07
4202929090,4202929000,conc-10-stats-2022-1.xlsx,https://www.cbsa-asfc.gc.ca/trade-commerce/tariff-tarif/2022/concordance/conc-10-stats-2022-1.xlsx,67a813f82fe84a71,2026-09-07
4421999090,4421999040,conc-10-stats-2022-1.xlsx,https://www.cbsa-asfc.gc.ca/trade-commerce/tariff-tarif/2022/concordance/conc-10-stats-2022-1.xlsx,67a813f82fe84a71,2026-09-07
4421999090,4421999090,conc-10-stats-2022-1.xlsx,https://www.cbsa-asfc.gc.ca/trade-commerce/tariff-tarif/2022/concordance/conc-10-stats-2022-1.xlsx,67a813f82fe84a71,2026-09-07
6307909990,6307909930,conc-10-stats-2022-1.xlsx,https://www.cbsa-asfc.gc.ca/trade-commerce/tariff-tarif/2022/concordance/conc-10-stats-2022-1.xlsx,67a813f82fe84a71,2026-09-07
6307909990,6307909990,conc-10-stats-2022-1.xlsx,https://www.cbsa-asfc.gc.ca/trade-commerce/tariff-tarif/2022/concordance/conc-10-stats-2022-1.xlsx,67a813f82fe84a71,2026-09-07
7208510010,7208510011,conc-10-stats-2022-1.xlsx,https://www.cbsa-asfc.gc.ca/trade-commerce/tariff-tarif/2022/concordance/conc-10-stats-2022-1.xlsx,67a813f82fe84a71,2026-09-07
7208510010,7208510012,conc-10-stats-2022-1.xlsx,https://www.cbsa-asfc.gc.ca/trade-commerce/tariff-tarif/2022/concordance/conc-10-stats-2022-1.xlsx,67a813f82fe84a71,2026-09-07
7208510010,7208510019,conc-10-stats-2022-1.xlsx,https://www.cbsa-asfc.gc.ca/trade-commerce/tariff-tarif/2022/concordance/conc-10-stats-2022-1.xlsx,67a813f82fe84a71,2026-09-07
7208510091,7208510021,conc-10-stats-2022-1.xlsx,https://www.cbsa-asfc.gc.ca/trade-commerce/tariff-tarif/2022/concordance/conc-10-stats-2022-1.xlsx,67a813f82fe84a71,2026-09-07
7208510091,7208510022,conc-10-stats-2022-1.xlsx,https://www.cbsa-asfc.gc.ca/trade-commerce/tariff-tarif/2022/concordance/conc-10-stats-2022-1.xlsx,67a813f82fe84a71,2026-09-07
7208510092,7208510022,conc-10-stats-2022-1.xlsx,https://www.cbsa-asfc.gc.ca/trade-commerce/tariff-tarif/2022/concordance/conc-10-stats-2022-1.xlsx,67a813f82fe84a71,2026-09-07
7208510093,7208510022,conc-10-stats-2022-1.xlsx,https://www.cbsa-asfc.gc.ca/trade-commerce/tariff-tarif/2022/concordance/conc-10-stats-2022-1.xlsx,67a813f82fe84a71,2026-09-07
7208510093,7208510023,conc-10-stats-2022-1.xlsx,https://www.cbsa-asfc.gc.ca/trade-commerce/tariff-tarif/2022/concordance/conc-10-stats-2022-1.xlsx,67a813f82fe84a71,2026-09-07
7208510094,7208510024,conc-10-stats-2022-1.xlsx,https://www.cbsa-asfc.gc.ca/trade-commerce/tariff-tarif/2022/concordance/conc-10-stats-2022-1.xlsx,67a813f82fe84a71,2026-09-07
7208510095,7208510024,conc-10-stats-2022-1.xlsx,https://www.cbsa-asfc.gc.ca/trade-commerce/tariff-tarif/2022/concordance/conc-10-stats-2022-1.xlsx,67a813f82fe84a71,2026-09-07
7208510095,7208510025,conc-10-stats-2022-1.xlsx,https://www.cbsa-asfc.gc.ca/trade-commerce/tariff-tarif/2022/concordance/conc-10-stats-2022-1.xlsx,67a813f82fe84a71,2026-09-07
7208510091,7208510031,conc-10-stats-2022-1.xlsx,https://www.cbsa-asfc.gc.ca/trade-commerce/tariff-tarif/2022/concordance/conc-10-stats-2022-1.xlsx,67a813f82fe84a71,2026-09-07
7208510091,7208510032,conc-10-stats-2022-1.xlsx,https://www.cbsa-asfc.gc.ca/trade-commerce/tariff-tarif/2022/concordance/conc-10-stats-2022-1.xlsx,67a813f82fe84a71,2026-09-07
7208510092,7208510032,conc-10-stats-2022-1.xlsx,https://www.cbsa-asfc.gc.ca/trade-commerce/tariff-tarif/2022/concordance/conc-10-stats-2022-1.xlsx,67a813f82fe84a71,2026-09-07
7208510093,7208510032,conc-10-stats-2022-1.xlsx,https://www.cbsa-asfc.gc.ca/trade-commerce/tariff-tarif/2022/concordance/conc-10-stats-2022-1.xlsx,67a813f82fe84a71,2026-09-07
7208510093,7208510033,conc-10-stats-2022-1.xlsx,https://www.cbsa-asfc.gc.ca/trade-commerce/tariff-tarif/2022/concordance/conc-10-stats-2022-1.xlsx,67a813f82fe84a71,2026-09-07
7208510094,7208510034,conc-10-stats-2022-1.xlsx,https://www.cbsa-asfc.gc.ca/trade-commerce/tariff-tarif/2022/concordance/conc-10-stats-2022-1.xlsx,67a813f82fe84a71,2026-09-07
7208510095,7208510034,conc-10-stats-2022-1.xlsx,https://www.cbsa-asfc.gc.ca/trade-commerce/tariff-tarif/2022/concordance/conc-10-stats-2022-1.xlsx,67a813f82fe84a71,2026-09-07
7208510095,7208510035,conc-10-stats-2022-1.xlsx,https://www.cbsa-asfc.gc.ca/trade-commerce/tariff-tarif/2022/concordance/conc-10-stats-2022-1.xlsx,67a813f82fe84a71,2026-09-07
7208510091,7208510041,conc-10-stats-2022-1.xlsx,https://www.cbsa-asfc.gc.ca/trade-commerce/tariff-tarif/2022/concordance/conc-10-stats-2022-1.xlsx,67a813f82fe84a71,2026-09-07
7208510091,7208510042,conc-10-stats-2022-1.xlsx,https://www.cbsa-asfc.gc.ca/trade-commerce/tariff-tarif/2022/concordance/conc-10-stats-2022-1.xlsx,67a813f82fe84a71,2026-09-07
7208510092,7208510042,conc-10-stats-2022-1.xlsx,https://www.cbsa-asfc.gc.ca/trade-commerce/tariff-tarif/2022/concordance/conc-10-stats-2022-1.xlsx,67a813f82fe84a71,2026-09-07
7208510093,7208510042,conc-10-stats-2022-1.xlsx,https://www.cbsa-asfc.gc.ca/trade-commerce/tariff-tarif/2022/concordance/conc-10-stats-2022-1.xlsx,67a813f82fe84a71,2026-09-07
7208510093,7208510043,conc-10-stats-2022-1.xlsx,https://www.cbsa-asfc.gc.ca/trade-commerce/tariff-tarif/2022/concordance/conc-10-stats-2022-1.xlsx,67a813f82fe84a71,2026-09-07
7208510094,7208510044,conc-10-stats-2022-1.xlsx,https://www.cbsa-asfc.gc.ca/trade-commerce/tariff-tarif/2022/concordance/conc-10-stats-2022-1.xlsx,67a813f82fe84a71,2026-09-07
7208510095,7208510044,conc-10-stats-2022-1.xlsx,https://www.cbsa-asfc.gc.ca/trade-commerce/tariff-tarif/2022/concordance/conc-10-stats-2022-1.xlsx,67a813f82fe84a71,2026-09-07
7208510095,7208510045,conc-10-stats-2022-1.xlsx,https://www.cbsa-asfc.gc.ca/trade-commerce/tariff-tarif/2022/concordance/conc-10-stats-2022-1.xlsx,67a813f82fe84a71,2026-09-07
7208510091,7208510051,conc-10-stats-2022-1.xlsx,https://www.cbsa-asfc.gc.ca/trade-commerce/tariff-tarif/2022/concordance/conc-10-stats-2022-1.xlsx,67a813f82fe84a71,2026-09-07
7208510091,7208510052,conc-10-stats-2022-1.xlsx,https://www.cbsa-asfc.gc.ca/trade-commerce/tariff-tarif/2022/concordance/conc-10-stats-2022-1.xlsx,67a813f82fe84a71,2026-09-07
7208510092,7208510052,conc-10-stats-2022-1.xlsx,https://www.cbsa-asfc.gc.ca/trade-commerce/tariff-tarif/2022/concordance/conc-10-stats-2022-1.xlsx,67a813f82fe84a71,2026-09-07
7208510093,7208510052,conc-10-stats-2022-1.xlsx,https://www.cbsa-asfc.gc.ca/trade-commerce/tariff-tarif/2022/concordance/conc-10-stats-2022-1.xlsx,67a813f82fe84a71,2026-09-07
7208510093,7208510053,conc-10-stats-2022-1.xlsx,https://www.cbsa-asfc.gc.ca/trade-commerce/tariff-tarif/2022/concordance/conc-10-stats-2022-1.xlsx,67a813f82fe84a71,2026-09-07
7208510094,7208510054,conc-10-stats-2022-1.xlsx,https://www.cbsa-asfc.gc.ca/trade-commerce/tariff-tarif/2022/concordance/conc-10-stats-2022-1.xlsx,67a813f82fe84a71,2026-09-07
7208510095,7208510054,conc-10-stats-2022-1.xlsx,https://www.cbsa-asfc.gc.ca/trade-commerce/tariff-tarif/2022/concordance/conc-10-stats-2022-1.xlsx,67a813f82fe84a71,2026-09-07
7208510095,7208510055,conc-10-stats-2022-1.xlsx,https://www.cbsa-asfc.gc.ca/trade-commerce/tariff-tarif/2022/concordance/conc-10-stats-2022-1.xlsx,67a813f82fe84a71,2026-09-07
7208510091,7208510061,conc-10-stats-2022-1.xlsx,https://www.cbsa-asfc.gc.ca/trade-commerce/tariff-tarif/2022/concordance/conc-10-stats-2022-1.xlsx,67a813f82fe84a71,2026-09-07
7208510091,7208510062,conc-10-stats-2022-1.xlsx,https://www.cbsa-asfc.gc.ca/trade-commerce/tariff-tarif/2022/concordance/conc-10-stats-2022-1.xlsx,67a813f82fe84a71,2026-09-07
7208510092,7208510062,conc-10-stats-2022-1.xlsx,https://www.cbsa-asfc.gc.ca/trade-commerce/tariff-tarif/2022/concordance/conc-10-stats-2022-1.xlsx,67a813f82fe84a71,2026-09-07
7208510093,7208510062,conc-10-stats-2022-1.xlsx,https://www.cbsa-asfc.gc.ca/trade-commerce/tariff-tarif/2022/concordance/conc-10-stats-2022-1.xlsx,67a813f82fe84a71,2026-09-07
7208510093,7208510063,conc-10-stats-2022-1.xlsx,https://www.cbsa-asfc.gc.ca/trade-commerce/tariff-tarif/2022/concordance/conc-10-stats-2022-1.xlsx,67a813f82fe84a71,2026-09-07
7208510094,7208510064,conc-10-stats-2022-1.xlsx,https://www.cbsa-asfc.gc.ca/trade-commerce/tariff-tarif/2022/concordance/conc-10-stats-2022-1.xlsx,67a813f82fe84a71,2026-09-07
7208510095,7208510064,conc-10-stats-2022-1.xlsx,https://www.cbsa-asfc.gc.ca/trade-commerce/tariff-tarif/2022/concordance/conc-10-stats-2022-1.xlsx,67a813f82fe84a71,2026-09-07
7208510095,7208510065,conc-10-stats-2022-1.xlsx,https://www.cbsa-asfc.gc.ca/trade-commerce/tariff-tarif/2022/concordance/conc-10-stats-2022-1.xlsx,67a813f82fe84a71,2026-09-07
7208510091,7208510071,conc-10-stats-2022-1.xlsx,https://www.cbsa-asfc.gc.ca/trade-commerce/tariff-tarif/2022/concordance/conc-10-stats-2022-1.xlsx,67a813f82fe84a71,2026-09-07
7208510091,7208510072,conc-10-stats-2022-1.xlsx,https://www.cbsa-asfc.gc.ca/trade-commerce/tariff-tarif/2022/concordance/conc-10-stats-2022-1.xlsx,67a813f82fe84a71,2026-09-07
7208510092,7208510072,conc-10-stats-2022-1.xlsx,https://www.cbsa-asfc.gc.ca/trade-commerce/tariff-tarif/2022/concordance/conc-10-stats-2022-1.xlsx,67a813f82fe84a71,2026-09-07
7208510093,7208510072,conc-10-stats-2022-1.xlsx,https://www.cbsa-asfc.gc.ca/trade-commerce/tariff-tarif/2022/concordance/conc-10-stats-2022-1.xlsx,67a813f82fe84a71,2026-09-07
7208510093,7208510073,conc-10-stats-2022-1.xlsx,https://www.cbsa-asfc.gc.ca/trade-commerce/tariff-tarif/2022/concordance/conc-10-stats-2022-1.xlsx,67a813f82fe84a71,2026-09-07
7208510094,7208510074,conc-10-stats-2022-1.xlsx,https://www.cbsa-asfc.gc.ca/trade-commerce/tariff-tarif/2022/concordance/conc-10-stats-2022-1.xlsx,67a813f82fe84a71,2026-09-07
7208510095,7208510074,conc-10-stats-2022-1.xlsx,https://www.cbsa-asfc.gc.ca/trade-commerce/tariff-tarif/2022/concordance/conc-10-stats-2022-1.xlsx,67a813f82fe84a71,2026-09-07
7208510095,7208510075,conc-10-stats-2022-1.xlsx,https://www.cbsa-asfc.gc.ca/trade-commerce/tariff-tarif/2022/concordance/conc-10-stats-2022-1.xlsx,67a813f82fe84a71,2026-09-07
7208520010,7208520011,conc-10-stats-2022-1.xlsx,https://www.cbsa-asfc.gc.ca/trade-commerce/tariff-tarif/2022/concordance/conc-10-stats-2022-1.xlsx,67a813f82fe84a71,2026-09-07
7208520010,7208520012,conc-10-stats-2022-1.xlsx,https://www.cbsa-asfc.gc.ca/trade-commerce/tariff-tarif/2022/concordance/conc-10-stats-2022-1.xlsx,67a813f82fe84a71,2026-09-07
7208520010,7208520019,conc-10-stats-2022-1.xlsx,https://www.cbsa-asfc.gc.ca/trade-commerce/tariff-tarif/2022/concordance/conc-10-stats-2022-1.xlsx,67a813f82fe84a71,2026-09-07
7208520091,7208520081,conc-10-stats-2022-1.xlsx,https://www.cbsa-asfc.gc.ca/trade-commerce/tariff-tarif/2022/concordance/conc-10-stats-2022-1.xlsx,67a813f82fe84a71,2026-09-07
7208520091,7208520082,conc-10-stats-2022-1.xlsx,https://www.cbsa-asfc.gc.ca/trade-commerce/tariff-tarif/2022/concordance/conc-10-stats-2022-1.xlsx,67a813f82fe84a71,2026-09-07
7208520092,7208520082,conc-10-stats-2022-1.xlsx,https://www.cbsa-asfc.gc.ca/trade-commerce/tariff-tarif/2022/concordance/conc-10-stats-2022-1.xlsx,67a813f82fe84a71,2026-09-07
7208520093,7208520082,conc-10-stats-2022-1.xlsx,https://www.cbsa-asfc.gc.ca/trade-commerce/tariff-tarif/2022/concordance/conc-10-stats-2022-1.xlsx,67a813f82fe84a71,2026-09-07
7208520092,7208520083,conc-10-stats-2022-1.xlsx,https://www.cbsa-asfc.gc.ca/trade-commerce/tariff-tarif/2022/concordance/conc-10-stats-2022-1.xlsx,67a813f82fe84a71,2026-09-07
7208520093,7208520083,conc-10-stats-2022-1.xlsx,https://www.cbsa-asfc.gc.ca/trade-commerce/tariff-tarif/2022/concordance/conc-10-stats-2022-1.xlsx,67a813f82fe84a71,2026-09-07
7208520096,7208520083,conc-10-stats-2022-1.xlsx,https://www.cbsa-asfc.gc.ca/trade-commerce/tariff-tarif/2022/concordance/conc-10-stats-2022-1.xlsx,67a813f82fe84a71,2026-09-07
7208520096,7208520084,conc-10-stats-2022-1.xlsx,https://www.cbsa-asfc.gc.ca/trade-commerce/tariff-tarif/2022/concordance/conc-10-stats-2022-1.xlsx,67a813f82fe84a71,2026-09-07
7208520096,7208520085,conc-10-stats-2022-1.xlsx,https://www.cbsa-asfc.gc.ca/trade-commerce/tariff-tarif/2022/concordance/conc-10-stats-2022-1.xlsx,67a813f82fe84a71,2026-09-07
7209160000,7209160040,conc-10-stats-2022-1.xlsx,https://www.cbsa-asfc.gc.ca/trade-commerce/tariff-tarif/2022/concordance/conc-10-stats-2022-1.xlsx,67a813f82fe84a71,2026-09-07
7209160000,7209160090,conc-10-stats-2022-1.xlsx,https://www.cbsa-asfc.gc.ca/trade-commerce/tariff-tarif/2022/concordance/conc-10-stats-2022-1.xlsx,67a813f82fe84a71,2026-09-07
7209170000,7209170040,conc-10-stats-2022-1.xlsx,https://www.cbsa-asfc.gc.ca/trade-commerce/tariff-tarif/2022/concordance/conc-10-stats-2022-1.xlsx,67a813f82fe84a71,2026-09-07
7209170000,7209170090,conc-10-stats-2022-1.xlsx,https://www.cbsa-asfc.gc.ca/trade-commerce/tariff-tarif/2022/concordance/conc-10-stats-2022-1.xlsx,67a813f82fe84a71,2026-09-07
7210490010,7210490040,conc-10-stats-2022-1.xlsx,https://www.cbsa-asfc.gc.ca/trade-commerce/tariff-tarif/2022/concordance/conc-10-stats-2022-1.xlsx,67a813f82fe84a71,2026-09-07
7210490010,7210490050,conc-10-stats-2022-1.xlsx,https://www.cbsa-asfc.gc.ca/trade-commerce/tariff-tarif/2022/concordance/conc-10-stats-2022-1.xlsx,67a813f82fe84a71,2026-09-07
7210490020,7210490060,conc-10-stats-2022-1.xlsx,https://www.cbsa-asfc.gc.ca/trade-commerce/tariff-tarif/2022/concordance/conc-10-stats-2022-1.xlsx,67a813f82fe84a71,2026-09-07
7210490030,7210490070,conc-10-stats-2022-1.xlsx,https://www.cbsa-asfc.gc.ca/trade-commerce/tariff-tarif/2022/concordance/conc-10-stats-2022-1.xlsx,67a813f82fe84a71,2026-09-07
7210700000,7210700010,conc-10-stats-2022-1.xlsx,https://www.cbsa-asfc.gc.ca/trade-commerce/tariff-tarif/2022/concordance/conc-10-stats-2022-1.xlsx,67a813f82fe84a71,2026-09-07
7210700000,7210700021,conc-10-stats-2022-1.xlsx,https://www.cbsa-asfc.gc.ca/trade-commerce/tariff-tarif/2022/concordance/conc-10-stats-2022-1.xlsx,67a813f82fe84a71,2026-09-07
7210700000,7210700029,conc-10-stats-2022-1.xlsx,https://www.cbsa-asfc.gc.ca/trade-commerce/tariff-tarif/2022/concordance/conc-10-stats-2022-1.xlsx,67a813f82fe84a71,2026-09-07
7210700000,7210700090,conc-10-stats-2022-1.xlsx,https://www.cbsa-asfc.gc.ca/trade-commerce/tariff-tarif/2022/concordance/conc-10-stats-2022-1.xlsx,67a813f82fe84a71,2026-09-07
7214200000,7214200011,conc-10-stats-2022-1.xlsx,https://www.cbsa-asfc.gc.ca/trade-commerce/tariff-tarif/2022/concordance/conc-10-stats-2022-1.xlsx,67a813f82fe84a71,2026-09-07
7214200000,7214200012,conc-10-stats-2022-1.xlsx,https://www.cbsa-asfc.gc.ca/trade-commerce/tariff-tarif/2022/concordance/conc-10-stats-2022-1.xlsx,67a813f82fe84a71,2026-09-07
7214200000,7214200013,conc-10-stats-2022-1.xlsx,https://www.cbsa-asfc.gc.ca/trade-commerce/tariff-tarif/2022/concordance/conc-10-stats-2022-1.xlsx,67a813f82fe84a71,2026-09-07
7214200000,7214200014,conc-10-stats-2022-1.xlsx,https://www.cbsa-asfc.gc.ca/trade-commerce/tariff-tarif/2022/concordance/conc-10-stats-2022-1.xlsx,67a813f82fe84a71,2026-09-07
7214200000,7214200021,conc-10-stats-2022-1.xlsx,https://www.cbsa-asfc.gc.ca/trade-commerce/tariff-tarif/2022/concordance/conc-10-stats-2022-1.xlsx,67a813f82fe84a71,2026-09-07
7214200000,7214200022,conc-10-stats-2022-1.xlsx,https://www.cbsa-asfc.gc.ca/trade-commerce/tariff-tarif/2022/concordance/conc-10-stats-2022-1.xlsx,67a813f82fe84a71,2026-09-07
7214200000,7214200023,conc-10-stats-2022-1.xlsx,https://www.cbsa-asfc.gc.ca/trade-commerce/tariff-tarif/2022/concordance/conc-10-stats-2022-1.xlsx,67a813f82fe84a71,2026-09-07
7214200000,7214200024,conc-10-stats-2022-1.xlsx,https://www.cbsa-asfc.gc.ca/trade-commerce/tariff-tarif/2022/concordance/conc-10-stats-2022-1.xlsx,67a813f82fe84a71,2026-09-07
7214200000,7214200031,conc-10-stats-2022-1.xlsx,https://www.cbsa-asfc.gc.ca/trade-commerce/tariff-tarif/2022/concordance/conc-10-stats-2022-1.xlsx,67a813f82fe84a71,2026-09-07
7214200000,7214200032,conc-10-stats-2022-1.xlsx,https://www.cbsa-asfc.gc.ca/trade-commerce/tariff-tarif/2022/concordance/conc-10-stats-2022-1.xlsx,67a813f82fe84a71,2026-09-07
7214200000,7214200033,conc-10-stats-2022-1.xlsx,https://www.cbsa-asfc.gc.ca/trade-commerce/tariff-tarif/2022/concordance/conc-10-stats-2022-1.xlsx,67a813f82fe84a71,2026-09-07
7214200000,7214200034,conc-10-stats-2022-1.xlsx,https://www.cbsa-asfc.gc.ca/trade-commerce/tariff-tarif/2022/concordance/conc-10-stats-2022-1.xlsx,67a813f82fe84a71,2026-09-07
7214200000,7214200090,conc-10-stats-2022-1.xlsx,https://www.cbsa-asfc.gc.ca/trade-commerce/tariff-tarif/2022/concordance/conc-10-stats-2022-1.xlsx,67a813f82fe84a71,2026-09-07
7214300021,7214300024,conc-10-stats-2022-1.xlsx,https://www.cbsa-asfc.gc.ca/trade-commerce/tariff-tarif/2022/concordance/conc-10-stats-2022-1.xlsx,67a813f82fe84a71,2026-09-07
7214300022,7214300024,conc-10-stats-2022-1.xlsx,https://www.cbsa-asfc.gc.ca/trade-commerce/tariff-tarif/2022/concordance/conc-10-stats-2022-1.xlsx,67a813f82fe84a71,2026-09-07
7214300022,7214300025,conc-10-stats-2022-1.xlsx,https://www.cbsa-asfc.gc.ca/trade-commerce/tariff-tarif/2022/concordance/conc-10-stats-2022-1.xlsx,67a813f82fe84a71,2026-09-07
7214300023,7214300025,conc-10-stats-2022-1.xlsx,https://www.cbsa-asfc.gc.ca/trade-commerce/tariff-tarif/2022/concordance/conc-10-stats-2022-1.xlsx,67a813f82fe84a71,2026-09-07
7214300023,7214300026,conc-10-stats-2022-1.xlsx,https://www.cbsa-asfc.gc.ca/trade-commerce/tariff-tarif/2022/concordance/conc-10-stats-2022-1.xlsx,67a813f82fe84a71,2026-09-07
7214300031,7214300033,conc-10-stats-2022-1.xlsx,https://www.cbsa-asfc.gc.ca/trade-commerce/tariff-tarif/2022/concordance/conc-10-stats-2022-1.xlsx,67a813f82fe84a71,2026-09-07
7214300032,7214300033,conc-10-stats-2022-1.xlsx,https://www.cbsa-asfc.gc.ca/trade-commerce/tariff-tarif/2022/concordance/conc-10-stats-2022-1.xlsx,67a813f82fe84a71,2026-09-07
7214300032,7214300034,conc-10-stats-2022-1.xlsx,https://www.cbsa-asfc.gc.ca/trade-commerce/tariff-tarif/2022/concordance/conc-10-stats-2022-1.xlsx,67a813f82fe84a71,2026-09-07
7222400000,7222400010,conc-10-stats-2022-1.xlsx,https://www.cbsa-asfc.gc.ca/trade-commerce/tariff-tarif/2022/concordance/conc-10-stats-2022-1.xlsx,67a813f82fe84a71,2026-09-07
7222400000,7222400020,conc-10-stats-2022-1.xlsx,https://www.cbsa-asfc.gc.ca/trade-commerce/tariff-tarif/2022/concordance/conc-10-stats-2022-1.xlsx,67a813f82fe84a71,2026-09-07
7222400000,7222400090,conc-10-stats-2022-1.xlsx,https://www.cbsa-asfc.gc.ca/trade-commerce/tariff-tarif/2022/concordance/conc-10-stats-2022-1.xlsx,67a813f82fe84a71,2026-09-07
7223000010,7223000030,conc-10-stats-2022-1.xlsx,https://www.cbsa-asfc.gc.ca/trade-commerce/tariff-tarif/2022/concordance/conc-10-stats-2022-1.xlsx,67a813f82fe84a71,2026-09-07
7223000020,7223000030,conc-10-stats-2022-1.xlsx,https://www.cbsa-asfc.gc.ca/trade-commerce/tariff-tarif/2022/concordance/conc-10-stats-2022-1.xlsx,67a813f82fe84a71,2026-09-07
7223000020,7223000041,conc-10-stats-2022-1.xlsx,https://www.cbsa-asfc.gc.ca/trade-commerce/tariff-tarif/2022/concordance/conc-10-stats-2022-1.xlsx,67a813f82fe84a71,2026-09-07
7223000020,7223000042,conc-10-stats-2022-1.xlsx,https://www.cbsa-asfc.gc.ca/trade-commerce/tariff-tarif/2022/concordance/conc-10-stats-2022-1.xlsx,67a813f82fe84a71,2026-09-07
7223000020,7223000049,conc-10-stats-2022-1.xlsx,https://www.cbsa-asfc.gc.ca/trade-commerce/tariff-tarif/2022/concordance/conc-10-stats-2022-1.xlsx,67a813f82fe84a71,2026-09-07
7223000010,7223000051,conc-10-stats-2022-1.xlsx,https://www.cbsa-asfc.gc.ca/trade-commerce/tariff-tarif/2022/concordance/conc-10-stats-2022-1.xlsx,67a813f82fe84a71,2026-09-07
7223000010,7223000052,conc-10-stats-2022-1.xlsx,https://www.cbsa-asfc.gc.ca/trade-commerce/tariff-tarif/2022/concordance/conc-10-stats-2022-1.xlsx,67a813f82fe84a71,2026-09-07
7223000010,7223000053,conc-10-stats-2022-1.xlsx,https://www.cbsa-asfc.gc.ca/trade-commerce/tariff-tarif/2022/concordance/conc-10-stats-2022-1.xlsx,67a813f82fe84a71,2026-09-07
7223000010,7223000054,conc-10-stats-2022-1.xlsx,https://www.cbsa-asfc.gc.ca/trade-commerce/tariff-tarif/2022/concordance/conc-10-stats-2022-1.xlsx,67a813f82fe84a71,2026-09-07
7223000010,7223000055,conc-10-stats-2022-1.xlsx,https://www.cbsa-asfc.gc.ca/trade-commerce/tariff-tarif/2022/concordance/conc-10-stats-2022-1.xlsx,67a813f82fe84a71,2026-09-07
7223000010,7223000056,conc-10-stats-2022-1.xlsx,https://www.cbsa-asfc.gc.ca/trade-commerce/tariff-tarif/2022/concordance/conc-10-stats-2022-1.xlsx,67a813f82fe84a71,2026-09-07
7223000010,7223000057,conc-10-stats-2022-1.xlsx,https://www.cbsa-asfc.gc.ca/trade-commerce/tariff-tarif/2022/concordance/conc-10-stats-2022-1.xlsx,67a813f82fe84a71,2026-09-07
7223000010,7223000090,conc-10-stats-2022-1.xlsx,https://www.cbsa-asfc.gc.ca/trade-commerce/tariff-tarif/2022/concordance/conc-10-stats-2022-1.xlsx,67a813f82fe84a71,2026-09-07
7225920000,7225920010,conc-10-stats-2022-1.xlsx,https://www.cbsa-asfc.gc.ca/trade-commerce/tariff-tarif/2022/concordance/conc-10-stats-2022-1.xlsx,67a813f82fe84a71,2026-09-07
7225920000,7225920020,conc-10-stats-2022-1.xlsx,https://www.cbsa-asfc.gc.ca/trade-commerce/tariff-tarif/2022/concordance/conc-10-stats-2022-1.xlsx,67a813f82fe84a71,2026-09-07
7225920000,7225920030,conc-10-stats-2022-1.xlsx,https://www.cbsa-asfc.gc.ca/trade-commerce/tariff-tarif/2022/concordance/conc-10-stats-2022-1.xlsx,67a813f82fe84a71,2026-09-07
7225920000,7225920040,conc-10-stats-2022-1.xlsx,https://www.cbsa-asfc.gc.ca/trade-commerce/tariff-tarif/2022/concordance/conc-10-stats-2022-1.xlsx,67a813f82fe84a71,2026-09-07
7227200000,7227200020,conc-10-stats-2022-1.xlsx,https://www.cbsa-asfc.gc.ca/trade-commerce/tariff-tarif/2022/concordance/conc-10-stats-2022-1.xlsx,67a813f82fe84a71,2026-09-07
7227200000,7227200090,conc-10-stats-2022-1.xlsx,https://www.cbsa-asfc.gc.ca/trade-commerce/tariff-tarif/2022/concordance/conc-10-stats-2022-1.xlsx,67a813f82fe84a71,2026-09-07
7228300010,7228300041,conc-10-stats-2022-1.xlsx,https://www.cbsa-asfc.gc.ca/trade-commerce/tariff-tarif/2022/concordance/conc-10-stats-2022-1.xlsx,67a813f82fe84a71,2026-09-07
7228300022,7228300041,conc-10-stats-2022-1.xlsx,https://www.cbsa-asfc.gc.ca/trade-commerce/tariff-tarif/2022/concordance/conc-10-stats-2022-1.xlsx,67a813f82fe84a71,2026-09-07
7228300090,7228300041,conc-10-stats-2022-1.xlsx,https://www.cbsa-asfc.gc.ca/trade-commerce/tariff-tarif/2022/concordance/conc-10-stats-2022-1.xlsx,67a813f82fe84a71,2026-09-07
7228300010,7228300042,conc-10-stats-2022-1.xlsx,https://www.cbsa-asfc.gc.ca/trade-commerce/tariff-tarif/2022/concordance/conc-10-stats-2022-1.xlsx,67a813f82fe84a71,2026-09-07
7228300022,7228300042,conc-10-stats-2022-1.xlsx,https://www.cbsa-asfc.gc.ca/trade-commerce/tariff-tarif/2022/concordance/conc-10-stats-2022-1.xlsx,67a813f82fe84a71,2026-09-07
7228300090,7228300042,conc-10-stats-2022-1.xlsx,https://www.cbsa-asfc.gc.ca/trade-commerce/tariff-tarif/2022/concordance/conc-10-stats-2022-1.xlsx,67a813f82fe84a71,2026-09-07
7228300010,7228300049,conc-10-stats-2022-1.xlsx,https://www.cbsa-asfc.gc.ca/trade-commerce/tariff-tarif/2022/concordance/conc-10-stats-2022-1.xlsx,67a813f82fe84a71,2026-09-07
7228300022,7228300049,conc-10-stats-2022-1.xlsx,https://www.cbsa-asfc.gc.ca/trade-commerce/tariff-tarif/2022/concordance/conc-10-stats-2022-1.xlsx,67a813f82fe84a71,2026-09-07
7228300090,7228300049,conc-10-stats-2022-1.xlsx,https://www.cbsa-asfc.gc.ca/trade-commerce/tariff-tarif/2022/concordance/conc-10-stats-2022-1.xlsx,67a813f82fe84a71,2026-09-07
7228300010,7228300051,conc-10-stats-2022-1.xlsx,https://www.cbsa-asfc.gc.ca/trade-commerce/tariff-tarif/2022/concordance/conc-10-stats-2022-1.xlsx,67a813f82fe84a71,2026-09-07
7228300021,7228300051,conc-10-stats-2022-1.xlsx,https://www.cbsa-asfc.gc.ca/trade-commerce/tariff-tarif/2022/concordance/conc-10-stats-2022-1.xlsx,67a813f82fe84a71,2026-09-07
7228300029,7228300051,conc-10-stats-2022-1.xlsx,https://www.cbsa-asfc.gc.ca/trade-commerce/tariff-tarif/2022/concordance/conc-10-stats-2022-1.xlsx,67a813f82fe84a71,2026-09-07
7228300090,7228300051,conc-10-stats-2022-1.xlsx,https://www.cbsa-asfc.gc.ca/trade-commerce/tariff-tarif/2022/concordance/conc-10-stats-2022-1.xlsx,67a813f82fe84a71,2026-09-07
7228300010,7228300052,conc-10-stats-2022-1.xlsx,https://www.cbsa-asfc.gc.ca/trade-commerce/tariff-tarif/2022/concordance/conc-10-stats-2022-1.xlsx,67a813f82fe84a71,2026-09-07
7228300021,7228300052,conc-10-stats-2022-1.xlsx,https://www.cbsa-asfc.gc.ca/trade-commerce/tariff-tarif/2022/concordance/conc-10-stats-2022-1.xlsx,67a813f82fe84a71,2026-09-07
7228300029,7228300052,conc-10-stats-2022-1.xlsx,https://www.cbsa-asfc.gc.ca/trade-commerce/tariff-tarif/2022/concordance/conc-10-stats-2022-1.xlsx,67a813f82fe84a71,2026-09-07
7228300090,7228300052,conc-10-stats-2022-1.xlsx,https://www.cbsa-asfc.gc.ca/trade-commerce/tariff-tarif/2022/concordance/conc-10-stats-2022-1.xlsx,67a813f82fe84a71,2026-09-07
7228300010,7228300053,conc-10-stats-2022-1.xlsx,https://www.cbsa-asfc.gc.ca/trade-commerce/tariff-tarif/2022/concordance/conc-10-stats-2022-1.xlsx,67a813f82fe84a71,2026-09-07
7228300021,7228300053,conc-10-stats-2022-1.xlsx,https://www.cbsa-asfc.gc.ca/trade-commerce/tariff-tarif/2022/concordance/conc-10-stats-2022-1.xlsx,67a813f82fe84a71,2026-09-07
7228300029,7228300053,conc-10-stats-2022-1.xlsx,https://www.cbsa-asfc.gc.ca/trade-commerce/tariff-tarif/2022/concordance/conc-10-stats-2022-1.xlsx,67a813f82fe84a71,2026-09-07
7228300090,7228300053,conc-10-stats-2022-1.xlsx,https://www.cbsa-asfc.gc.ca/trade-commerce/tariff-tarif/2022/concordance/conc-10-stats-2022-1.xlsx,67a813f82fe84a71,2026-09-07
7228300010,7228300060,conc-10-stats-2022-1.xlsx,https://www.cbsa-asfc.gc.ca/trade-commerce/tariff-tarif/2022/concordance/conc-10-stats-2022-1.xlsx,67a813f82fe84a71,2026-09-07
7228300021,7228300060,conc-10-stats-2022-1.xlsx,https://www.cbsa-asfc.gc.ca/trade-commerce/tariff-tarif/2022/concordance/conc-10-stats-2022-1.xlsx,67a813f82fe84a71,2026-09-07
7228300029,7228300060,conc-10-stats-2022-1.xlsx,https://www.cbsa-asfc.gc.ca/trade-commerce/tariff-tarif/2022/concordance/conc-10-stats-2022-1.xlsx,67a813f82fe84a71,2026-09-07
7228300090,7228300060,conc-10-stats-2022-1.xlsx,https://www.cbsa-asfc.gc.ca/trade-commerce/tariff-tarif/2022/concordance/conc-10-stats-2022-1.xlsx,67a813f82fe84a71,2026-09-07
7228300021,7228300071,conc-10-stats-2022-1.xlsx,https://www.cbsa-asfc.gc.ca/trade-commerce/tariff-tarif/2022/concordance/conc-10-stats-2022-1.xlsx,67a813f82fe84a71,2026-09-07
7228300029,7228300071,conc-10-stats-2022-1.xlsx,https://www.cbsa-asfc.gc.ca/trade-commerce/tariff-tarif/2022/concordance/conc-10-stats-2022-1.xlsx,67a813f82fe84a71,2026-09-07
7228300021,7228300072,conc-10-stats-2022-1.xlsx,https://www.cbsa-asfc.gc.ca/trade-commerce/tariff-tarif/2022/concordance/conc-10-stats-2022-1.xlsx,67a813f82fe84a71,2026-09-07
7228300029,7228300072,conc-10-stats-2022-1.xlsx,https://www.cbsa-asfc.gc.ca/trade-commerce/tariff-tarif/2022/concordance/conc-10-stats-2022-1.xlsx,67a813f82fe84a71,2026-09-07
7228300021,7228300073,conc-10-stats-2022-1.xlsx,https://www.cbsa-asfc.gc.ca/trade-commerce/tariff-tarif/2022/concordance/conc-10-stats-2022-1.xlsx,67a813f82fe84a71,2026-09-07
7228300029,7228300073,conc-10-stats-2022-1.xlsx,https://www.cbsa-asfc.gc.ca/trade-commerce/tariff-tarif/2022/concordance/conc-10-stats-2022-1.xlsx,67a813f82fe84a71,2026-09-07
7228300021,7228300074,conc-10-stats-2022-1.xlsx,https://www.cbsa-asfc.gc.ca/trade-commerce/tariff-tarif/2022/concordance/conc-10-stats-2022-1.xlsx,67a813f82fe84a71,2026-09-07
7228300029,7228300074,conc-10-stats-2022-1.xlsx,https://www.cbsa-asfc.gc.ca/trade-commerce/tariff-tarif/2022/concordance/conc-10-stats-2022-1.xlsx,67a813f82fe84a71,2026-09-07
7228300010,7228300081,conc-10-stats-2022-1.xlsx,https://www.cbsa-asfc.gc.ca/trade-commerce/tariff-tarif/2022/concordance/conc-10-stats-2022-1.xlsx,67a813f82fe84a71,2026-09-07
7228300010,7228300082,conc-10-stats-2022-1.xlsx,https://www.cbsa-asfc.gc.ca/trade-commerce/tariff-tarif/2022/concordance/conc-10-stats-2022-1.xlsx,67a813f82fe84a71,2026-09-07
7228300090,7228300090,conc-10-stats-2022-1.xlsx,https://www.cbsa-asfc.gc.ca/trade-commerce/tariff-tarif/2022/concordance/conc-10-stats-2022-1.xlsx,67a813f82fe84a71,2026-09-07
7304190031,7304190013,conc-10-stats-2022-1.xlsx,https://www.cbsa-asfc.gc.ca/trade-commerce/tariff-tarif/2022/concordance/conc-10-stats-2022-1.xlsx,67a813f82fe84a71,2026-09-07
7304190032,7304190014,conc-10-stats-2022-1.xlsx,https://www.cbsa-asfc.gc.ca/trade-commerce/tariff-tarif/2022/concordance/conc-10-stats-2022-1.xlsx,67a813f82fe84a71,2026-09-07
7304190033,7304190015,conc-10-stats-2022-1.xlsx,https://www.cbsa-asfc.gc.ca/trade-commerce/tariff-tarif/2022/concordance/conc-10-stats-2022-1.xlsx,67a813f82fe84a71,2026-09-07
7304190034,7304190016,conc-10-stats-2022-1.xlsx,https://www.cbsa-asfc.gc.ca/trade-commerce/tariff-tarif/2022/concordance/conc-10-stats-2022-1.xlsx,67a813f82fe84a71,2026-09-07
7304190039,7304190019,conc-10-stats-2022-1.xlsx,https://www.cbsa-asfc.gc.ca/trade-commerce/tariff-tarif/2022/concordance/conc-10-stats-2022-1.xlsx,67a813f82fe84a71,2026-09-07
7304190031,7304190023,conc-10-stats-2022-1.xlsx,https://www.cbsa-asfc.gc.ca/trade-commerce/tariff-tarif/2022/concordance/conc-10-stats-2022-1.xlsx,67a813f82fe84a71,2026-09-07
7304190032,7304190024,conc-10-stats-2022-1.xlsx,https://www.cbsa-asfc.gc.ca/trade-commerce/tariff-tarif/2022/concordance/conc-10-stats-2022-1.xlsx,67a813f82fe84a71,2026-09-07
7304190033,7304190025,conc-10-stats-2022-1.xlsx,https://www.cbsa-asfc.gc.ca/trade-commerce/tariff-tarif/2022/concordance/conc-10-stats-2022-1.xlsx,67a813f82fe84a71,2026-09-07
7304190034,7304190026,conc-10-stats-2022-1.xlsx,https://www.cbsa-asfc.gc.ca/trade-commerce/tariff-tarif/2022/concordance/conc-10-stats-2022-1.xlsx,67a813f82fe84a71,2026-09-07
7304190039,7304190029,conc-10-stats-2022-1.xlsx,https://www.cbsa-asfc.gc.ca/trade-commerce/tariff-tarif/2022/concordance/conc-10-stats-2022-1.xlsx,67a813f82fe84a71,2026-09-07
7304190031,7304190061,conc-10-stats-2022-1.xlsx,https://www.cbsa-asfc.gc.ca/trade-commerce/tariff-tarif/2022/concordance/conc-10-stats-2022-1.xlsx,67a813f82fe84a71,2026-09-07
7304190041,7304190061,conc-10-stats-2022-1.xlsx,https://www.cbsa-asfc.gc.ca/trade-commerce/tariff-tarif/2022/concordance/conc-10-stats-2022-1.xlsx,67a813f82fe84a71,2026-09-07
7304190032,7304190062,conc-10-stats-2022-1.xlsx,https://www.cbsa-asfc.gc.ca/trade-commerce/tariff-tarif/2022/concordance/conc-10-stats-2022-1.xlsx,67a813f82fe84a71,2026-09-07
7304190042,7304190062,conc-10-stats-2022-1.xlsx,https://www.cbsa-asfc.gc.ca/trade-commerce/tariff-tarif/2022/concordance/conc-10-stats-2022-1.xlsx,67a813f82fe84a71,2026-09-07
7304190033,7304190063,conc-10-stats-2022-1.xlsx,https://www.cbsa-asfc.gc.ca/trade-commerce/tariff-tarif/2022/concordance/conc-10-stats-2022-1.xlsx,67a813f82fe84a71,2026-09-07
7304190043,7304190063,conc-10-stats-2022-1.xlsx,https://www.cbsa-asfc.gc.ca/trade-commerce/tariff-tarif/2022/concordance/conc-10-stats-2022-1.xlsx,67a813f82fe84a71,2026-09-07
7304190034,7304190064,conc-10-stats-2022-1.xlsx,https://www.cbsa-asfc.gc.ca/trade-commerce/tariff-tarif/2022/concordance/conc-10-stats-2022-1.xlsx,67a813f82fe84a71,2026-09-07
7304190044,7304190064,conc-10-stats-2022-1.xlsx,https://www.cbsa-asfc.gc.ca/trade-commerce/tariff-tarif/2022/concordance/conc-10-stats-2022-1.xlsx,67a813f82fe84a71,2026-09-07
7304190039,7304190069,conc-10-stats-2022-1.xlsx,https://www.cbsa-asfc.gc.ca/trade-commerce/tariff-tarif/2022/concordance/conc-10-stats-2022-1.xlsx,67a813f82fe84a71,2026-09-07
7304190049,7304190069,conc-10-stats-2022-1.xlsx,https://www.cbsa-asfc.gc.ca/trade-commerce/tariff-tarif/2022/concordance/conc-10-stats-2022-1.xlsx,67a813f82fe84a71,2026-09-07
7304190041,7304190071,conc-10-stats-2022-1.xlsx,https://www.cbsa-asfc.gc.ca/trade-commerce/tariff-tarif/2022/concordance/conc-10-stats-2022-1.xlsx,67a813f82fe84a71,2026-09-07
7304190042,7304190072,conc-10-stats-2022-1.xlsx,https://www.cbsa-asfc.gc.ca/trade-commerce/tariff-tarif/2022/concordance/conc-10-stats-2022-1.xlsx,67a813f82fe84a71,2026-09-07
7304190043,7304190073,conc-10-stats-2022-1.xlsx,https://www.cbsa-asfc.gc.ca/trade-commerce/tariff-tarif/2022/concordance/conc-10-stats-2022-1.xlsx,67a813f82fe84a71,2026-09-07
7304190044,7304190074,conc-10-stats-2022-1.xlsx,https://www.cbsa-asfc.gc.ca/trade-commerce/tariff-tarif/2022/concordance/conc-10-stats-2022-1.xlsx,67a813f82fe84a71,2026-09-07
7304190049,7304190079,conc-10-stats-2022-1.xlsx,https://www.cbsa-asfc.gc.ca/trade-commerce/tariff-tarif/2022/concordance/conc-10-stats-2022-1.xlsx,67a813f82fe84a71,2026-09-07
7304190051,7304190081,conc-10-stats-2022-1.xlsx,https://www.cbsa-asfc.gc.ca/trade-commerce/tariff-tarif/2022/concordance/conc-10-stats-2022-1.xlsx,67a813f82fe84a71,2026-09-07
7304190052,7304190082,conc-10-stats-2022-1.xlsx,https://www.cbsa-asfc.gc.ca/trade-commerce/tariff-tarif/2022/concordance/conc-10-stats-2022-1.xlsx,67a813f82fe84a71,2026-09-07
7304190053,7304190083,conc-10-stats-2022-1.xlsx,https://www.cbsa-asfc.gc.ca/trade-commerce/tariff-tarif/2022/concordance/conc-10-stats-2022-1.xlsx,67a813f82fe84a71,2026-09-07
7304190054,7304190084,conc-10-stats-2022-1.xlsx,https://www.cbsa-asfc.gc.ca/trade-commerce/tariff-tarif/2022/concordance/conc-10-stats-2022-1.xlsx,67a813f82fe84a71,2026-09-07
7304190059,7304190089,conc-10-stats-2022-1.xlsx,https://www.cbsa-asfc.gc.ca/trade-commerce/tariff-tarif/2022/concordance/conc-10-stats-2022-1.xlsx,67a813f82fe84a71,2026-09-07
7304290011,7304290012,conc-10-stats-2022-1.xlsx,https://www.cbsa-asfc.gc.ca/trade-commerce/tariff-tarif/2022/concordance/conc-10-stats-2022-1.xlsx,67a813f82fe84a71,2026-09-07
7304290011,7304290013,conc-10-stats-2022-1.xlsx,https://www.cbsa-asfc.gc.ca/trade-commerce/tariff-tarif/2022/concordance/conc-10-stats-2022-1.xlsx,67a813f82fe84a71,2026-09-07
7304290011,7304290014,conc-10-stats-2022-1.xlsx,https://www.cbsa-asfc.gc.ca/trade-commerce/tariff-tarif/2022/concordance/conc-10-stats-2022-1.xlsx,67a813f82fe84a71,2026-09-07
7304290019,7304290015,conc-10-stats-2022-1.xlsx,https://www.cbsa-asfc.gc.ca/trade-commerce/tariff-tarif/2022/concordance/conc-10-stats-2022-1.xlsx,67a813f82fe84a71,2026-09-07
7304290019,7304290016,conc-10-stats-2022-1.xlsx,https://www.cbsa-asfc.gc.ca/trade-commerce/tariff-tarif/2022/concordance/conc-10-stats-2022-1.xlsx,67a813f82fe84a71,2026-09-07
7304290019,7304290017,conc-10-stats-2022-1.xlsx,https://www.cbsa-asfc.gc.ca/trade-commerce/tariff-tarif/2022/concordance/conc-10-stats-2022-1.xlsx,67a813f82fe84a71,2026-09-07
7304290019,7304290019,conc-10-stats-2022-1.xlsx,https://www.cbsa-asfc.gc.ca/trade-commerce/tariff-tarif/2022/concordance/conc-10-stats-2022-1.xlsx,67a813f82fe84a71,2026-09-07
7304290021,7304290022,conc-10-stats-2022-1.xlsx,https://www.cbsa-asfc.gc.ca/trade-commerce/tariff-tarif/2022/concordance/conc-10-stats-2022-1.xlsx,67a813f82fe84a71,2026-09-07
7304290021,7304290023,conc-10-stats-2022-1.xlsx,https://www.cbsa-asfc.gc.ca/trade-commerce/tariff-tarif/2022/concordance/conc-10-stats-2022-1.xlsx,67a813f82fe84a71,2026-09-07
7304290021,7304290024,conc-10-stats-2022-1.xlsx,https://www.cbsa-asfc.gc.ca/trade-commerce/tariff-tarif/2022/concordance/conc-10-stats-2022-1.xlsx,67a813f82fe84a71,2026-09-07
7304290029,7304290025,conc-10-stats-2022-1.xlsx,https://www.cbsa-asfc.gc.ca/trade-commerce/tariff-tarif/2022/concordance/conc-10-stats-2022-1.xlsx,67a813f82fe84a71,2026-09-07
7304290029,7304290026,conc-10-stats-2022-1.xlsx,https://www.cbsa-asfc.gc.ca/trade-commerce/tariff-tarif/2022/concordance/conc-10-stats-2022-1.xlsx,67a813f82fe84a71,2026-09-07
7304290029,7304290027,conc-10-stats-2022-1.xlsx,https://www.cbsa-asfc.gc.ca/trade-commerce/tariff-tarif/2022/concordance/conc-10-stats-2022-1.xlsx,67a813f82fe84a71,2026-09-07
7304290029,7304290029,conc-10-stats-2022-1.xlsx,https://www.cbsa-asfc.gc.ca/trade-commerce/tariff-tarif/2022/concordance/conc-10-stats-2022-1.xlsx,67a813f82fe84a71,2026-09-07
7304290031,7304290032,conc-10-stats-2022-1.xlsx,https://www.cbsa-asfc.gc.ca/trade-commerce/tariff-tarif/2022/concordance/conc-10-stats-2022-1.xlsx,67a813f82fe84a71,2026-09-07
7304290031,7304290033,conc-10-stats-2022-1.xlsx,https://www.cbsa-asfc.gc.ca/trade-commerce/tariff-tarif/2022/concordance/conc-10-stats-2022-1.xlsx,67a813f82fe84a71,2026-09-07
7304290031,7304290034,conc-10-stats-2022-1.xlsx,https://www.cbsa-asfc.gc.ca/trade-commerce/tariff-tarif/2022/concordance/conc-10-stats-2022-1.xlsx,67a813f82fe84a71,2026-09-07
7304290039,7304290035,conc-10-stats-2022-1.xlsx,https://www.cbsa-asfc.gc.ca/trade-commerce/tariff-tarif/2022/concordance/conc-10-stats-2022-1.xlsx,67a813f82fe84a71,2026-09-07
7304290039,7304290036,conc-10-stats-2022-1.xlsx,https://www.cbsa-asfc.gc.ca/trade-commerce/tariff-tarif/2022/concordance/conc-10-stats-2022-1.xlsx,67a813f82fe84a71,2026-09-07
7304290039,7304290037,conc-10-stats-2022-1.xlsx,https://www.cbsa-asfc.gc.ca/trade-commerce/tariff-tarif/2022/concordance/conc-10-stats-2022-1.xlsx,67a813f82fe84a71,2026-09-07
7304290039,7304290039,conc-10-stats-2022-1.xlsx,https://www.cbsa-asfc.gc.ca/trade-commerce/tariff-tarif/2022/concordance/conc-10-stats-2022-1.xlsx,67a813f82fe84a71,2026-09-07
7304290041,7304290042,conc-10-stats-2022-1.xlsx,https://www.cbsa-asfc.gc.ca/trade-commerce/tariff-tarif/2022/concordance/conc-10-stats-2022-1.xlsx,67a813f82fe84a71,2026-09-07
7304290041,7304290043,conc-10-stats-2022-1.xlsx,https://www.cbsa-asfc.gc.ca/trade-commerce/tariff-tarif/2022/concordance/conc-10-stats-2022-1.xlsx,67a813f82fe84a71,2026-09-07
7304290041,7304290044,conc-10-stats-2022-1.xlsx,https://www.cbsa-asfc.gc.ca/trade-commerce/tariff-tarif/2022/concordance/conc-10-stats-2022-1.xlsx,67a813f82fe84a71,2026-09-07
7304290049,7304290045,conc-10-stats-2022-1.xlsx,https://www.cbsa-asfc.gc.ca/trade-commerce/tariff-tarif/2022/concordance/conc-10-stats-2022-1.xlsx,67a813f82fe84a71,2026-09-07
7304290049,7304290046,conc-10-stats-2022-1.xlsx,https://www.cbsa-asfc.gc.ca/trade-commerce/tariff-tarif/2022/concordance/conc-10-stats-2022-1.xlsx,67a813f82fe84a71,2026-09-07
7304290049,7304290047,conc-10-stats-2022-1.xlsx,https://www.cbsa-asfc.gc.ca/trade-commerce/tariff-tarif/2022/concordance/conc-10-stats-2022-1.xlsx,67a813f82fe84a71,2026-09-07
7304290049,7304290049,conc-10-stats-2022-1.xlsx,https://www.cbsa-asfc.gc.ca/trade-commerce/tariff-tarif/2022/concordance/conc-10-stats-2022-1.xlsx,67a813f82fe84a71,2026-09-07
7304290051,7304290052,conc-10-stats-2022-1.xlsx,https://www.cbsa-asfc.gc.ca/trade-commerce/tariff-tarif/2022/concordance/conc-10-stats-2022-1.xlsx,67a813f82fe84a71,2026-09-07
7304290051,7304290053,conc-10-stats-2022-1.xlsx,https://www.cbsa-asfc.gc.ca/trade-commerce/tariff-tarif/2022/concordance/conc-10-stats-2022-1.xlsx,67a813f82fe84a71,2026-09-07
7304290051,7304290054,conc-10-stats-2022-1.xlsx,https://www.cbsa-asfc.gc.ca/trade-commerce/tariff-tarif/2022/concordance/conc-10-stats-2022-1.xlsx,67a813f82fe84a71,2026-09-07
7304290059,7304290055,conc-10-stats-2022-1.xlsx,https://www.cbsa-asfc.gc.ca/trade-commerce/tariff-tarif/2022/concordance/conc-10-stats-2022-1.xlsx,67a813f82fe84a71,2026-09-07
7304290059,7304290056,conc-10-stats-2022-1.xlsx,https://www.cbsa-asfc.gc.ca/trade-commerce/tariff-tarif/2022/concordance/conc-10-stats-2022-1.xlsx,67a813f82fe84a71,2026-09-07
7304290059,7304290057,conc-10-stats-2022-1.xlsx,https://www.cbsa-asfc.gc.ca/trade-commerce/tariff-tarif/2022/concordance/conc-10-stats-2022-1.xlsx,67a813f82fe84a71,2026-09-07
7304290059,7304290059,conc-10-stats-2022-1.xlsx,https://www.cbsa-asfc.gc.ca/trade-commerce/tariff-tarif/2022/concordance/conc-10-stats-2022-1.xlsx,67a813f82fe84a71,2026-09-07
7304290061,7304290062,conc-10-stats-2022-1.xlsx,https://www.cbsa-asfc.gc.ca/trade-commerce/tariff-tarif/2022/concordance/conc-10-stats-2022-1.xlsx,67a813f82fe84a71,2026-09-07
7304290061,7304290063,conc-10-stats-2022-1.xlsx,https://www.cbsa-asfc.gc.ca/trade-commerce/tariff-tarif/2022/concordance/conc-10-stats-2022-1.xlsx,67a813f82fe84a71,2026-09-07
7304290061,7304290064,conc-10-stats-2022-1.xlsx,https://www.cbsa-asfc.gc.ca/trade-commerce/tariff-tarif/2022/concordance/conc-10-stats-2022-1.xlsx,67a813f82fe84a71,2026-09-07
7304290069,7304290065,conc-10-stats-2022-1.xlsx,https://www.cbsa-asfc.gc.ca/trade-commerce/tariff-tarif/2022/concordance/conc-10-stats-2022-1.xlsx,67a813f82fe84a71,2026-09-07
7304290069,7304290066,conc-10-stats-2022-1.xlsx,https://www.cbsa-asfc.gc.ca/trade-commerce/tariff-tarif/2022/concordance/conc-10-stats-2022-1.xlsx,67a813f82fe84a71,2026-09-07
7304290069,7304290067,conc-10-stats-2022-1.xlsx,https://www.cbsa-asfc.gc.ca/trade-commerce/tariff-tarif/2022/concordance/conc-10-stats-2022-1.xlsx,67a813f82fe84a71,2026-09-07
7304290069,7304290069,conc-10-stats-2022-1.xlsx,https://www.cbsa-asfc.gc.ca/trade-commerce/tariff-tarif/2022/concordance/conc-10-stats-2022-1.xlsx,67a813f82fe84a71,2026-09-07
7304290071,7304290072,conc-10-stats-2022-1.xlsx,https://www.cbsa-asfc.gc.ca/trade-commerce/tariff-tarif/2022/concordance/conc-10-stats-2022-1.xlsx,67a813f82fe84a71,2026-09-07
7304290071,7304290073,conc-10-stats-2022-1.xlsx,https://www.cbsa-asfc.gc.ca/trade-commerce/tariff-tarif/2022/concordance/conc-10-stats-2022-1.xlsx,67a813f82fe84a71,2026-09-07
7304290071,7304290074,conc-10-stats-2022-1.xlsx,https://www.cbsa-asfc.gc.ca/trade-commerce/tariff-tarif/2022/concordance/conc-10-stats-2022-1.xlsx,67a813f82fe84a71,2026-09-07
7304290079,7304290075,conc-10-stats-2022-1.xlsx,https://www.cbsa-asfc.gc.ca/trade-commerce/tariff-tarif/2022/concordance/conc-10-stats-2022-1.xlsx,67a813f82fe84a71,2026-09-07
7304290079,7304290076,conc-10-stats-2022-1.xlsx,https://www.cbsa-asfc.gc.ca/trade-commerce/tariff-tarif/2022/concordance/conc-10-stats-2022-1.xlsx,67a813f82fe84a71,2026-09-07
7304290079,7304290077,conc-10-stats-2022-1.xlsx,https://www.cbsa-asfc.gc.ca/trade-commerce/tariff-tarif/2022/concordance/conc-10-stats-2022-1.xlsx,67a813f82fe84a71,2026-09-07
7304290079,7304290079,conc-10-stats-2022-1.xlsx,https://www.cbsa-asfc.gc.ca/trade-commerce/tariff-tarif/2022/concordance/conc-10-stats-2022-1.xlsx,67a813f82fe84a71,2026-09-07
7304390080,7304390011,conc-10-stats-2022-1.xlsx,https://www.cbsa-asfc.gc.ca/trade-commerce/tariff-tarif/2022/concordance/conc-10-stats-2022-1.xlsx,67a813f82fe84a71,2026-09-07
7304390080,7304390012,conc-10-stats-2022-1.xlsx,https://www.cbsa-asfc.gc.ca/trade-commerce/tariff-tarif/2022/concordance/conc-10-stats-2022-1.xlsx,67a813f82fe84a71,2026-09-07
7304390080,7304390019,conc-10-stats-2022-1.xlsx,https://www.cbsa-asfc.gc.ca/trade-commerce/tariff-tarif/2022/concordance/conc-10-stats-2022-1.xlsx,67a813f82fe84a71,2026-09-07
7304390080,7304390021,conc-10-stats-2022-1.xlsx,https://www.cbsa-asfc.gc.ca/trade-commerce/tariff-tarif/2022/concordance/conc-10-stats-2022-1.xlsx,67a813f82fe84a71,2026-09-07
7304390080,7304390022,conc-10-stats-2022-1.xlsx,https://www.cbsa-asfc.gc.ca/trade-commerce/tariff-tarif/2022/concordance/conc-10-stats-2022-1.xlsx,67a813f82fe84a71,2026-09-07
7304390080,7304390029,conc-10-stats-2022-1.xlsx,https://www.cbsa-asfc.gc.ca/trade-commerce/tariff-tarif/2022/concordance/conc-10-stats-2022-1.xlsx,67a813f82fe84a71,2026-09-07
7304390080,7304390031,conc-10-stats-2022-1.xlsx,https://www.cbsa-asfc.gc.ca/trade-commerce/tariff-tarif/2022/concordance/conc-10-stats-2022-1.xlsx,67a813f82fe84a71,2026-09-07
7304390080,7304390032,conc-10-stats-2022-1.xlsx,https://www.cbsa-asfc.gc.ca/trade-commerce/tariff-tarif/2022/concordance/conc-10-stats-2022-1.xlsx,67a813f82fe84a71,2026-09-07
7304390080,7304390039,conc-10-stats-2022-1.xlsx,https://www.cbsa-asfc.gc.ca/trade-commerce/tariff-tarif/2022/concordance/conc-10-stats-2022-1.xlsx,67a813f82fe84a71,2026-09-07
7304390080,7304390041,conc-10-stats-2022-1.xlsx,https://www.cbsa-asfc.gc.ca/trade-commerce/tariff-tarif/2022/concordance/conc-10-stats-2022-1.xlsx,67a813f82fe84a71,2026-09-07
7304390080,7304390042,conc-10-stats-2022-1.xlsx,https://www.cbsa-asfc.gc.ca/trade-commerce/tariff-tarif/2022/concordance/conc-10-stats-2022-1.xlsx,67a813f82fe84a71,2026-09-07
7304390080,7304390049,conc-10-stats-2022-1.xlsx,https://www.cbsa-asfc.gc.ca/trade-commerce/tariff-tarif/2022/concordance/conc-10-stats-2022-1.xlsx,67a813f82fe84a71,2026-09-07
7304390080,7304390051,conc-10-stats-2022-1.xlsx,https://www.cbsa-asfc.gc.ca/trade-commerce/tariff-tarif/2022/concordance/conc-10-stats-2022-1.xlsx,67a813f82fe84a71,2026-09-07
7304390080,7304390052,conc-10-stats-2022-1.xlsx,https://www.cbsa-asfc.gc.ca/trade-commerce/tariff-tarif/2022/concordance/conc-10-stats-2022-1.xlsx,67a813f82fe84a71,2026-09-07
7304390080,7304390059,conc-10-stats-2022-1.xlsx,https://www.cbsa-asfc.gc.ca/trade-commerce/tariff-tarif/2022/concordance/conc-10-stats-2022-1.xlsx,67a813f82fe84a71,2026-09-07
7304590090,7304590011,conc-10-stats-2022-1.xlsx,https://www.cbsa-asfc.gc.ca/trade-commerce/tariff-tarif/2022/concordance/conc-10-stats-2022-1.xlsx,67a813f82fe84a71,2026-09-07
7304590090,7304590012,conc-10-stats-2022-1.xlsx,https://www.cbsa-asfc.gc.ca/trade-commerce/tariff-tarif/2022/concordance/conc-10-stats-2022-1.xlsx,67a813f82fe84a71,2026-09-07
7304590090,7304590013,conc-10-stats-2022-1.xlsx,https://www.cbsa-asfc.gc.ca/trade-commerce/tariff-tarif/2022/concordance/conc-10-stats-2022-1.xlsx,67a813f82fe84a71,2026-09-07
7304590090,7304590014,conc-10-stats-2022-1.xlsx,https://www.cbsa-asfc.gc.ca/trade-commerce/tariff-tarif/2022/concordance/conc-10-stats-2022-1.xlsx,67a813f82fe84a71,2026-09-07
7304590090,7304590015,conc-10-stats-2022-1.xlsx,https://www.cbsa-asfc.gc.ca/trade-commerce/tariff-tarif/2022/concordance/conc-10-stats-2022-1.xlsx,67a813f82fe84a71,2026-09-07
7304590090,7304590016,conc-10-stats-2022-1.xlsx,https://www.cbsa-asfc.gc.ca/trade-commerce/tariff-tarif/2022/concordance/conc-10-stats-2022-1.xlsx,67a813f82fe84a71,2026-09-07
7304590090,7304590019,conc-10-stats-2022-1.xlsx,https://www.cbsa-asfc.gc.ca/trade-commerce/tariff-tarif/2022/concordance/conc-10-stats-2022-1.xlsx,67a813f82fe84a71,2026-09-07
7304590090,7304590021,conc-10-stats-2022-1.xlsx,https://www.cbsa-asfc.gc.ca/trade-commerce/tariff-tarif/2022/concordance/conc-10-stats-2022-1.xlsx,67a813f82fe84a71,2026-09-07
7304590090,7304590022,conc-10-stats-2022-1.xlsx,https://www.cbsa-asfc.gc.ca/trade-commerce/tariff-tarif/2022/concordance/conc-10-stats-2022-1.xlsx,67a813f82fe84a71,2026-09-07
7304590090,7304590023,conc-10-stats-2022-1.xlsx,https://www.cbsa-asfc.gc.ca/trade-commerce/tariff-tarif/2022/concordance/conc-10-stats-2022-1.xlsx,67a813f82fe84a71,2026-09-07
7304590090,7304590024,conc-10-stats-2022-1.xlsx,https://www.cbsa-asfc.gc.ca/trade-commerce/tariff-tarif/2022/concordance/conc-10-stats-2022-1.xlsx,67a813f82fe84a71,2026-09-07
7304590090,7304590025,conc-10-stats-2022-1.xlsx,https://www.cbsa-asfc.gc.ca/trade-commerce/tariff-tarif/2022/concordance/conc-10-stats-2022-1.xlsx,67a813f82fe84a71,2026-09-07
7304590090,7304590026,conc-10-stats-2022-1.xlsx,https://www.cbsa-asfc.gc.ca/trade-commerce/tariff-tarif/2022/concordance/conc-10-stats-2022-1.xlsx,67a813f82fe84a71,2026-09-07
7304590090,7304590029,conc-10-stats-2022-1.xlsx,https://www.cbsa-asfc.gc.ca/trade-commerce/tariff-tarif/2022/concordance/conc-10-stats-2022-1.xlsx,67a813f82fe84a71,2026-09-07
7304590090,7304590031,conc-10-stats-2022-1.xlsx,https://www.cbsa-asfc.gc.ca/trade-commerce/tariff-tarif/2022/concordance/conc-10-stats-2022-1.xlsx,67a813f82fe84a71,2026-09-07
7304590090,7304590032,conc-10-stats-2022-1.xlsx,https://www.cbsa-asfc.gc.ca/trade-commerce/tariff-tarif/2022/concordance/conc-10-stats-2022-1.xlsx,67a813f82fe84a71,2026-09-07
7304590090,7304590033,conc-10-stats-2022-1.xlsx,https://www.cbsa-asfc.gc.ca/trade-commerce/tariff-tarif/2022/concordance/conc-10-stats-2022-1.xlsx,67a813f82fe84a71,2026-09-07
7304590090,7304590034,conc-10-stats-2022-1.xlsx,https://www.cbsa-asfc.gc.ca/trade-commerce/tariff-tarif/2022/concordance/conc-10-stats-2022-1.xlsx,67a813f82fe84a71,2026-09-07
7304590090,7304590035,conc-10-stats-2022-1.xlsx,https://www.cbsa-asfc.gc.ca/trade-commerce/tariff-tarif/2022/concordance/conc-10-stats-2022-1.xlsx,67a813f82fe84a71,2026-09-07
7304590090,7304590036,conc-10-stats-2022-1.xlsx,https://www.cbsa-asfc.gc.ca/trade-commerce/tariff-tarif/2022/concordance/conc-10-stats-2022-1.xlsx,67a813f82fe84a71,2026-09-07
7304590090,7304590039,conc-10-stats-2022-1.xlsx,https://www.cbsa-asfc.gc.ca/trade-commerce/tariff-tarif/2022/concordance/conc-10-stats-2022-1.xlsx,67a813f82fe84a71,2026-09-07
7304590090,7304590041,conc-10-stats-2022-1.xlsx,https://www.cbsa-asfc.gc.ca/trade-commerce/tariff-tarif/2022/concordance/conc-10-stats-2022-1.xlsx,67a813f82fe84a71,2026-09-07
7304590090,7304590042,conc-10-stats-2022-1.xlsx,https://www.cbsa-asfc.gc.ca/trade-commerce/tariff-tarif/2022/concordance/conc-10-stats-2022-1.xlsx,67a813f82fe84a71,2026-09-07
7304590090,7304590043,conc-10-stats-2022-1.xlsx,https://www.cbsa-asfc.gc.ca/trade-commerce/tariff-tarif/2022/concordance/conc-10-stats-2022-1.xlsx,67a813f82fe84a71,2026-09-07
7304590090,7304590044,conc-10-stats-2022-1.xlsx,https://www.cbsa-asfc.gc.ca/trade-commerce/tariff-tarif/2022/concordance/conc-10-stats-2022-1.xlsx,67a813f82fe84a71,2026-09-07
7304590090,7304590045,conc-10-stats-2022-1.xlsx,https://www.cbsa-asfc.gc.ca/trade-commerce/tariff-tarif/2022/concordance/conc-10-stats-2022-1.xlsx,67a813f82fe84a71,2026-09-07
7304590090,7304590046,conc-10-stats-2022-1.xlsx,https://www.cbsa-asfc.gc.ca/trade-commerce/tariff-tarif/2022/concordance/conc-10-stats-2022-1.xlsx,67a813f82fe84a71,2026-09-07
7304590090,7304590049,conc-10-stats-2022-1.xlsx,https://www.cbsa-asfc.gc.ca/trade-commerce/tariff-tarif/2022/concordance/conc-10-stats-2022-1.xlsx,67a813f82fe84a71,2026-09-07
7304590090,7304590051,conc-10-stats-2022-1.xlsx,https://www.cbsa-asfc.gc.ca/trade-commerce/tariff-tarif/2022/concordance/conc-10-stats-2022-1.xlsx,67a813f82fe84a71,2026-09-07
7304590090,7304590052,conc-10-stats-2022-1.xlsx,https://www.cbsa-asfc.gc.ca/trade-commerce/tariff-tarif/2022/concordance/conc-10-stats-2022-1.xlsx,67a813f82fe84a71,2026-09-07
7304590090,7304590053,conc-10-stats-2022-1.xlsx,https://www.cbsa-asfc.gc.ca/trade-commerce/tariff-tarif/2022/concordance/conc-10-stats-2022-1.xlsx,67a813f82fe84a71,2026-09-07
7304590090,7304590054,conc-10-stats-2022-1.xlsx,https://www.cbsa-asfc.gc.ca/trade-commerce/tariff-tarif/2022/concordance/conc-10-stats-2022-1.xlsx,67a813f82fe84a71,2026-09-07
7304590090,7304590055,conc-10-stats-2022-1.xlsx,https://www.cbsa-asfc.gc.ca/trade-commerce/tariff-tarif/2022/concordance/conc-10-stats-2022-1.xlsx,67a813f82fe84a71,2026-09-07
7304590090,7304590056,conc-10-stats-2022-1.xlsx,https://www.cbsa-asfc.gc.ca/trade-commerce/tariff-tarif/2022/concordance/conc-10-stats-2022-1.xlsx,67a813f82fe84a71,2026-09-07
7304590090,7304590059,conc-10-stats-2022-1.xlsx,https://www.cbsa-asfc.gc.ca/trade-commerce/tariff-tarif/2022/concordance/conc-10-stats-2022-1.xlsx,67a813f82fe84a71,2026-09-07
7304590050,7304590060,conc-10-stats-2022-1.xlsx,https://www.cbsa-asfc.gc.ca/trade-commerce/tariff-tarif/2022/concordance/conc-10-stats-2022-1.xlsx,67a813f82fe84a71,2026-09-07
7304590090,7304590090,conc-10-stats-2022-1.xlsx,https://www.cbsa-asfc.gc.ca/trade-commerce/tariff-tarif/2022/concordance/conc-10-stats-2022-1.xlsx,67a813f82fe84a71,2026-09-07
7305190012,7305190031,conc-10-stats-2022-1.xlsx,https://www.cbsa-asfc.gc.ca/trade-commerce/tariff-tarif/2022/concordance/conc-10-stats-2022-1.xlsx,67a813f82fe84a71,2026-09-07
7305190013,7305190031,conc-10-stats-2022-1.xlsx,https://www.cbsa-asfc.gc.ca/trade-commerce/tariff-tarif/2022/concordance/conc-10-stats-2022-1.xlsx,67a813f82fe84a71,2026-09-07
7305190014,7305190032,conc-10-stats-2022-1.xlsx,https://www.cbsa-asfc.gc.ca/trade-commerce/tariff-tarif/2022/concordance/conc-10-stats-2022-1.xlsx,67a813f82fe84a71,2026-09-07
7305190015,7305190032,conc-10-stats-2022-1.xlsx,https://www.cbsa-asfc.gc.ca/trade-commerce/tariff-tarif/2022/concordance/conc-10-stats-2022-1.xlsx,67a813f82fe84a71,2026-09-07
7305190014,7305190033,conc-10-stats-2022-1.xlsx,https://www.cbsa-asfc.gc.ca/trade-commerce/tariff-tarif/2022/concordance/conc-10-stats-2022-1.xlsx,67a813f82fe84a71,2026-09-07
7305190015,7305190033,conc-10-stats-2022-1.xlsx,https://www.cbsa-asfc.gc.ca/trade-commerce/tariff-tarif/2022/concordance/conc-10-stats-2022-1.xlsx,67a813f82fe84a71,2026-09-07
7305190014,7305190034,conc-10-stats-2022-1.xlsx,https://www.cbsa-asfc.gc.ca/trade-commerce/tariff-tarif/2022/concordance/conc-10-stats-2022-1.xlsx,67a813f82fe84a71,2026-09-07
7305190015,7305190034,conc-10-stats-2022-1.xlsx,https://www.cbsa-asfc.gc.ca/trade-commerce/tariff-tarif/2022/concordance/conc-10-stats-2022-1.xlsx,67a813f82fe84a71,2026-09-07
7305190014,7305190039,conc-10-stats-2022-1.xlsx,https://www.cbsa-asfc.gc.ca/trade-commerce/tariff-tarif/2022/concordance/conc-10-stats-2022-1.xlsx,67a813f82fe84a71,2026-09-07
7305190015,7305190039,conc-10-stats-2022-1.xlsx,https://www.cbsa-asfc.gc.ca/trade-commerce/tariff-tarif/2022/concordance/conc-10-stats-2022-1.xlsx,67a813f82fe84a71,2026-09-07
7305190022,7305190041,conc-10-stats-2022-1.xlsx,https://www.cbsa-asfc.gc.ca/trade-commerce/tariff-tarif/2022/concordance/conc-10-stats-2022-1.xlsx,67a813f82fe84a71,2026-09-07
7305190023,7305190041,conc-10-stats-2022-1.xlsx,https://www.cbsa-asfc.gc.ca/trade-commerce/tariff-tarif/2022/concordance/conc-10-stats-2022-1.xlsx,67a813f82fe84a71,2026-09-07
7305190024,7305190042,conc-10-stats-2022-1.xlsx,https://www.cbsa-asfc.gc.ca/trade-commerce/tariff-tarif/2022/concordance/conc-10-stats-2022-1.xlsx,67a813f82fe84a71,2026-09-07
7305190025,7305190042,conc-10-stats-2022-1.xlsx,https://www.cbsa-asfc.gc.ca/trade-commerce/tariff-tarif/2022/concordance/conc-10-stats-2022-1.xlsx,67a813f82fe84a71,2026-09-07
7305190024,7305190043,conc-10-stats-2022-1.xlsx,https://www.cbsa-asfc.gc.ca/trade-commerce/tariff-tarif/2022/concordance/conc-10-stats-2022-1.xlsx,67a813f82fe84a71,2026-09-07
7305190025,7305190043,conc-10-stats-2022-1.xlsx,https://www.cbsa-asfc.gc.ca/trade-commerce/tariff-tarif/2022/concordance/conc-10-stats-2022-1.xlsx,67a813f82fe84a71,2026-09-07
7305190024,7305190044,conc-10-stats-2022-1.xlsx,https://www.cbsa-asfc.gc.ca/trade-commerce/tariff-tarif/2022/concordance/conc-10-stats-2022-1.xlsx,67a813f82fe84a71,2026-09-07
7305190025,7305190044,conc-10-stats-2022-1.xlsx,https://www.cbsa-asfc.gc.ca/trade-commerce/tariff-tarif/2022/concordance/conc-10-stats-2022-1.xlsx,67a813f82fe84a71,2026-09-07
7305190024,7305190049,conc-10-stats-2022-1.xlsx,https://www.cbsa-asfc.gc.ca/trade-commerce/tariff-tarif/2022/concordance/conc-10-stats-2022-1.xlsx,67a813f82fe84a71,2026-09-07
7305190025,7305190049,conc-10-stats-2022-1.xlsx,https://www.cbsa-asfc.gc.ca/trade-commerce/tariff-tarif/2022/concordance/conc-10-stats-2022-1.xlsx,67a813f82fe84a71,2026-09-07
7306290011,7306290012,conc-10-stats-2022-1.xlsx,https://www.cbsa-asfc.gc.ca/trade-commerce/tariff-tarif/2022/concordance/conc-10-stats-2022-1.xlsx,67a813f82fe84a71,2026-09-07
7306290011,7306290013,conc-10-stats-2022-1.xlsx,https://www.cbsa-asfc.gc.ca/trade-commerce/tariff-tarif/2022/concordance/conc-10-stats-2022-1.xlsx,67a813f82fe84a71,2026-09-07
7306290011,7306290014,conc-10-stats-2022-1.xlsx,https://www.cbsa-asfc.gc.ca/trade-commerce/tariff-tarif/2022/concordance/conc-10-stats-2022-1.xlsx,67a813f82fe84a71,2026-09-07
7306290019,7306290015,conc-10-stats-2022-1.xlsx,https://www.cbsa-asfc.gc.ca/trade-commerce/tariff-tarif/2022/concordance/conc-10-stats-2022-1.xlsx,67a813f82fe84a71,2026-09-07
7306290019,7306290016,conc-10-stats-2022-1.xlsx,https://www.cbsa-asfc.gc.ca/trade-commerce/tariff-tarif/2022/concordance/conc-10-stats-2022-1.xlsx,67a813f82fe84a71,2026-09-07
7306290019,7306290017,conc-10-stats-2022-1.xlsx,https://www.cbsa-asfc.gc.ca/trade-commerce/tariff-tarif/2022/concordance/conc-10-stats-2022-1.xlsx,67a813f82fe84a71,2026-09-07
7306290019,7306290019,conc-10-stats-2022-1.xlsx,https://www.cbsa-asfc.gc.ca/trade-commerce/tariff-tarif/2022/concordance/conc-10-stats-2022-1.xlsx,67a813f82fe84a71,2026-09-07
7306290021,7306290022,conc-10-stats-2022-1.xlsx,https://www.cbsa-asfc.gc.ca/trade-commerce/tariff-tarif/2022/concordance/conc-10-stats-2022-1.xlsx,67a813f82fe84a71,2026-09-07
7306290021,7306290023,conc-10-stats-2022-1.xlsx,https://www.cbsa-asfc.gc.ca/trade-commerce/tariff-tarif/2022/concordance/conc-10-stats-2022-1.xlsx,67a813f82fe84a71,2026-09-07
7306290021,7306290024,conc-10-stats-2022-1.xlsx,https://www.cbsa-asfc.gc.ca/trade-commerce/tariff-tarif/2022/concordance/conc-10-stats-2022-1.xlsx,67a813f82fe84a71,2026-09-07
7306290029,7306290025,conc-10-stats-2022-1.xlsx,https://www.cbsa-asfc.gc.ca/trade-commerce/tariff-tarif/2022/concordance/conc-10-stats-2022-1.xlsx,67a813f82fe84a71,2026-09-07
7306290029,7306290026,conc-10-stats-2022-1.xlsx,https://www.cbsa-asfc.gc.ca/trade-commerce/tariff-tarif/2022/concordance/conc-10-stats-2022-1.xlsx,67a813f82fe84a71,2026-09-07
7306290029,7306290027,conc-10-stats-2022-1.xlsx,https://www.cbsa-asfc.gc.ca/trade-commerce/tariff-tarif/2022/concordance/conc-10-stats-2022-1.xlsx,67a813f82fe84a71,2026-09-07
7306290029,7306290029,conc-10-stats-2022-1.xlsx,https://www.cbsa-asfc.gc.ca/trade-commerce/tariff-tarif/2022/concordance/conc-10-stats-2022-1.xlsx,67a813f82fe84a71,2026-09-07
7306290031,7306290032,conc-10-stats-2022-1.xlsx,https://www.cbsa-asfc.gc.ca/trade-commerce/tariff-tarif/2022/concordance/conc-10-stats-2022-1.xlsx,67a813f82fe84a71,2026-09-07
7306290031,7306290033,conc-10-stats-2022-1.xlsx,https://www.cbsa-asfc.gc.ca/trade-commerce/tariff-tarif/2022/concordance/conc-10-stats-2022-1.xlsx,67a813f82fe84a71,2026-09-07
7306290031,7306290034,conc-10-stats-2022-1.xlsx,https://www.cbsa-asfc.gc.ca/trade-commerce/tariff-tarif/2022/concordance/conc-10-stats-2022-1.xlsx,67a813f82fe84a71,2026-09-07
7306290039,7306290035,conc-10-stats-2022-1.xlsx,https://www.cbsa-asfc.gc.ca/trade-commerce/tariff-tarif/2022/concordance/conc-10-stats-2022-1.xlsx,67a813f82fe84a71,2026-09-07
7306290039,7306290036,conc-10-stats-2022-1.xlsx,https://www.cbsa-asfc.gc.ca/trade-commerce/tariff-tarif/2022/concordance/conc-10-stats-2022-1.xlsx,67a813f82fe84a71,2026-09-07
7306290039,7306290037,conc-10-stats-2022-1.xlsx,https://www.cbsa-asfc.gc.ca/trade-commerce/tariff-tarif/2022/concordance/conc-10-stats-2022-1.xlsx,67a813f82fe84a71,2026-09-07
7306290039,7306290039,conc-10-stats-2022-1.xlsx,https://www.cbsa-asfc.gc.ca/trade-commerce/tariff-tarif/2022/concordance/conc-10-stats-2022-1.xlsx,67a813f82fe84a71,2026-09-07
7306290061,7306290042,conc-10-stats-2022-1.xlsx,https://www.cbsa-asfc.gc.ca/trade-commerce/tariff-tarif/2022/concordance/conc-10-stats-2022-1.xlsx,67a813f82fe84a71,2026-09-07
7306290061,7306290043,conc-10-stats-2022-1.xlsx,https://www.cbsa-asfc.gc.ca/trade-commerce/tariff-tarif/2022/concordance/conc-10-stats-2022-1.xlsx,67a813f82fe84a71,2026-09-07
7306290061,7306290044,conc-10-stats-2022-1.xlsx,https://www.cbsa-asfc.gc.ca/trade-commerce/tariff-tarif/2022/concordance/conc-10-stats-2022-1.xlsx,67a813f82fe84a71,2026-09-07
7306290069,7306290045,conc-10-stats-2022-1.xlsx,https://www.cbsa-asfc.gc.ca/trade-commerce/tariff-tarif/2022/concordance/conc-10-stats-2022-1.xlsx,67a813f82fe84a71,2026-09-07
7306290069,7306290046,conc-10-stats-2022-1.xlsx,https://www.cbsa-asfc.gc.ca/trade-commerce/tariff-tarif/2022/concordance/conc-10-stats-2022-1.xlsx,67a813f82fe84a71,2026-09-07
7306290069,7306290047,conc-10-stats-2022-1.xlsx,https://www.cbsa-asfc.gc.ca/trade-commerce/tariff-tarif/2022/concordance/conc-10-stats-2022-1.xlsx,67a813f82fe84a71,2026-09-07
7306290069,7306290049,conc-10-stats-2022-1.xlsx,https://www.cbsa-asfc.gc.ca/trade-commerce/tariff-tarif/2022/concordance/conc-10-stats-2022-1.xlsx,67a813f82fe84a71,2026-09-07
7306290061,7306290052,conc-10-stats-2022-1.xlsx,https://www.cbsa-asfc.gc.ca/trade-commerce/tariff-tarif/2022/concordance/conc-10-stats-2022-1.xlsx,67a813f82fe84a71,2026-09-07
7306290061,7306290053,conc-10-stats-2022-1.xlsx,https://www.cbsa-asfc.gc.ca/trade-commerce/tariff-tarif/2022/concordance/conc-10-stats-2022-1.xlsx,67a813f82fe84a71,2026-09-07
7306290061,7306290054,conc-10-stats-2022-1.xlsx,https://www.cbsa-asfc.gc.ca/trade-commerce/tariff-tarif/2022/concordance/conc-10-stats-2022-1.xlsx,67a813f82fe84a71,2026-09-07
7306290069,7306290055,conc-10-stats-2022-1.xlsx,https://www.cbsa-asfc.gc.ca/trade-commerce/tariff-tarif/2022/concordance/conc-10-stats-2022-1.xlsx,67a813f82fe84a71,2026-09-07
7306290069,7306290056,conc-10-stats-2022-1.xlsx,https://www.cbsa-asfc.gc.ca/trade-commerce/tariff-tarif/2022/concordance/conc-10-stats-2022-1.xlsx,67a813f82fe84a71,2026-09-07
7306290069,7306290057,conc-10-stats-2022-1.xlsx,https://www.cbsa-asfc.gc.ca/trade-commerce/tariff-tarif/2022/concordance/conc-10-stats-2022-1.xlsx,67a813f82fe84a71,2026-09-07
7306290069,7306290059,conc-10-stats-2022-1.xlsx,https://www.cbsa-asfc.gc.ca/trade-commerce/tariff-tarif/2022/concordance/conc-10-stats-2022-1.xlsx,67a813f82fe84a71,2026-09-07
7306290061,7306290062,conc-10-stats-2022-1.xlsx,https://www.cbsa-asfc.gc.ca/trade-commerce/tariff-tarif/2022/concordance/conc-10-stats-2022-1.xlsx,67a813f82fe84a71,2026-09-07
7306290061,7306290063,conc-10-stats-2022-1.xlsx,https://www.cbsa-asfc.gc.ca/trade-commerce/tariff-tarif/2022/concordance/conc-10-stats-2022-1.xlsx,67a813f82fe84a71,2026-09-07
7306290061,7306290064,conc-10-stats-2022-1.xlsx,https://www.cbsa-asfc.gc.ca/trade-commerce/tariff-tarif/2022/concordance/conc-10-stats-2022-1.xlsx,67a813f82fe84a71,2026-09-07
7306290069,7306290065,conc-10-stats-2022-1.xlsx,https://www.cbsa-asfc.gc.ca/trade-commerce/tariff-tarif/2022/concordance/conc-10-stats-2022-1.xlsx,67a813f82fe84a71,2026-09-07
7306290069,7306290066,conc-10-stats-2022-1.xlsx,https://www.cbsa-asfc.gc.ca/trade-commerce/tariff-tarif/2022/concordance/conc-10-stats-2022-1.xlsx,67a813f82fe84a71,2026-09-07
7306290069,7306290067,conc-10-stats-2022-1.xlsx,https://www.cbsa-asfc.gc.ca/trade-commerce/tariff-tarif/2022/concordance/conc-10-stats-2022-1.xlsx,67a813f82fe84a71,2026-09-07
7306290069,7306290069,conc-10-stats-2022-1.xlsx,https://www.cbsa-asfc.gc.ca/trade-commerce/tariff-tarif/2022/concordance/conc-10-stats-2022-1.xlsx,67a813f82fe84a71,2026-09-07
7306290061,7306290072,conc-10-stats-2022-1.xlsx,https://www.cbsa-asfc.gc.ca/trade-commerce/tariff-tarif/2022/concordance/conc-10-stats-2022-1.xlsx,67a813f82fe84a71,2026-09-07
7306290061,7306290073,conc-10-stats-2022-1.xlsx,https://www.cbsa-asfc.gc.ca/trade-commerce/tariff-tarif/2022/concordance/conc-10-stats-2022-1.xlsx,67a813f82fe84a71,2026-09-07
7306290061,7306290074,conc-10-stats-2022-1.xlsx,https://www.cbsa-asfc.gc.ca/trade-commerce/tariff-tarif/2022/concordance/conc-10-stats-2022-1.xlsx,67a813f82fe84a71,2026-09-07
7306290069,7306290075,conc-10-stats-2022-1.xlsx,https://www.cbsa-asfc.gc.ca/trade-commerce/tariff-tarif/2022/concordance/conc-10-stats-2022-1.xlsx,67a813f82fe84a71,2026-09-07
7306290069,7306290076,conc-10-stats-2022-1.xlsx,https://www.cbsa-asfc.gc.ca/trade-commerce/tariff-tarif/2022/concordance/conc-10-stats-2022-1.xlsx,67a813f82fe84a71,2026-09-07
7306290069,7306290077,conc-10-stats-2022-1.xlsx,https://www.cbsa-asfc.gc.ca/trade-commerce/tariff-tarif/2022/concordance/conc-10-stats-2022-1.xlsx,67a813f82fe84a71,2026-09-07
7306290069,7306290079,conc-10-stats-2022-1.xlsx,https://www.cbsa-asfc.gc.ca/trade-commerce/tariff-tarif/2022/concordance/conc-10-stats-2022-1.xlsx,67a813f82fe84a71,2026-09-07
7306300020,7306300041,conc-10-stats-2022-1.xlsx,https://www.cbsa-asfc.gc.ca/trade-commerce/tariff-tarif/2022/concordance/conc-10-stats-2022-1.xlsx,67a813f82fe84a71,2026-09-07
7306300020,7306300042,conc-10-stats-2022-1.xlsx,https://www.cbsa-asfc.gc.ca/trade-commerce/tariff-tarif/2022/concordance/conc-10-stats-2022-1.xlsx,67a813f82fe84a71,2026-09-07
7306300020,7306300043,conc-10-stats-2022-1.xlsx,https://www.cbsa-asfc.gc.ca/trade-commerce/tariff-tarif/2022/concordance/conc-10-stats-2022-1.xlsx,67a813f82fe84a71,2026-09-07
7306300010,7306300044,conc-10-stats-2022-1.xlsx,https://www.cbsa-asfc.gc.ca/trade-commerce/tariff-tarif/2022/concordance/conc-10-stats-2022-1.xlsx,67a813f82fe84a71,2026-09-07
7306300010,7306300045,conc-10-stats-2022-1.xlsx,https://www.cbsa-asfc.gc.ca/trade-commerce/tariff-tarif/2022/concordance/conc-10-stats-2022-1.xlsx,67a813f82fe84a71,2026-09-07
7306300020,7306300046,conc-10-stats-2022-1.xlsx,https://www.cbsa-asfc.gc.ca/trade-commerce/tariff-tarif/2022/concordance/conc-10-stats-2022-1.xlsx,67a813f82fe84a71,2026-09-07
7306300020,7306300047,conc-10-stats-2022-1.xlsx,https://www.cbsa-asfc.gc.ca/trade-commerce/tariff-tarif/2022/concordance/conc-10-stats-2022-1.xlsx,67a813f82fe84a71,2026-09-07
7306300020,7306300049,conc-10-stats-2022-1.xlsx,https://www.cbsa-asfc.gc.ca/trade-commerce/tariff-tarif/2022/concordance/conc-10-stats-2022-1.xlsx,67a813f82fe84a71,2026-09-07
7306300020,7306300051,conc-10-stats-2022-1.xlsx,https://www.cbsa-asfc.gc.ca/trade-commerce/tariff-tarif/2022/concordance/conc-10-stats-2022-1.xlsx,67a813f82fe84a71,2026-09-07
7306300030,7306300051,conc-10-stats-2022-1.xlsx,https://www.cbsa-asfc.gc.ca/trade-commerce/tariff-tarif/2022/concordance/conc-10-stats-2022-1.xlsx,67a813f82fe84a71,2026-09-07
7306300020,7306300052,conc-10-stats-2022-1.xlsx,https://www.cbsa-asfc.gc.ca/trade-commerce/tariff-tarif/2022/concordance/conc-10-stats-2022-1.xlsx,67a813f82fe84a71,2026-09-07
7306300030,7306300052,conc-10-stats-2022-1.xlsx,https://www.cbsa-asfc.gc.ca/trade-commerce/tariff-tarif/2022/concordance/conc-10-stats-2022-1.xlsx,67a813f82fe84a71,2026-09-07
7306300020,7306300053,conc-10-stats-2022-1.xlsx,https://www.cbsa-asfc.gc.ca/trade-commerce/tariff-tarif/2022/concordance/conc-10-stats-2022-1.xlsx,67a813f82fe84a71,2026-09-07
7306300030,7306300053,conc-10-stats-2022-1.xlsx,https://www.cbsa-asfc.gc.ca/trade-commerce/tariff-tarif/2022/concordance/conc-10-stats-2022-1.xlsx,67a813f82fe84a71,2026-09-07
7306300010,7306300054,conc-10-stats-2022-1.xlsx,https://www.cbsa-asfc.gc.ca/trade-commerce/tariff-tarif/2022/concordance/conc-10-stats-2022-1.xlsx,67a813f82fe84a71,2026-09-07
7306300030,7306300054,conc-10-stats-2022-1.xlsx,https://www.cbsa-asfc.gc.ca/trade-commerce/tariff-tarif/2022/concordance/conc-10-stats-2022-1.xlsx,67a813f82fe84a71,2026-09-07
7306300010,7306300055,conc-10-stats-2022-1.xlsx,https://www.cbsa-asfc.gc.ca/trade-commerce/tariff-tarif/2022/concordance/conc-10-stats-2022-1.xlsx,67a813f82fe84a71,2026-09-07
7306300030,7306300055,conc-10-stats-2022-1.xlsx,https://www.cbsa-asfc.gc.ca/trade-commerce/tariff-tarif/2022/concordance/conc-10-stats-2022-1.xlsx,67a813f82fe84a71,2026-09-07
7306300020,7306300056,conc-10-stats-2022-1.xlsx,https://www.cbsa-asfc.gc.ca/trade-commerce/tariff-tarif/2022/concordance/conc-10-stats-2022-1.xlsx,67a813f82fe84a71,2026-09-07
7306300030,7306300056,conc-10-stats-2022-1.xlsx,https://www.cbsa-asfc.gc.ca/trade-commerce/tariff-tarif/2022/concordance/conc-10-stats-2022-1.xlsx,67a813f82fe84a71,2026-09-07
7306300020,7306300057,conc-10-stats-2022-1.xlsx,https://www.cbsa-asfc.gc.ca/trade-commerce/tariff-tarif/2022/concordance/conc-10-stats-2022-1.xlsx,67a813f82fe84a71,2026-09-07
7306300030,7306300057,conc-10-stats-2022-1.xlsx,https://www.cbsa-asfc.gc.ca/trade-commerce/tariff-tarif/2022/concordance/conc-10-stats-2022-1.xlsx,67a813f82fe84a71,2026-09-07
7306300020,7306300059,conc-10-stats-2022-1.xlsx,https://www.cbsa-asfc.gc.ca/trade-commerce/tariff-tarif/2022/concordance/conc-10-stats-2022-1.xlsx,67a813f82fe84a71,2026-09-07
7306300030,7306300059,conc-10-stats-2022-1.xlsx,https://www.cbsa-asfc.gc.ca/trade-commerce/tariff-tarif/2022/concordance/conc-10-stats-2022-1.xlsx,67a813f82fe84a71,2026-09-07
7306300030,7306300061,conc-10-stats-2022-1.xlsx,https://www.cbsa-asfc.gc.ca/trade-commerce/tariff-tarif/2022/concordance/conc-10-stats-2022-1.xlsx,67a813f82fe84a71,2026-09-07
7306300030,7306300062,conc-10-stats-2022-1.xlsx,https://www.cbsa-asfc.gc.ca/trade-commerce/tariff-tarif/2022/concordance/conc-10-stats-2022-1.xlsx,67a813f82fe84a71,2026-09-07
7306300030,7306300063,conc-10-stats-2022-1.xlsx,https://www.cbsa-asfc.gc.ca/trade-commerce/tariff-tarif/2022/concordance/conc-10-stats-2022-1.xlsx,67a813f82fe84a71,2026-09-07
7306300030,7306300064,conc-10-stats-2022-1.xlsx,https://www.cbsa-asfc.gc.ca/trade-commerce/tariff-tarif/2022/concordance/conc-10-stats-2022-1.xlsx,67a813f82fe84a71,2026-09-07
7306300030,7306300065,conc-10-stats-2022-1.xlsx,https://www.cbsa-asfc.gc.ca/trade-commerce/tariff-tarif/2022/concordance/conc-10-stats-2022-1.xlsx,67a813f82fe84a71,2026-09-07
7306300030,7306300066,conc-10-stats-2022-1.xlsx,https://www.cbsa-asfc.gc.ca/trade-commerce/tariff-tarif/2022/concordance/conc-10-stats-2022-1.xlsx,67a813f82fe84a71,2026-09-07
7306300030,7306300067,conc-10-stats-2022-1.xlsx,https://www.cbsa-asfc.gc.ca/trade-commerce/tariff-tarif/2022/concordance/conc-10-stats-2022-1.xlsx,67a813f82fe84a71,2026-09-07
7306300030,7306300069,conc-10-stats-2022-1.xlsx,https://www.cbsa-asfc.gc.ca/trade-commerce/tariff-tarif/2022/concordance/conc-10-stats-2022-1.xlsx,67a813f82fe84a71,2026-09-07
7306300030,7306300071,conc-10-stats-2022-1.xlsx,https://www.cbsa-asfc.gc.ca/trade-commerce/tariff-tarif/2022/concordance/conc-10-stats-2022-1.xlsx,67a813f82fe84a71,2026-09-07
7306300030,7306300072,conc-10-stats-2022-1.xlsx,https://www.cbsa-asfc.gc.ca/trade-commerce/tariff-tarif/2022/concordance/conc-10-stats-2022-1.xlsx,67a813f82fe84a71,2026-09-07
7306300030,7306300073,conc-10-stats-2022-1.xlsx,https://www.cbsa-asfc.gc.ca/trade-commerce/tariff-tarif/2022/concordance/conc-10-stats-2022-1.xlsx,67a813f82fe84a71,2026-09-07
7306300030,7306300074,conc-10-stats-2022-1.xlsx,https://www.cbsa-asfc.gc.ca/trade-commerce/tariff-tarif/2022/concordance/conc-10-stats-2022-1.xlsx,67a813f82fe84a71,2026-09-07
7306300030,7306300075,conc-10-stats-2022-1.xlsx,https://www.cbsa-asfc.gc.ca/trade-commerce/tariff-tarif/2022/concordance/conc-10-stats-2022-1.xlsx,67a813f82fe84a71,2026-09-07
7306300030,7306300076,conc-10-stats-2022-1.xlsx,https://www.cbsa-asfc.gc.ca/trade-commerce/tariff-tarif/2022/concordance/conc-10-stats-2022-1.xlsx,67a813f82fe84a71,2026-09-07
7306300030,7306300077,conc-10-stats-2022-1.xlsx,https://www.cbsa-asfc.gc.ca/trade-commerce/tariff-tarif/2022/concordance/conc-10-stats-2022-1.xlsx,67a813f82fe84a71,2026-09-07
7306300030,7306300079,conc-10-stats-2022-1.xlsx,https://www.cbsa-asfc.gc.ca/trade-commerce/tariff-tarif/2022/concordance/conc-10-stats-2022-1.xlsx,67a813f82fe84a71,2026-09-07
7306300030,7306300081,conc-10-stats-2022-1.xlsx,https://www.cbsa-asfc.gc.ca/trade-commerce/tariff-tarif/2022/concordance/conc-10-stats-2022-1.xlsx,67a813f82fe84a71,2026-09-07
7306300030,7306300082,conc-10-stats-2022-1.xlsx,https://www.cbsa-asfc.gc.ca/trade-commerce/tariff-tarif/2022/concordance/conc-10-stats-2022-1.xlsx,67a813f82fe84a71,2026-09-07
7306300030,7306300083,conc-10-stats-2022-1.xlsx,https://www.cbsa-asfc.gc.ca/trade-commerce/tariff-tarif/2022/concordance/conc-10-stats-2022-1.xlsx,67a813f82fe84a71,2026-09-07
7306300030,7306300084,conc-10-stats-2022-1.xlsx,https://www.cbsa-asfc.gc.ca/trade-commerce/tariff-tarif/2022/concordance/conc-10-stats-2022-1.xlsx,67a813f82fe84a71,2026-09-07
7306300030,7306300085,conc-10-stats-2022-1.xlsx,https://www.cbsa-asfc.gc.ca/trade-commerce/tariff-tarif/2022/concordance/conc-10-stats-2022-1.xlsx,67a813f82fe84a71,2026-09-07
7306300030,7306300086,conc-10-stats-2022-1.xlsx,https://www.cbsa-asfc.gc.ca/trade-commerce/tariff-tarif/2022/concordance/conc-10-stats-2022-1.xlsx,67a813f82fe84a71,2026-09-07
7306300030,7306300087,conc-10-stats-2022-1.xlsx,https://www.cbsa-asfc.gc.ca/trade-commerce/tariff-tarif/2022/concordance/conc-10-stats-2022-1.xlsx,67a813f82fe84a71,2026-09-07
7306300030,7306300089,conc-10-stats-2022-1.xlsx,https://www.cbsa-asfc.gc.ca/trade-commerce/tariff-tarif/2022/concordance/conc-10-stats-2022-1.xlsx,67a813f82fe84a71,2026-09-07
7306610010,7306610031,conc-10-stats-2022-1.xlsx,https://www.cbsa-asfc.gc.ca/trade-commerce/tariff-tarif/2022/concordance/conc-10-stats-2022-1.xlsx,67a813f82fe84a71,2026-09-07
7306610020,7306610031,conc-10-stats-2022-1.xlsx,https://www.cbsa-asfc.gc.ca/trade-commerce/tariff-tarif/2022/concordance/conc-10-stats-2022-1.xlsx,67a813f82fe84a71,2026-09-07
7306610010,7306610039,conc-10-stats-2022-1.xlsx,https://www.cbsa-asfc.gc.ca/trade-commerce/tariff-tarif/2022/concordance/conc-10-stats-2022-1.xlsx,67a813f82fe84a71,2026-09-07
7306610020,7306610039,conc-10-stats-2022-1.xlsx,https://www.cbsa-asfc.gc.ca/trade-commerce/tariff-tarif/2022/concordance/conc-10-stats-2022-1.xlsx,67a813f82fe84a71,2026-09-07
7306610010,7306610041,conc-10-stats-2022-1.xlsx,https://www.cbsa-asfc.gc.ca/trade-commerce/tariff-tarif/2022/concordance/conc-10-stats-2022-1.xlsx,67a813f82fe84a71,2026-09-07
7306610020,7306610041,conc-10-stats-2022-1.xlsx,https://www.cbsa-asfc.gc.ca/trade-commerce/tariff-tarif/2022/concordance/conc-10-stats-2022-1.xlsx,67a813f82fe84a71,2026-09-07
7306610010,7306610049,conc-10-stats-2022-1.xlsx,https://www.cbsa-asfc.gc.ca/trade-commerce/tariff-tarif/2022/concordance/conc-10-stats-2022-1.xlsx,67a813f82fe84a71,2026-09-07
7306610020,7306610049,conc-10-stats-2022-1.xlsx,https://www.cbsa-asfc.gc.ca/trade-commerce/tariff-tarif/2022/concordance/conc-10-stats-2022-1.xlsx,67a813f82fe84a71,2026-09-07
7306690010,7306690031,conc-10-stats-2022-1.xlsx,https://www.cbsa-asfc.gc.ca/trade-commerce/tariff-tarif/2022/concordance/conc-10-stats-2022-1.xlsx,67a813f82fe84a71,2026-09-07
7306690020,7306690031,conc-10-stats-2022-1.xlsx,https://www.cbsa-asfc.gc.ca/trade-commerce/tariff-tarif/2022/concordance/conc-10-stats-2022-1.xlsx,67a813f82fe84a71,2026-09-07
7306690010,7306690039,conc-10-stats-2022-1.xlsx,https://www.cbsa-asfc.gc.ca/trade-commerce/tariff-tarif/2022/concordance/conc-10-stats-2022-1.xlsx,67a813f82fe84a71,2026-09-07
7306690020,7306690039,conc-10-stats-2022-1.xlsx,https://www.cbsa-asfc.gc.ca/trade-commerce/tariff-tarif/2022/concordance/conc-10-stats-2022-1.xlsx,67a813f82fe84a71,2026-09-07
7306690010,7306690041,conc-10-stats-2022-1.xlsx,https://www.cbsa-asfc.gc.ca/trade-commerce/tariff-tarif/2022/concordance/conc-10-stats-2022-1.xlsx,67a813f82fe84a71,2026-09-07
7306690020,7306690041,conc-10-stats-2022-1.xlsx,https://www.cbsa-asfc.gc.ca/trade-commerce/tariff-tarif/2022/concordance/conc-10-stats-2022-1.xlsx,67a813f82fe84a71,2026-09-07
7306690010,7306690049,conc-10-stats-2022-1.xlsx,https://www.cbsa-asfc.gc.ca/trade-commerce/tariff-tarif/2022/concordance/conc-10-stats-2022-1.xlsx,67a813f82fe84a71,2026-09-07
7306690020,7306690049,conc-10-stats-2022-1.xlsx,https://www.cbsa-asfc.gc.ca/trade-commerce/tariff-tarif/2022/concordance/conc-10-stats-2022-1.xlsx,67a813f82fe84a71,2026-09-07
7323990000,7323990010,conc-10-stats-2022-1.xlsx,https://www.cbsa-asfc.gc.ca/trade-commerce/tariff-tarif/2022/concordance/conc-10-stats-2022-1.xlsx,67a813f82fe84a71,2026-09-07
7323990000,7323990090,conc-10-stats-2022-1.xlsx,https://www.cbsa-asfc.gc.ca/trade-commerce/tariff-tarif/2022/concordance/conc-10-stats-2022-1.xlsx,67a813f82fe84a71,2026-09-07
8504409091,8504409041,conc-10-stats-2022-1.xlsx,https://www.cbsa-asfc.gc.ca/trade-commerce/tariff-tarif/2022/concordance/conc-10-stats-2022-1.xlsx,67a813f82fe84a71,2026-09-07
8504409092,8504409041,conc-10-stats-2022-1.xlsx,https://www.cbsa-asfc.gc.ca/trade-commerce/tariff-tarif/2022/concordance/conc-10-stats-2022-1.xlsx,67a813f82fe84a71,2026-09-07
8504409091,8504409042,conc-10-stats-2022-1.xlsx,https://www.cbsa-asfc.gc.ca/trade-commerce/tariff-tarif/2022/concordance/conc-10-stats-2022-1.xlsx,67a813f82fe84a71,2026-09-07
8504409092,8504409042,conc-10-stats-2022-1.xlsx,https://www.cbsa-asfc.gc.ca/trade-commerce/tariff-tarif/2022/concordance/conc-10-stats-2022-1.xlsx,67a813f82fe84a71,2026-09-07
8504409091,8504409049,conc-10-stats-2022-1.xlsx,https://www.cbsa-asfc.gc.ca/trade-commerce/tariff-tarif/2022/concordance/conc-10-stats-2022-1.xlsx,67a813f82fe84a71,2026-09-07
8504409092,8504409049,conc-10-stats-2022-1.xlsx,https://www.cbsa-asfc.gc.ca/trade-commerce/tariff-tarif/2022/concordance/conc-10-stats-2022-1.xlsx,67a813f82fe84a71,2026-09-07
8544420000,8544420010,conc-10-stats-2022-1.xlsx,https://www.cbsa-asfc.gc.ca/trade-commerce/tariff-tarif/2022/concordance/conc-10-stats-2022-1.xlsx,67a813f82fe84a71,2026-09-07
8544420000,8544420090,conc-10-stats-2022-1.xlsx,https://www.cbsa-asfc.gc.ca/trade-commerce/tariff-tarif/2022/concordance/conc-10-stats-2022-1.xlsx,67a813f82fe84a71,2026-09-07
