obsolete_hs10,obsolete_desc_en,new_hs10,new_desc_en,same_code,mechanical_relation,mapping_type,source_file,checked_on
0208900090,"Other meat and edible meat offal, fresh, chilled or frozen, nes",0208900090,"Meat and edible meat offal, fresh, chilled or frozen, o/t deer/frogs' legs,nes",True,same code,split,conc-10-stats-2022.xlsx,2026-09-07
0306190000,"Crustaceans, nes, frozen,including flours,meals and pellets of crustaceans",0306190000,"Crustaceans, nes, frozen",True,same code,split,conc-10-stats-2022.xlsx,2026-09-07
0306390000,"Crustaceans, nes, live, fresh or chilled",0306390000,"Crustaceans, nes, live, fresh or chilled",True,same code,split,conc-10-stats-2022.xlsx,2026-09-07
0306990000,"Crustaceans,nes,dr/sa/brine/smoked/ckd; crust flours,meals & pellets,f hum cons",0306990000,"Crustaceans,dr/sa/brine;smoked crust; crust w/n in shell,cooked in water,etc,nes",True,same code,split,conc-10-stats-2022.xlsx,2026-09-07
0307210010,"Scallops, including queen scallops, in shell, live, fresh or chilled",0307210010,"Scallops, including molluscs of family Pectinidae, in shell, live, fresh/chilled",True,same code,merge,conc-10-stats-2022.xlsx,2026-09-07
0307910000,"Molluscs, nes, live, fresh or chilled",0307210010,"Scallops, including molluscs of family Pectinidae, in shell, live, fresh/chilled",False,same heading,many to many,conc-10-stats-2022.xlsx,2026-09-07
0307210090,"Scallops, including molluscs of family Pectinidae, shelled, fresh/chilled",0307210090,"Scallops, including molluscs of family Pectinidae, shelled, fresh/chilled",True,same code,merge,conc-10-stats-2022.xlsx,2026-09-07
0307910000,"Molluscs, nes, live, fresh or chilled",0307210090,"Scallops, including molluscs of family Pectinidae, shelled, fresh/chilled",False,same heading,many to many,conc-10-stats-2022.xlsx,2026-09-07
0307921000,"Molluscs, nes, frozen, smoked, w/n cooked before/during smoking, w/n in shell",0307221000,"Scallops,including molluscs of family Pectinidae, shelled or not, frozen,smoked",False,same heading,split,conc-10-stats-2022.xlsx,2026-09-07
0307220000,"Scallops, including queen scallops, frozen, whether in shell or not",0307229000,"Scallops,incl molluscs of family Pectinidae,shelled or not,frozen,o/t smoked",False,same subheading,merge,conc-10-stats-2022.xlsx,2026-09-07
0307929000,"Molluscs, nes, frozen, other than smoked, whether in shell or not",0307229000,"Scallops,incl molluscs of family Pectinidae,shelled or not,frozen,o/t smoked",False,same heading,many to many,conc-10-stats-2022.xlsx,2026-09-07
0307290000,"Scallops,incl queen scallops,dr/sa/in brine/smoked,w/n ckd before/during smoking",0307291000,"Scallops,incl molluscs fam Pectinidae,smoked, w/n cooked before/during smok proc",False,same subheading,merge,conc-10-stats-2022.xlsx,2026-09-07
0307991000,"Molluscs, nes, smoked, o/t fresh or frozen, w/n cooked, whether in shell or not",0307291000,"Scallops,incl molluscs fam Pectinidae,smoked, w/n cooked before/during smok proc",False,same heading,many to many,conc-10-stats-2022.xlsx,2026-09-07
0307999000,"Molluscs, nes, dried, salted or in brine, whether in shell or not",0307299000,"Scallops,including molluscs of family Pectinidae,dried, salted or in brine, nes",False,same heading,split,conc-10-stats-2022.xlsx,2026-09-07
0307910000,"Molluscs, nes, live, fresh or chilled",0307910000,"Molluscs, nes, whether or not in shell, live, fresh or chilled",True,same code,split,conc-10-stats-2022.xlsx,2026-09-07
0307921000,"Molluscs, nes, frozen, smoked, w/n cooked before/during smoking, w/n in shell",0307921000,"Molluscs, nes, whether or not in shell, frozen, smoked",True,same code,split,conc-10-stats-2022.xlsx,2026-09-07
0307929000,"Molluscs, nes, frozen, other than smoked, whether in shell or not",0307929000,"Molluscs, nes, whether or not in shell, frozen, other than smoked",True,same code,split,conc-10-stats-2022.xlsx,2026-09-07
0307991000,"Molluscs, nes, smoked, o/t fresh or frozen, w/n cooked, whether in shell or not",0307991000,"Molluscs, nes, whether or not in shell, smoked",True,same code,split,conc-10-stats-2022.xlsx,2026-09-07
0307999000,"Molluscs, nes, dried, salted or in brine, whether in shell or not",0307999000,"Molluscs, nes, whether or not in shell, dried/salted/in brine",True,same code,split,conc-10-stats-2022.xlsx,2026-09-07
0308901000,"Other smoked aquatic invertebrates, nes",0308901000,"Aquatic invertebrates, smoked, w/n cooked before/during smoking process, nes",True,same code,split,conc-10-stats-2022.xlsx,2026-09-07
0308909000,"O aqua invert,nes,live/fr/chd/frz/dr/sa/brine; flour,meal,pellets,of aqua invert",0308909000,"Aqua invert,live/fr/chd/frz/dr/sa/brine,w/n ckd before/during smok proc,nes",True,same code,split,conc-10-stats-2022.xlsx,2026-09-07
0305100000,Fish meal fit for human consumption,0309100000,"Flours, meals and pellets of fish, fit for human consumption",False,same chapter,one to one,conc-10-stats-2022.xlsx,2026-09-07
0306190000,"Crustaceans, nes, frozen,including flours,meals and pellets of crustaceans",0309901000,"Flours, meals and pellets of crustaceans, fit for human consumption",False,same chapter,many to many,conc-10-stats-2022.xlsx,2026-09-07
0306390000,"Crustaceans, nes, live, fresh or chilled",0309901000,"Flours, meals and pellets of crustaceans, fit for human consumption",False,same chapter,many to many,conc-10-stats-2022.xlsx,2026-09-07
0306990000,"Crustaceans,nes,dr/sa/brine/smoked/ckd; crust flours,meals & pellets,f hum cons",0309901000,"Flours, meals and pellets of crustaceans, fit for human consumption",False,same chapter,many to many,conc-10-stats-2022.xlsx,2026-09-07
0307921000,"Molluscs, nes, frozen, smoked, w/n cooked before/during smoking, w/n in shell",0309902100,"Flours, meals and pellets of molluscs, smoked, fit for human consumption",False,same chapter,many to many,conc-10-stats-2022.xlsx,2026-09-07
0307991000,"Molluscs, nes, smoked, o/t fresh or frozen, w/n cooked, whether in shell or not",0309902100,"Flours, meals and pellets of molluscs, smoked, fit for human consumption",False,same chapter,many to many,conc-10-stats-2022.xlsx,2026-09-07
0307910000,"Molluscs, nes, live, fresh or chilled",0309902900,"Flours, meals and pellets of molluscs, o/t smoked, fit for human consumption",False,same chapter,many to many,conc-10-stats-2022.xlsx,2026-09-07
0307929000,"Molluscs, nes, frozen, other than smoked, whether in shell or not",0309902900,"Flours, meals and pellets of molluscs, o/t smoked, fit for human consumption",False,same chapter,many to many,conc-10-stats-2022.xlsx,2026-09-07
0307999000,"Molluscs, nes, dried, salted or in brine, whether in shell or not",0309902900,"Flours, meals and pellets of molluscs, o/t smoked, fit for human consumption",False,same chapter,many to many,conc-10-stats-2022.xlsx,2026-09-07
0308901000,"Other smoked aquatic invertebrates, nes",0309909100,"Flours,meals & pellets of other aquatic invert,smoked, fit for human consumption",False,same chapter,split,conc-10-stats-2022.xlsx,2026-09-07
0308909000,"O aqua invert,nes,live/fr/chd/frz/dr/sa/brine; flour,meal,pellets,of aqua invert",0309909900,"Flours,meals & pellets of other aquatic invert, nes, fit for human consumption",False,same chapter,split,conc-10-stats-2022.xlsx,2026-09-07
1901903990,"Food prep,nes,of goods of Nos 04.01 to 04.04, >10% <50% of dry milk solids",0403201000,"Yogourt, cont chocolate, spices, coffee,cereals ,etc,no milk replacements,pufrs",False,different chapter,many to many,conc-10-stats-2022.xlsx,2026-09-07
1901904090,"Food preparations, of Nos 04.01 to 04.04, <=10% wt of dry milk solids",0403201000,"Yogourt, cont chocolate, spices, coffee,cereals ,etc,no milk replacements,pufrs",False,different chapter,many to many,conc-10-stats-2022.xlsx,2026-09-07
1901905900,"Food preparations, nes, of Nos 04.01 to 04.04, >= 50% of dry milk solids",0403201000,"Yogourt, cont chocolate, spices, coffee,cereals ,etc,no milk replacements,pufrs",False,different chapter,many to many,conc-10-stats-2022.xlsx,2026-09-07
1901903390,"Food prep,nes,o/t ret,of Nos 04.01 to 04.04, >10%<50% wt of dry milk solids, w/a",0403202100,"Yogourt,cont chocolate, spices,coffee,cereals,etc,no milk rplcmt,w/a, o/t pufrs",False,different chapter,many to many,conc-10-stats-2022.xlsx,2026-09-07
1901905300,"Food preparations,nes,o/t ret,of Nos 04.01 to 04.04,>=50% of dry milk solids,w/a",0403202100,"Yogourt,cont chocolate, spices,coffee,cereals,etc,no milk rplcmt,w/a, o/t pufrs",False,different chapter,many to many,conc-10-stats-2022.xlsx,2026-09-07
0403101010,"Yogourt,concentrated or n,sweetened or n,flav or cont fruit/cocoa,w/a,cert orgn",0403202910,"Yogourt, within access commitment, nes, certified organic",False,same heading,one to one,conc-10-stats-2022.xlsx,2026-09-07
0403101020,"Yogourt,concentrated or n,sweetened or n,flav/cont fruit/cocoa,w/a,not cert orgn",0403202920,"Yogourt, within access commitment, nes, not certified organic",False,same heading,one to one,conc-10-stats-2022.xlsx,2026-09-07
1901903490,"Food prep,nes,o/t ret,of Nos 04.01 to 04.04, >10% <50% wt of dry milk solids,o/a",0403203100,"Yogourt,cont chocolate, spices,coffee,cereals,etc,no milk rplcmt,o/a, o/t pufrs",False,different chapter,many to many,conc-10-stats-2022.xlsx,2026-09-07
1901905400,"Food preparations,nes,o/t ret,of Nos 04.01 to 04.04,>=50% of dry milk solids,o/a",0403203100,"Yogourt,cont chocolate, spices,coffee,cereals,etc,no milk rplcmt,o/a, o/t pufrs",False,different chapter,many to many,conc-10-stats-2022.xlsx,2026-09-07
0403102010,"Yogourt,concentrated or not,sweet or not,flav or cont fruit/cocoa,o/a, cert orgn",0403203910,"Yogourt, over access commitment, nes, certified organic",False,same heading,one to one,conc-10-stats-2022.xlsx,2026-09-07
0403102020,"Yogourt,concentrated/not,sweetened/not, flav/cont fruit/cocoa,o/a,not cert orgn",0403203920,"Yogourt, over access commitment, nes, not certified organic",False,same heading,one to one,conc-10-stats-2022.xlsx,2026-09-07
0208900090,"Other meat and edible meat offal, fresh, chilled or frozen, nes",0410101000,"Non-living insects, whether fresh, chilled or frozen",False,different chapter,split,conc-10-stats-2022.xlsx,2026-09-07
0410000000,"Edible products of animal origin, nes",0410109000,"Insects, o/t fresh, chilled or frozen, not elsewhere specified or included",False,same heading,split,conc-10-stats-2022.xlsx,2026-09-07
0410000000,"Edible products of animal origin, nes",0410900000,"Edible products, of animal origin, nes or included",False,same heading,split,conc-10-stats-2022.xlsx,2026-09-07
0704101100,"Cauliflowers & headed broccoli,fr/chd,period spec by President,pack <= 2.27 kg",0704101100,"Cauliflowers,hd broccoli,fr/chd,imported period spec PSEP/CBSA,pack wt <=2.27kg",True,same code,one to one,conc-10-stats-2022.xlsx,2026-09-07
0704101200,"Cauliflowers & headed broccoli, fr/chd,period spec by President,pack > 2.27 kg",0704101200,"Cauliflowers,hd broccoli,fr/chd,imp period spec PSEP/CBSA,bulk/pack wt >2.27kg",True,same code,one to one,conc-10-stats-2022.xlsx,2026-09-07
0704901000,"Broccoli, nes, for processing, fresh or chilled",0704102000,"Broccoli, nes, for processing, fresh or chilled",False,same heading,one to one,conc-10-stats-2022.xlsx,2026-09-07
0704902100,"Broccoli, nes, fresh/chilled, imported during period specified by CBSA President",0704103100,"Broccoli, nes, fresh/chilled, imported period specified by PSEP/CBSA President",False,same heading,one to one,conc-10-stats-2022.xlsx,2026-09-07
0704109010,"Cauliflowers and headed broccoli, fresh or chilled, nes, certified organic",0704103910,"Broccoli, nes, fresh or chilled, certified organic",False,same subheading,many to many,conc-10-stats-2022.xlsx,2026-09-07
0704902910,"Broccoli, nes, fresh or chilled, certified organic",0704103910,"Broccoli, nes, fresh or chilled, certified organic",False,same heading,merge,conc-10-stats-2022.xlsx,2026-09-07
0704109020,"Cauliflowers and headed broccoli, fresh or chilled, nes, not certified organic",0704103920,"Broccoli, nes, fresh or chilled, not certified organic",False,same subheading,many to many,conc-10-stats-2022.xlsx,2026-09-07
0704902920,"Broccoli, nes, fresh or chilled, not certified organic",0704103920,"Broccoli, nes, fresh or chilled, not certified organic",False,same heading,merge,conc-10-stats-2022.xlsx,2026-09-07
0704109010,"Cauliflowers and headed broccoli, fresh or chilled, nes, certified organic",0704109030,"Cauliflowers, nes, fresh or chilled, nes, certified organic",False,same subheading,split,conc-10-stats-2022.xlsx,2026-09-07
0704109020,"Cauliflowers and headed broccoli, fresh or chilled, nes, not certified organic",0704109040,"Cauliflowers, nes, fresh or chilled, nes, not certified organic",False,same subheading,split,conc-10-stats-2022.xlsx,2026-09-07
0709591000,"Mushrooms, o/t Agaricus, for processing, fresh or chilled, nes",0709521000,"Mushrooms, of the genus Boletus, fresh or chilled, for processing",False,same heading,split,conc-10-stats-2022.xlsx,2026-09-07
0709599000,"Mushrooms, o/t Agaricus, o/t for processing, fresh or chilled, nes",0709529000,"Mushrooms, of the genus Boletus, fresh or chilled, o/t for processing",False,same heading,split,conc-10-stats-2022.xlsx,2026-09-07
0709591000,"Mushrooms, o/t Agaricus, for processing, fresh or chilled, nes",0709531000,"Mushrooms, of the genus Cantharellus, fresh or chilled, for processing",False,same heading,split,conc-10-stats-2022.xlsx,2026-09-07
0709599000,"Mushrooms, o/t Agaricus, o/t for processing, fresh or chilled, nes",0709539000,"Mushrooms, of the genus Cantharellus, fresh or chilled, o/t for processing",False,same heading,split,conc-10-stats-2022.xlsx,2026-09-07
0709591000,"Mushrooms, o/t Agaricus, for processing, fresh or chilled, nes",0709541000,"Shiitake (Lentinus edodes), fresh or chilled, for processing",False,same heading,split,conc-10-stats-2022.xlsx,2026-09-07
0709599000,"Mushrooms, o/t Agaricus, o/t for processing, fresh or chilled, nes",0709549000,"Shiitake (Lentinus edodes), fresh or chilled, o/t for processing",False,same heading,split,conc-10-stats-2022.xlsx,2026-09-07
0709591000,"Mushrooms, o/t Agaricus, for processing, fresh or chilled, nes",0709551000,"Matsutake, fresh or chilled, for processing",False,same heading,split,conc-10-stats-2022.xlsx,2026-09-07
0709599000,"Mushrooms, o/t Agaricus, o/t for processing, fresh or chilled, nes",0709559000,"Matsutake, fresh or chilled, o/t for processing",False,same heading,split,conc-10-stats-2022.xlsx,2026-09-07
0709592000,"Truffles, fresh or chilled",0709560000,"Truffles (Tuber spp.), fresh or chilled",False,same heading,one to one,conc-10-stats-2022.xlsx,2026-09-07
0709591000,"Mushrooms, o/t Agaricus, for processing, fresh or chilled, nes",0709591000,"Mushrooms, fresh or chilled, nes, for processing",True,same code,split,conc-10-stats-2022.xlsx,2026-09-07
0709599000,"Mushrooms, o/t Agaricus, o/t for processing, fresh or chilled, nes",0709599000,"Mushrooms, fresh or chilled, nes, o/t for processing",True,same code,split,conc-10-stats-2022.xlsx,2026-09-07
0712391100,"Mushrooms, Porcini or Shiitake, dr,cut,sliced,etc,n furth prep,for mfr food prod",0712341000,"Shiitake (Lentinus edodes),dried,cut,sliced,etc,n furth prep,for mfr food prod",False,same heading,split,conc-10-stats-2022.xlsx,2026-09-07
0712391900,"Mushrooms, nes, dried, cut, sliced, etc, but not further prepared",0712349000,"Shiitake (Lentinus edodes),dried,cut,sliced,broken,in pdr,not further prep,nes",False,same heading,split,conc-10-stats-2022.xlsx,2026-09-07
0712391100,"Mushrooms, Porcini or Shiitake, dr,cut,sliced,etc,n furth prep,for mfr food prod",0712391100,"Porcini (Boletus Edulis),dr,cut,sliced,etc,n furth prep,for mfr food prod",True,same code,split,conc-10-stats-2022.xlsx,2026-09-07
0712391900,"Mushrooms, nes, dried, cut, sliced, etc, but not further prepared",0712391900,"Mushrooms,truffles, o/t Porcini,nes,dr,cut,sliced,etc,n furth prep,mfr food prod",True,same code,split,conc-10-stats-2022.xlsx,2026-09-07
0802900090,"Nuts, edible, nes, fresh or dried, whether or not shelled or peeled",0802910000,"Pine nuts, in shell, fresh or dried",False,same heading,split,conc-10-stats-2022.xlsx,2026-09-07
0802900090,"Nuts, edible, nes, fresh or dried, whether or not shelled or peeled",0802920000,"Pine nuts, shelled or peeled, fresh or dried",False,same heading,split,conc-10-stats-2022.xlsx,2026-09-07
0802900011,"Pecans, in shell",0802990011,"Pecans, in shell",False,same heading,one to one,conc-10-stats-2022.xlsx,2026-09-07
0802900012,"Pecans, shelled",0802990012,"Pecans, shelled",False,same heading,one to one,conc-10-stats-2022.xlsx,2026-09-07
0802900090,"Nuts, edible, nes, fresh or dried, whether or not shelled or peeled",0802990090,"Nuts, edible, nes, fresh or dried, whether or not shelled or peeled",False,same heading,split,conc-10-stats-2022.xlsx,2026-09-07
2008112000,"Peanuts, blanched",1202421000,"Peanuts, blanched",False,different chapter,one to one,conc-10-stats-2022.xlsx,2026-09-07
1202420000,"Ground-nuts, o/t for sowing, shelled, w/n broken,not roasted or otherwise cooked",1202429000,"Ground-nuts, o/t for sowing,shelled,w/n broken,not roasted/otherwise cooked,nes",False,same subheading,one to one,conc-10-stats-2022.xlsx,2026-09-07
1211901010,"Herbal tea,of plants & pts of plants,in bags,nes,for indiv servings,cert organic",1211601000,"Bark of African cherry (Prunus africana), herbal tea in bags for indiv servings",False,same heading,many to many,conc-10-stats-2022.xlsx,2026-09-07
1211901020,"Herbal tea,of plants & pts of plants,in bags,nes,for indiv serv,not cert organic",1211601000,"Bark of African cherry (Prunus africana), herbal tea in bags for indiv servings",False,same heading,many to many,conc-10-stats-2022.xlsx,2026-09-07
1211909010,"Bark, of a kind used primarily in pharmacy, fresh/chilled/frozen/dried",1211609000,"Bark of African cherry,for perfumery/pharm/insect/fung/sim,fr/chd/frz/dr,nes",False,same heading,many to many,conc-10-stats-2022.xlsx,2026-09-07
1211909090,"Plants and parts of plants,nes,for perfumery/pharm/insect/fung/sim,fr/chd/frz/dr",1211609000,"Bark of African cherry,for perfumery/pharm/insect/fung/sim,fr/chd/frz/dr,nes",False,same heading,many to many,conc-10-stats-2022.xlsx,2026-09-07
1211901010,"Herbal tea,of plants & pts of plants,in bags,nes,for indiv servings,cert organic",1211901010,"Herbal tea,of plants & pts of plants,in bags,nes,for indiv servings,cert organic",True,same code,split,conc-10-stats-2022.xlsx,2026-09-07
1211901020,"Herbal tea,of plants & pts of plants,in bags,nes,for indiv serv,not cert organic",1211901020,"Herbal tea,of plants & pts of plants,in bags,nes,for indiv serv,not cert organic",True,same code,split,conc-10-stats-2022.xlsx,2026-09-07
1211909010,"Bark, of a kind used primarily in pharmacy, fresh/chilled/frozen/dried",1211909010,"Bark, of a kind used primarily in pharmacy, fresh/chilled/frozen/dried",True,same code,split,conc-10-stats-2022.xlsx,2026-09-07
1211909090,"Plants and parts of plants,nes,for perfumery/pharm/insect/fung/sim,fr/chd/frz/dr",1211909090,"Plants and parts of plants,nes,for perfumery/pharm/insect/fung/sim,fr/chd/frz/dr",True,same code,split,conc-10-stats-2022.xlsx,2026-09-07
1509100011,"Olive oil, virgin, in container sizes of less than 18 kg, certified organic",1509200011,"Olive oil,extra virgin & fract,w/n ref'd,not chem mod, cnt < 18 kg, cert organic",False,same heading,split,conc-10-stats-2022.xlsx,2026-09-07
1509100012,"Olive oil, virgin, in container sizes of less than 18 kg, not certified organic",1509200012,"Olive oil,extra virgin & fract,w/n ref'd,not chem mod,cnt < 18 kg, not cert orgn",False,same heading,split,conc-10-stats-2022.xlsx,2026-09-07
1509100020,"Olive oil, virgin, in container sizes of 18 kg or more",1509200020,"Olive oil,extra virgin and fract, w/n refined, not chem mod, containers >= 18 kg",False,same heading,split,conc-10-stats-2022.xlsx,2026-09-07
1509100011,"Olive oil, virgin, in container sizes of less than 18 kg, certified organic",1509300011,"Olive oil,virgin and fractions,w/n refined,not chem mod,cnt < 18 kg,cert organic",False,same heading,split,conc-10-stats-2022.xlsx,2026-09-07
1509100012,"Olive oil, virgin, in container sizes of less than 18 kg, not certified organic",1509300012,"Olive oil, virgin and fract,w/n ref'd,not chem mod, cnt < 18 kg,not cert organic",False,same heading,split,conc-10-stats-2022.xlsx,2026-09-07
1509100020,"Olive oil, virgin, in container sizes of 18 kg or more",1509300020,"Olive oil,virgin and fractions,w/n ref'd,not chem mod,containers capacity >=18kg",False,same heading,split,conc-10-stats-2022.xlsx,2026-09-07
1509100011,"Olive oil, virgin, in container sizes of less than 18 kg, certified organic",1509400000,"Olive oil, virgin and its fractions,nes,w/n refined, but not chemically modified",False,same heading,many to many,conc-10-stats-2022.xlsx,2026-09-07
1509100012,"Olive oil, virgin, in container sizes of less than 18 kg, not certified organic",1509400000,"Olive oil, virgin and its fractions,nes,w/n refined, but not chemically modified",False,same heading,many to many,conc-10-stats-2022.xlsx,2026-09-07
1509100020,"Olive oil, virgin, in container sizes of 18 kg or more",1509400000,"Olive oil, virgin and its fractions,nes,w/n refined, but not chemically modified",False,same heading,many to many,conc-10-stats-2022.xlsx,2026-09-07
1510000000,"Olive oil and its fract, nes, w/n ref'd, not chem mod,incl blends",1510100000,"Crude olive pomace oil & fract, obt from olives,w/n ref'd,n chem mod,incl blends",False,same heading,split,conc-10-stats-2022.xlsx,2026-09-07
1510000000,"Olive oil and its fract, nes, w/n ref'd, not chem mod,incl blends",1510900000,"Oils and their fract,obt from olives,w/n ref'd but not chem mod,incl blends, nes",False,same heading,split,conc-10-stats-2022.xlsx,2026-09-07
1515900090,"Fixed vegetable fats,oils,their fractions,nes,w/n refined,n chemically modified",1515600000,"Microbial fats and oils and their fractions,w/n refined, not chemically modified",False,same heading,split,conc-10-stats-2022.xlsx,2026-09-07
1515900090,"Fixed vegetable fats,oils,their fractions,nes,w/n refined,n chemically modified",1515900090,"Fixed vegetable fats & oils & their fractions,w/n refined,not chemically mod,nes",True,same code,split,conc-10-stats-2022.xlsx,2026-09-07
1516200090,"Veg fats,oils & fractions,nes,hydrog,inter/re-esterified,etc,not further prep",1516200090,"Veg fats & oil,fract hydrog,inter/re-esterified,etc,w/n ref'd,n furth prepr,nes",True,same code,split,conc-10-stats-2022.xlsx,2026-09-07
1516200090,"Veg fats,oils & fractions,nes,hydrog,inter/re-esterified,etc,not further prep",1516300000,"Microbial fats & oils & fractions,hydrog,elaidinized,etc,w/n ref'd,n furth prepr",False,same heading,split,conc-10-stats-2022.xlsx,2026-09-07
1704909090,"Sugar, confectionery, nes, including white chocolate, not containing cocoa",1704909090,"Sugar, confectionery, nes, including white chocolate, not containing cocoa",True,same code,split,conc-10-stats-2022.xlsx,2026-09-07
1901903390,"Food prep,nes,o/t ret,of Nos 04.01 to 04.04, >10%<50% wt of dry milk solids, w/a",1901903390,"Food prep,nes,o/t ret,of Nos 04.01 to 04.04, >10%<50% wt of dry milk solids, w/a",True,same code,split,conc-10-stats-2022.xlsx,2026-09-07
1901903490,"Food prep,nes,o/t ret,of Nos 04.01 to 04.04, >10% <50% wt of dry milk solids,o/a",1901903490,"Food prep,nes,o/t ret,of Nos 04.01 to 04.04, >10%<50% wt of dry milk solids, o/a",True,same code,split,conc-10-stats-2022.xlsx,2026-09-07
1901903990,"Food prep,nes,of goods of Nos 04.01 to 04.04, >10% <50% of dry milk solids",1901903990,"Food prep, goods of Nos 04.01 to 04.04,cont > 10 % < 50 % wt dry milk solids,nes",True,same code,split,conc-10-stats-2022.xlsx,2026-09-07
1901904090,"Food preparations, of Nos 04.01 to 04.04, <=10% wt of dry milk solids",1901904090,"Food preparations, of Nos 04.01 to 04.04,containing <=10% wt dry milk solids,nes",True,same code,split,conc-10-stats-2022.xlsx,2026-09-07
1901905300,"Food preparations,nes,o/t ret,of Nos 04.01 to 04.04,>=50% of dry milk solids,w/a",1901905300,"Food prep,nes,o/t ret,of Nos 04.01 to 04.04,cont >=50% wt of dry milk solids,w/a",True,same code,split,conc-10-stats-2022.xlsx,2026-09-07
1901905400,"Food preparations,nes,o/t ret,of Nos 04.01 to 04.04,>=50% of dry milk solids,o/a",1901905400,"Food prep,nes,o/t ret,of Nos 04.01 to 04.04,cont >=50% wt of dry milk solids,o/a",True,same code,split,conc-10-stats-2022.xlsx,2026-09-07
1901905900,"Food preparations, nes, of Nos 04.01 to 04.04, >= 50% of dry milk solids",1901905900,"Food preparations, nes, of Nos 04.01 to 04.04, cont >= 50% wt of dry milk solids",True,same code,split,conc-10-stats-2022.xlsx,2026-09-07
2106902100,"Syrups from cane/beet,w colouring matter,dry,>=90% by wt of sugar,no flavouring",2106902100,"Syrups from cane/beet,w colouring matter,dry,>=90 % by wt of sugar,no flavouring",True,same code,split,conc-10-stats-2022.xlsx,2026-09-07
2106902910,"Food concentrates and fruit syrups,nes,used in beverages/other food preparations",2106902910,"Food concentrates and fruit syrups,nes,used in beverages/other food preparations",True,same code,split,conc-10-stats-2022.xlsx,2026-09-07
2106902990,"Syrups from cane/beet, nes, with colouring matter",2106902990,"Syrups from cane or beet sugar, food concentrates and fruit syrups, nes",True,same code,split,conc-10-stats-2022.xlsx,2026-09-07
2106909999,"Food preparations, nes",2106909999,"Food preparations, nes",True,same code,split,conc-10-stats-2022.xlsx,2026-09-07
2202999090,"Waters and non-alcoholic beverages,nes,o/t fruit or vegetable juices of No 20.09",2202999090,"Waters & non-alcoholic beverages,o/t fruit/nut/vegetable juices of No 20.09, nes",True,same code,split,conc-10-stats-2022.xlsx,2026-09-07
2403919010,"Homogenized or reconstituted tobacco, nes, packaged",2403919010,"Homogenized or reconstituted tobacco, nes, packaged",True,same code,split,conc-10-stats-2022.xlsx,2026-09-07
2403919020,"Homogenized or reconstituted tobacco, nes, not packaged",2403919020,"Homogenized or reconstituted tobacco, nes, not packaged",True,same code,split,conc-10-stats-2022.xlsx,2026-09-07
2403919010,"Homogenized or reconstituted tobacco, nes, packaged",2404110000,"Products cont tobacco/reconstituted tobacco,intended f inhalation w/o combustion",False,same chapter,many to many,conc-10-stats-2022.xlsx,2026-09-07
2403919020,"Homogenized or reconstituted tobacco, nes, not packaged",2404110000,"Products cont tobacco/reconstituted tobacco,intended f inhalation w/o combustion",False,same chapter,many to many,conc-10-stats-2022.xlsx,2026-09-07
3824990021,"Mixtures used in vaping devices,including e-cigarettes & atomizers,cont nicotine",2404120000,"Products containing nicotine,intended for inhalation w/o combustion",False,different chapter,one to one,conc-10-stats-2022.xlsx,2026-09-07
3824990029,"Mixtures used in vaping devices,incl e-cigarettes & atomizers,not cont nicotine",2404190000,"Products cont tobacco/nicotine substitues,intended for inhalation w/o combustion",False,different chapter,one to one,conc-10-stats-2022.xlsx,2026-09-07
2106901010,"Chewing gum, containing 2 mg or more of nicotine",2404910010,"Chewing gum, containing 2 mg or more of nicotine",False,different chapter,one to one,conc-10-stats-2022.xlsx,2026-09-07
3824990090,"Chemical products and preparations of the chemical or allied industries, nes",2404910090,"Products containing nicotine, oral application, for intake into human body, nes",False,different chapter,split,conc-10-stats-2022.xlsx,2026-09-07
3824990010,Fatty substances of animal or vegetable origin and mixtures thereof,2404920000,"Products cont nicotine, nes, transdermal application, for intake into human body",False,different chapter,many to many,conc-10-stats-2022.xlsx,2026-09-07
3824990090,"Chemical products and preparations of the chemical or allied industries, nes",2404920000,"Products cont nicotine, nes, transdermal application, for intake into human body",False,different chapter,many to many,conc-10-stats-2022.xlsx,2026-09-07
3824990010,Fatty substances of animal or vegetable origin and mixtures thereof,2404990000,"Products cont nicotine,intended f the intake of nicotine into the human body,nes",False,different chapter,many to many,conc-10-stats-2022.xlsx,2026-09-07
3824990090,"Chemical products and preparations of the chemical or allied industries, nes",2404990000,"Products cont nicotine,intended f the intake of nicotine into the human body,nes",False,different chapter,many to many,conc-10-stats-2022.xlsx,2026-09-07
2710129099,"Light oils and preparations, nes",2710129094,"Light oils and preparations, natural gasoline derived wholly from natural gas",False,same subheading,split,conc-10-stats-2022-1.xlsx,2026-09-07
2710129099,"Light oils and preparations, nes",2710129099,"Light oils and prep,o/t alkylenes/lubricating oils put up pack f retail sale,nes",True,same code,split,conc-10-stats-2022-1.xlsx,2026-09-07
2710199921,"Diesel fuel, for internal combustion engines, cont by weight <= 0.05% of sulphur",2710199923,"Diesel fuel blended w HDRD,fuel oil Nos. 2 & 3,cont >= 70% pet/bituminous min",False,same subheading,many to many,conc-10-stats-2022-1.xlsx,2026-09-07
2710199922,"Diesel fuel, for internal combustion engines, cont by weight > 0.05% of sulphur",2710199923,"Diesel fuel blended w HDRD,fuel oil Nos. 2 & 3,cont >= 70% pet/bituminous min",False,same subheading,many to many,conc-10-stats-2022-1.xlsx,2026-09-07
2710199929,"Fuel oils Nos 2 and 3, nes",2710199923,"Diesel fuel blended w HDRD,fuel oil Nos. 2 & 3,cont >= 70% pet/bituminous min",False,same subheading,many to many,conc-10-stats-2022-1.xlsx,2026-09-07
2710199921,"Diesel fuel, for internal combustion engines, cont by weight <= 0.05% of sulphur",2710199924,"Diesel fuel, for internal combustion engines, cont by weight <= 0.05% of sulphur",False,same subheading,split,conc-10-stats-2022-1.xlsx,2026-09-07
2710199922,"Diesel fuel, for internal combustion engines, cont by weight > 0.05% of sulphur",2710199925,"Diesel fuel, for internal combustion engines, cont by weight > 0.05% of sulphur",False,same subheading,split,conc-10-stats-2022-1.xlsx,2026-09-07
2710199929,"Fuel oils Nos 2 and 3, nes",2710199929,"Fuel oils Nos. 2 & 3,cont >= 70% pet/bituminous minerals,o/t biodiesel/waste,nes",True,same code,split,conc-10-stats-2022-1.xlsx,2026-09-07
2710199992,"Motor fuel blending stock, nes",2710199993,"Hydrogenation-derived renewable diesel,nes,cont >=70% pet/bituminous min/sim oil",False,same subheading,many to many,conc-10-stats-2022-1.xlsx,2026-09-07
2710199999,"Oils & preparations,cont >=70% petroleum/bitu minerals,o/t biodiesel/waste,nes",2710199993,"Hydrogenation-derived renewable diesel,nes,cont >=70% pet/bituminous min/sim oil",False,same subheading,many to many,conc-10-stats-2022-1.xlsx,2026-09-07
2710199991,"Petrochemical feed stocks, o/t gases, nes",2710199994,"Petrochemical feed stocks, o/t gases, nes",False,same subheading,one to one,conc-10-stats-2022-1.xlsx,2026-09-07
2710199992,"Motor fuel blending stock, nes",2710199995,"Motor fuel blending stock, nes",False,same subheading,split,conc-10-stats-2022-1.xlsx,2026-09-07
2710199999,"Oils & preparations,cont >=70% petroleum/bitu minerals,o/t biodiesel/waste,nes",2710199999,"Oils &preparations,cont >=70% petroleum/bitu min/sim oil,o/t biodiesel/waste,nes",True,same code,split,conc-10-stats-2022-1.xlsx,2026-09-07
2711121000,"Propane, liquefied, in containers ready for use",2711121010,"Propane, liquefied, ctnr ready for use,w minimum purity 90 liquid volume percent",False,same subheading,split,conc-10-stats-2022-1.xlsx,2026-09-07
2711121000,"Propane, liquefied, in containers ready for use",2711121090,"Propane,liquefied,ctnr ready f use,o/t w minimum purity 90 liquid volume percent",False,same subheading,split,conc-10-stats-2022-1.xlsx,2026-09-07
2711129000,"Propane, liquefied, o/t in containers ready for use",2711129010,"Propane, liquefied,o/t ctnr ready for use,w minimum purity 90 liquid vol percent",False,same subheading,split,conc-10-stats-2022-1.xlsx,2026-09-07
2711129000,"Propane, liquefied, o/t in containers ready for use",2711129090,"Propane, liquefied, o/t in containers ready for use, nes",False,same subheading,split,conc-10-stats-2022-1.xlsx,2026-09-07
2844400010,"Radioactive elements & isotopes & compounds, etc, nes",2844410000,"Elements, compounds cont tritium; alloys,dispersions,ceramic products & mixtures",False,same heading,many to many,conc-10-stats-2022.xlsx,2026-09-07
2844400090,"Alloys, dis, ceramic prod, & mx cont radioact elements,etc,nes;radioact residues",2844410000,"Elements, compounds cont tritium; alloys,dispersions,ceramic products & mixtures",False,same heading,many to many,conc-10-stats-2022.xlsx,2026-09-07
2844400010,"Radioactive elements & isotopes & compounds, etc, nes",2844420000,"Elements,compounds cont actinium-225,etc; alloys,dispersions,ceramic prod & mixt",False,same heading,many to many,conc-10-stats-2022.xlsx,2026-09-07
2844400090,"Alloys, dis, ceramic prod, & mx cont radioact elements,etc,nes;radioact residues",2844420000,"Elements,compounds cont actinium-225,etc; alloys,dispersions,ceramic prod & mixt",False,same heading,many to many,conc-10-stats-2022.xlsx,2026-09-07
2844400010,"Radioactive elements & isotopes & compounds, etc, nes",2844430000,"Radioactive elements,isotopes & compounds,nes; o alloys,dspr,ceramic prod & mixt",False,same heading,many to many,conc-10-stats-2022.xlsx,2026-09-07
2844400090,"Alloys, dis, ceramic prod, & mx cont radioact elements,etc,nes;radioact residues",2844430000,"Radioactive elements,isotopes & compounds,nes; o alloys,dspr,ceramic prod & mixt",False,same heading,many to many,conc-10-stats-2022.xlsx,2026-09-07
2844400010,"Radioactive elements & isotopes & compounds, etc, nes",2844440000,Radioactive residues,False,same heading,many to many,conc-10-stats-2022.xlsx,2026-09-07
2844400090,"Alloys, dis, ceramic prod, & mx cont radioact elements,etc,nes;radioact residues",2844440000,Radioactive residues,False,same heading,many to many,conc-10-stats-2022.xlsx,2026-09-07
2845900000,"Isotopes, nes, and their compounds",2845200000,"Isotopes, boron enriched in boron-10 & compd, inorgn/orgn,w/n chemically defined",False,same heading,split,conc-10-stats-2022.xlsx,2026-09-07
2845900000,"Isotopes, nes, and their compounds",2845300000,"Isotopes,lithium enriched in lithium-6 & compd,inorgn/orgn,w/n chemically define",False,same heading,split,conc-10-stats-2022.xlsx,2026-09-07
2845900000,"Isotopes, nes, and their compounds",2845400000,"Isotopes, helium-3, inorganic/organic, w/n chemically defined",False,same heading,split,conc-10-stats-2022.xlsx,2026-09-07
2845900000,"Isotopes, nes, and their compounds",2845900000,"Isotopes and their compounds, inorganic/organic, w/n chemically defined, nes",True,same code,split,conc-10-stats-2022.xlsx,2026-09-07
2903390029,"Fluorinated hydrocarbons, nes",2903410000,Trifluoromethane (HFC-23),False,same heading,split,conc-10-stats-2022.xlsx,2026-09-07
2903390029,"Fluorinated hydrocarbons, nes",2903420000,Difluoromethane (HFC-32),False,same heading,split,conc-10-stats-2022.xlsx,2026-09-07
2903390029,"Fluorinated hydrocarbons, nes",2903430000,"Fluoromethane(HFC-41),1,2-difluoroethane(HFC-152) & 1,1-difluoroethane(HFC-152a)",False,same heading,split,conc-10-stats-2022.xlsx,2026-09-07
2903390029,"Fluorinated hydrocarbons, nes",2903440000,"Pentafluoroethane(HFC-125),1,1,1-trifluoroethane(HFC-143a) ,etc",False,same heading,split,conc-10-stats-2022.xlsx,2026-09-07
2903390022,"1,1,1,2-Tetrafluoroethane",2903450000,"1,1,1,2-Tetrafluoroethane (HFC-134a) and 1,1,2,2- tetrafluoroethane (HFC-134)",False,same heading,one to one,conc-10-stats-2022.xlsx,2026-09-07
2903390029,"Fluorinated hydrocarbons, nes",2903460000,"1,1,1,2,3,3,3-Heptafluoropropane (HFC-227ea), etc",False,same heading,split,conc-10-stats-2022.xlsx,2026-09-07
2903390029,"Fluorinated hydrocarbons, nes",2903470000,"1,1,1,3,3-Pentafluoropropane(HFC-245fa)&1,1,2,2,3- pentafluoropropane(HFC-245ca)",False,same heading,split,conc-10-stats-2022.xlsx,2026-09-07
2903390029,"Fluorinated hydrocarbons, nes",2903480000,"1,1,1,3,3-Pentafluorobutane(HFC-365mfc) & 1,1,1,2,2,3,4,5,5,5-decafluoropentane",False,same heading,split,conc-10-stats-2022.xlsx,2026-09-07
2903390029,"Fluorinated hydrocarbons, nes",2903490000,"Saturated fluorinated derivatives of acyclic hydrocarbons, halogenated, nes",False,same heading,split,conc-10-stats-2022.xlsx,2026-09-07
2903390029,"Fluorinated hydrocarbons, nes",2903510000,"2,3,3,3-Tetrafluoropropene (HFO-1234yf), etc",False,same heading,split,conc-10-stats-2022.xlsx,2026-09-07
2903390029,"Fluorinated hydrocarbons, nes",2903590000,"Unsaturated fluorinated derivatives of acyclic hydrocarbons, halogenated, nes",False,same heading,split,conc-10-stats-2022.xlsx,2026-09-07
2903390090,"Fluorinated,brominated or iodinated derivatives of acyclic hydrocarbons, nes",2903610000,Methyl bromide (bromomethane),False,same heading,split,conc-10-stats-2022.xlsx,2026-09-07
2903310000,"Ethylene dibromide (ISO) (1,2-dibromoethane)",2903620000,"Ethylene dibromide (ISO) (1,2-dibromoethane)",False,same heading,one to one,conc-10-stats-2022.xlsx,2026-09-07
2903390090,"Fluorinated,brominated or iodinated derivatives of acyclic hydrocarbons, nes",2903690000,"Brominated or iodinated derivatives of acyclic hydrocarbons halogenated, nes",False,same heading,split,conc-10-stats-2022.xlsx,2026-09-07
2909600000,"Alcohol peroxides, ether peroxides, ketone peroxides and their derivatives",2909600000,"Alcohol peroxides,ether peroxides, acetal and hemiacetal peroxides,etc and deriv",True,same code,merge,conc-10-stats-2022.xlsx,2026-09-07
2911000000,"Acetals and hemiacetals and their haloge, sulpho, nitr or nitro derivatives",2909600000,"Alcohol peroxides,ether peroxides, acetal and hemiacetal peroxides,etc and deriv",False,same chapter,many to many,conc-10-stats-2022.xlsx,2026-09-07
2911000000,"Acetals and hemiacetals and their haloge, sulpho, nitr or nitro derivatives",2911000000,"Acetals and hemiacetals, w/n with other oxygen function, and their derivatives",True,same code,split,conc-10-stats-2022.xlsx,2026-09-07
2930900090,"Organo-sulphur compounds, nes",2930100000,"Organo-sulphur compounds of - 2-(N,N-Dimethylamino) ethanethiol",False,same heading,split,conc-10-stats-2022.xlsx,2026-09-07
2930900090,"Organo-sulphur compounds, nes",2930900090,"Organo-sulphur compounds, nes",True,same code,split,conc-10-stats-2022.xlsx,2026-09-07
2931310000,Dimethyl methylphosphonate,2931410000,Dimethyl methylphosphonate,False,same heading,one to one,conc-10-stats-2022.xlsx,2026-09-07
2931320000,Dimethyl propylphosphonate,2931420000,Dimethyl propylphosphonate,False,same heading,one to one,conc-10-stats-2022.xlsx,2026-09-07
2931330000,Diethyl ethylphosphonate,2931430000,Diethyl ethylphosphonate,False,same heading,one to one,conc-10-stats-2022.xlsx,2026-09-07
2931390000,"Other organo-phosphorous derivatives, nes",2931440000,Methylphosphonic acid,False,same heading,split,conc-10-stats-2022.xlsx,2026-09-07
2931380000,Salt of methylphosphonic acid and (aminoiminomethyl)urea (1 : 1),2931450000,Salt of methylphosphonic acid and (aminoiminomethyl)urea (1 : 1),False,same heading,one to one,conc-10-stats-2022.xlsx,2026-09-07
2931350000,"2,4,6-Tripropyl-1,3,5,2,4,6-trioxatriphosphinane 2,4,6-trioxide",2931460000,"2,4,6-Tripropyl-1,3,5,2,4,6-trioxatriphosphinane 2,4,6-trioxide",False,same heading,one to one,conc-10-stats-2022.xlsx,2026-09-07
2931360000,"(5-Ethyl-2-methyl-2-oxido-1,3,2-dioxaphosphinan-5-yl)methyl methyl methylphosp",2931470000,"(5-Ethyl-2-methyl-2-oxido-1,3,2-dioxaphosphinan-5-yl) methyl methyl methylphosp",False,same heading,one to one,conc-10-stats-2022.xlsx,2026-09-07
2931390000,"Other organo-phosphorous derivatives, nes",2931480000,"3,9-Dimethyl-2,4,8,10-tetraoxa-3,9-diphosphaspiro[5.5] undecane 3,9-dioxide",False,same heading,split,conc-10-stats-2022.xlsx,2026-09-07
2931340000,Sodium 3-(trihydroxysilyl)propyl methylphosphonate,2931490000,"Non-halogenated organo-phosphorous derivatives, nes",False,same heading,merge,conc-10-stats-2022.xlsx,2026-09-07
2931370000,"Bis[(5-ethyl-2-methyl-2-oxido-1,3,2-dioxaphosphinan-5-yl)methyl] methylphosp",2931490000,"Non-halogenated organo-phosphorous derivatives, nes",False,same heading,merge,conc-10-stats-2022.xlsx,2026-09-07
2931390000,"Other organo-phosphorous derivatives, nes",2931490000,"Non-halogenated organo-phosphorous derivatives, nes",False,same heading,many to many,conc-10-stats-2022.xlsx,2026-09-07
2931390000,"Other organo-phosphorous derivatives, nes",2931510000,Methylphosphonic dichloride,False,same heading,split,conc-10-stats-2022.xlsx,2026-09-07
2931390000,"Other organo-phosphorous derivatives, nes",2931520000,Propylphosphonic dichloride,False,same heading,split,conc-10-stats-2022.xlsx,2026-09-07
2931390000,"Other organo-phosphorous derivatives, nes",2931530000,O-(3-chloropropyl) O-[4-nitro-3-(trifluoromethyl)phenyl] methylphosphonothionate,False,same heading,split,conc-10-stats-2022.xlsx,2026-09-07
2931390000,"Other organo-phosphorous derivatives, nes",2931540000,Trichlorfon (ISO),False,same heading,split,conc-10-stats-2022.xlsx,2026-09-07
2931390000,"Other organo-phosphorous derivatives, nes",2931590000,"Halogenated organo-phosphorous derivatives, nes",False,same heading,split,conc-10-stats-2022.xlsx,2026-09-07
2932990000,"Heterocyclic compounds with oxygen hetero-atom(s) only, nes",2932960000,Carbofuran (ISO),False,same heading,split,conc-10-stats-2022.xlsx,2026-09-07
2932990000,"Heterocyclic compounds with oxygen hetero-atom(s) only, nes",2932990000,"Heterocyclic compounds with oxygen hetero-atom(s) only, nes",True,same code,split,conc-10-stats-2022.xlsx,2026-09-07
2933330000,"Alfentanil,anileridine,bromazepam,fentanyl,phencyclidine (PCP),etc;salts thereof",2933330000,"Alfentanil,anileridine,bromazepam,fentanyl,phencyclidine (PCP),etc;salts thereof",True,same code,merge,conc-10-stats-2022.xlsx,2026-09-07
2933390090,"Heterocyclic compd,w nitr hetero-atoms,cont unfused pyridine ring in struct,nes",2933330000,"Alfentanil,anileridine,bromazepam,fentanyl,phencyclidine (PCP),etc;salts thereof",False,same heading,many to many,conc-10-stats-2022.xlsx,2026-09-07
2933390090,"Heterocyclic compd,w nitr hetero-atoms,cont unfused pyridine ring in struct,nes",2933340000,"Fentanyls and their derivatives, containing an unfused pyridine ring, nes",False,same heading,split,conc-10-stats-2022.xlsx,2026-09-07
2933390090,"Heterocyclic compd,w nitr hetero-atoms,cont unfused pyridine ring in struct,nes",2933350000,3-Quinuclidinol,False,same heading,split,conc-10-stats-2022.xlsx,2026-09-07
2933390090,"Heterocyclic compd,w nitr hetero-atoms,cont unfused pyridine ring in struct,nes",2933360000,4-Anilino-N-phenethylpiperidine (ANPP),False,same heading,split,conc-10-stats-2022.xlsx,2026-09-07
2933390090,"Heterocyclic compd,w nitr hetero-atoms,cont unfused pyridine ring in struct,nes",2933370000,N-Phenethyl-4-piperidone (NPP),False,same heading,split,conc-10-stats-2022.xlsx,2026-09-07
2933390090,"Heterocyclic compd,w nitr hetero-atoms,cont unfused pyridine ring in struct,nes",2933390090,"Heterocyclic compd,w nitr hetero-atoms,cont unfused pyridine ring in struct,nes",True,same code,split,conc-10-stats-2022.xlsx,2026-09-07
2934990090,"Nucleic acids & their salts, w/n chem defined,nes; o heterocyclic compounds, nes",2934920000,"Fentanyls, their derivatives and salts thereof, w/n chemically defined, nes",False,same heading,split,conc-10-stats-2022.xlsx,2026-09-07
2934990090,"Nucleic acids & their salts, w/n chem defined,nes; o heterocyclic compounds, nes",2934990090,"Nucleic acids & their salts, w/n chem defined,nes; o heterocyclic compounds, nes",True,same code,split,conc-10-stats-2022.xlsx,2026-09-07
2939710000,"Cocaine,ecgonine,levometamf,metamfet,metamfet racemate; salts,esters,o deriv t/o",2939450000,"Levometamfetamine, metamfetamine (INN), metamfetamine racemate and their salts",False,same heading,split,conc-10-stats-2022.xlsx,2026-09-07
2939490000,"Ephedrines and their salts, nes",2939490000,"Alkaloids,of ephedra and their derivatives, natural/reproduced by synthesis, nes",True,same code,merge,conc-10-stats-2022.xlsx,2026-09-07
2939710000,"Cocaine,ecgonine,levometamf,metamfet,metamfet racemate; salts,esters,o deriv t/o",2939490000,"Alkaloids,of ephedra and their derivatives, natural/reproduced by synthesis, nes",False,same heading,many to many,conc-10-stats-2022.xlsx,2026-09-07
2939790000,"Alkaloids, of veg origin, nes,nat/repro by synthesis,salts,ethers,esters,o deriv",2939490000,"Alkaloids,of ephedra and their derivatives, natural/reproduced by synthesis, nes",False,same heading,many to many,conc-10-stats-2022.xlsx,2026-09-07
2939710000,"Cocaine,ecgonine,levometamf,metamfet,metamfet racemate; salts,esters,o deriv t/o",2939720000,"Cocaine,ecgonine,nat/repro by synthesis,salts,esters & other derivatives thereof",False,same heading,split,conc-10-stats-2022.xlsx,2026-09-07
2939790000,"Alkaloids, of veg origin, nes,nat/repro by synthesis,salts,ethers,esters,o deriv",2939790000,"Alkaloids, of vegetal origin, nat/repro by synthesis,salts, esters & o deriv,nes",True,same code,split,conc-10-stats-2022.xlsx,2026-09-07
3002130000,"Immunological products, unmixed, not put up in measured doses/forms/packings frs",3002130000,"Immunological products, unmixed, not put up in measured doses/forms/packings frs",True,same code,split,conc-10-stats-2022.xlsx,2026-09-07
3002140000,"Immunological products,mixed,not put in measured doses/forms/packings f ret sale",3002140000,"Immunological products,mixed,not put in measured doses/forms/packings f ret sale",True,same code,split,conc-10-stats-2022.xlsx,2026-09-07
3002150000,"Immunological products, put up in measured doses/forms/packings, for retail sale",3002150000,"Immunological products, put up in measured doses/forms/packings, for retail sale",True,same code,split,conc-10-stats-2022.xlsx,2026-09-07
3002200010,"Vaccines against influenza virus, for human use",3002410010,"Vaccines, for against influenza virus, human medicine",False,same heading,one to one,conc-10-stats-2022.xlsx,2026-09-07
3002200090,"Vaccines, nes, for human medicine",3002410090,"Vaccines, o/t for against influenza virus, human medicine, nes",False,same heading,one to one,conc-10-stats-2022.xlsx,2026-09-07
3002300010,Vacc agnst foot and mth disse; vacc prepr for parentl admin; bovi intrnsl vacc,3002420010,Vaccines agnst foot and mth disse;vacc prepr for parentl admin;bovi intrnsl vacc,False,same heading,one to one,conc-10-stats-2022.xlsx,2026-09-07
3002300090,"Vaccines, veterinary use, nes",3002420090,"Vaccines, veterinary use, nes",False,same heading,one to one,conc-10-stats-2022.xlsx,2026-09-07
3002900050,Micro-organisms cultures,3002490010,"Cultures, of micro-organisms (excluding yeasts) and similar products",False,same heading,one to one,conc-10-stats-2022.xlsx,2026-09-07
3002900010,"Toxins, toxoids, antitoxins, viruses, bacteriophage and bacterial lysates",3002490020,Toxins and similar products,False,same heading,split,conc-10-stats-2022.xlsx,2026-09-07
3002900090,"Human blood;animal blood for therap/prophltc/diagnostic uses;toxins,sim prod,nes",3002490090,"Vaccines,toxins,cultures of micro-organisms (excl yeasts) & similar products,nes",False,same heading,split,conc-10-stats-2022.xlsx,2026-09-07
3002900090,"Human blood;animal blood for therap/prophltc/diagnostic uses;toxins,sim prod,nes",3002510000,"Cell therapy products, whether or not modified",False,same heading,split,conc-10-stats-2022.xlsx,2026-09-07
3002900090,"Human blood;animal blood for therap/prophltc/diagnostic uses;toxins,sim prod,nes",3002590000,"Cell cultures, whether or not modified, nes",False,same heading,split,conc-10-stats-2022.xlsx,2026-09-07
3002900010,"Toxins, toxoids, antitoxins, viruses, bacteriophage and bacterial lysates",3002900020,"Toxoids, antitoxins, viruses, bacteriophage and bacterial lysates",False,same subheading,split,conc-10-stats-2022.xlsx,2026-09-07
3002900090,"Human blood;animal blood for therap/prophltc/diagnostic uses;toxins,sim prod,nes",3002900090,"Human blood;animal blood therap/diag,etc;antisera,etc;vaccines,etc;cell cult,nes",True,same code,split,conc-10-stats-2022.xlsx,2026-09-07
2106902100,"Syrups from cane/beet,w colouring matter,dry,>=90% by wt of sugar,no flavouring",3006931000,"Placebos and blinded/double-blinded kits,f clinical trial,syrup based,meas doses",False,different chapter,many to many,conc-10-stats-2022.xlsx,2026-09-07
2106902910,"Food concentrates and fruit syrups,nes,used in beverages/other food preparations",3006931000,"Placebos and blinded/double-blinded kits,f clinical trial,syrup based,meas doses",False,different chapter,many to many,conc-10-stats-2022.xlsx,2026-09-07
2106902990,"Syrups from cane/beet, nes, with colouring matter",3006931000,"Placebos and blinded/double-blinded kits,f clinical trial,syrup based,meas doses",False,different chapter,many to many,conc-10-stats-2022.xlsx,2026-09-07
1704909090,"Sugar, confectionery, nes, including white chocolate, not containing cocoa",3006932000,"Placebos and blinded/double-blinded kits,f clinical trial,sugar based,meas doses",False,different chapter,split,conc-10-stats-2022.xlsx,2026-09-07
2106909999,"Food preparations, nes",3006933000,"Placebos & blinded/double-blinded kits,f clinical trial,o food based, meas doses",False,different chapter,split,conc-10-stats-2022.xlsx,2026-09-07
2202999090,"Waters and non-alcoholic beverages,nes,o/t fruit or vegetable juices of No 20.09",3006934000,"Placebos & blinded/double kits,f clinical trial,non-alc bev based, in meas doses",False,different chapter,split,conc-10-stats-2022.xlsx,2026-09-07
3824990090,"Chemical products and preparations of the chemical or allied industries, nes",3006939000,"Placebos & blinded/double-blinded kits,for clinical trial,in measured doses, nes",False,different chapter,split,conc-10-stats-2022.xlsx,2026-09-07
3204190040,"Food/drug/cosmetic dyes, preparations based thereon",3204180000,"Carotenoid, synthetic organic colouring matters and preparations based thereon",False,same heading,many to many,conc-10-stats-2022.xlsx,2026-09-07
3204190090,"Synthetic organic colouring matter & prep, nes, mixtures of 2/more of 3204.11-19",3204180000,"Carotenoid, synthetic organic colouring matters and preparations based thereon",False,same heading,many to many,conc-10-stats-2022.xlsx,2026-09-07
3204190040,"Food/drug/cosmetic dyes, preparations based thereon",3204190040,"Food/drug/cosmetic dyes, preparations based thereon",True,same code,split,conc-10-stats-2022.xlsx,2026-09-07
3204190090,"Synthetic organic colouring matter & prep, nes, mixtures of 2/more of 3204.11-19",3204190090,"Synthetic organic col matter,incl mix of col matter of 2/more of 3204.11-19, nes",True,same code,split,conc-10-stats-2022.xlsx,2026-09-07
3402111000,"Sodium alkylbenzene sulphonate,mfr slow dissolv toilet tank solid No34.02/38.08",3402311000,"Surface-active agents, of LAS acids,used mfr toilet tank solids of 34.02/38.08",False,same heading,split,conc-10-stats-2022.xlsx,2026-09-07
3402119010,"Anionic surface-active agents, based on sulphates",3402319000,"Surface-active agents, linear alkylbenzene sulphonic acides and their salts,nes",False,same heading,many to many,conc-10-stats-2022.xlsx,2026-09-07
3402119020,"Anionic surface-active agents, based on sulphonates",3402319000,"Surface-active agents, linear alkylbenzene sulphonic acides and their salts,nes",False,same heading,many to many,conc-10-stats-2022.xlsx,2026-09-07
3402119090,"Anionic surface-active agents, nes",3402319000,"Surface-active agents, linear alkylbenzene sulphonic acides and their salts,nes",False,same heading,many to many,conc-10-stats-2022.xlsx,2026-09-07
3402111000,"Sodium alkylbenzene sulphonate,mfr slow dissolv toilet tank solid No34.02/38.08",3402391000,"Surf-act agents,sodium alkylbenzene sulph,nes,u mfr toilet tank slds 34.02/38.08",False,same heading,split,conc-10-stats-2022.xlsx,2026-09-07
3402119010,"Anionic surface-active agents, based on sulphates",3402399010,"Anionic orgn surf-active agents,based on sulphates,w/n put up f retail sale, nes",False,same heading,split,conc-10-stats-2022.xlsx,2026-09-07
3402119020,"Anionic surface-active agents, based on sulphonates",3402399020,"Anionic orgn surf-active agent,based on sulphonates,w/n put up f retail sale,nes",False,same heading,split,conc-10-stats-2022.xlsx,2026-09-07
3402119090,"Anionic surface-active agents, nes",3402399090,"Anionic organic surface-active agents, whether or not put up for retail sale,nes",False,same heading,split,conc-10-stats-2022.xlsx,2026-09-07
3402120000,Cationic surface-active agents,3402410000,"Cationic, organic surface-active agent, whether or not put up for retail sale",False,same heading,one to one,conc-10-stats-2022.xlsx,2026-09-07
3402131000,"Non-ionic polyether polyols, w hydroxy no 265 or more, mfr polyu mld composition",3402421000,"Non-ionic,polyether polyols,hydroxyl number >=265,mfr polyurethane moulding comp",False,same heading,one to one,conc-10-stats-2022.xlsx,2026-09-07
3402139011,"Non-ionic surface-active agents, based on fatty alcohols",3402429011,"Non-ionic,orgn surf-active agents,based ethoxylated alcohols, fatty alcohol, nes",False,same heading,one to one,conc-10-stats-2022.xlsx,2026-09-07
3402139012,"Non-ionic surface-active agents, based on alkyl phenol",3402429012,"Non-ionic,orgn surface-active agents,based ethoxylated alcohols,alkyl phenol,nes",False,same heading,one to one,conc-10-stats-2022.xlsx,2026-09-07
3402139019,"Non-ionic surface-active agents, based on ethoxylated alcohols, nes",3402429019,"Non-ionic,orgn surf-active agents,based ethoxylated alcohols,w/n put up frs, nes",False,same heading,one to one,conc-10-stats-2022.xlsx,2026-09-07
3402139020,"Non-ionic surface-active agents, based on carboxylic esters, nes",3402429020,"Non-ionic,orgn surface-active agents,based carboxylic esters,w/n put up frs, nes",False,same heading,one to one,conc-10-stats-2022.xlsx,2026-09-07
3402139090,"Other non-ionic surface-active agents, nes",3402429090,"Non-ionic, organic surface-active agents, w/n put up for retail sale, nes",False,same heading,one to one,conc-10-stats-2022.xlsx,2026-09-07
3402190000,"Organic surface-active agents, nes",3402490000,"Organic surface-active agents, nes, whether or not put up for retail sale",False,same heading,one to one,conc-10-stats-2022.xlsx,2026-09-07
3402201000,"Automatic dishwasher detergents, put up for retail sale",3402501000,"Surface-active preparations,for automatic dishwasher detergents,o/t 34.01,pufrs",False,same heading,one to one,conc-10-stats-2022.xlsx,2026-09-07
3402209011,"Laundry detergents, put up for retail sale",3402509011,"Surface-active preparations, detergents for laundry, o/t 34.01, pufrs",False,same heading,one to one,conc-10-stats-2022.xlsx,2026-09-07
3402209012,"Dishwashing, detergents, other than for automatic dishwasher, put up retail sale",3402509012,"Surface-active prep, det for dishwashing,o/t auto dishwasher det,o/t 34.01,pufrs",False,same heading,one to one,conc-10-stats-2022.xlsx,2026-09-07
3402209019,"Detergents, put up for retail sale, nes",3402509019,"Surface-active preparations, detergents,w/n containing soap, o/t 34.01,pufrs,nes",False,same heading,one to one,conc-10-stats-2022.xlsx,2026-09-07
3402209020,"Window cleaning preparations, put up for retail sale",3402509020,"Surface-active preparations,for window-cleaning, w/n cont soap, o/t 34.01, pufrs",False,same heading,one to one,conc-10-stats-2022.xlsx,2026-09-07
3402209050,"Toilet-bowl cleaning preparations, put up for retail sale",3402509050,"Surface-active preparations,f toilet-bowl cleaning,w/n cont soap,o/t 34.01,pufrs",False,same heading,one to one,conc-10-stats-2022.xlsx,2026-09-07
3402209060,"Rug and carpet cleaning preparations, put up for retail sale",3402509060,"Surface-active prep, for rug and carpet cleaning, w/n cont soap,o/t 34.01, pufrs",False,same heading,one to one,conc-10-stats-2022.xlsx,2026-09-07
3402209070,"Bleaching and blueing preparations, household type, put up for retail sale",3402509070,"Surface-active prep, for bleaching and blueing, household type, o/t 34.01, pufrs",False,same heading,one to one,conc-10-stats-2022.xlsx,2026-09-07
3402209090,"Surface-active, washing & cleaning preparations, nes, put up for retail sale",3402509090,"Surface-active prep,washing and cleaning prep,w/n cont soap,o/t 34.01, pufrs,nes",False,same heading,one to one,conc-10-stats-2022.xlsx,2026-09-07
3603000020,Safety fuses,3603100000,Safety fuses,False,same heading,one to one,conc-10-stats-2022.xlsx,2026-09-07
3603000030,Detonating fuses,3603200000,Detonating cords,False,same heading,one to one,conc-10-stats-2022.xlsx,2026-09-07
3603000050,Percussion caps or detonating caps,3603300000,Percussion caps,False,same heading,split,conc-10-stats-2022.xlsx,2026-09-07
3603000050,Percussion caps or detonating caps,3603400000,Detonating caps,False,same heading,split,conc-10-stats-2022.xlsx,2026-09-07
3603000060,Igniters,3603500000,Igniters,False,same heading,one to one,conc-10-stats-2022.xlsx,2026-09-07
3603000070,Electric detonators,3603600000,Electric detonators,False,same heading,one to one,conc-10-stats-2022.xlsx,2026-09-07
3808591000,"Goods specified in subhding Note 1 to Ch,put up f retail sale,pack gwt <= 1.36kg",3808591000,"Goods specified in subhding Note 1 to Ch,put up f retail sale,pack gwt <= 1.36kg",True,same code,merge,conc-10-stats-2022.xlsx,2026-09-07
3808911010,"Insecticides, cont bromomethane/bromochloromethane,in packages of gwt <= 1.36 kg",3808591000,"Goods specified in subhding Note 1 to Ch,put up f retail sale,pack gwt <= 1.36kg",False,same heading,many to many,conc-10-stats-2022.xlsx,2026-09-07
3808911090,"Insecticides, in packages of a gross weight <= 1.36 kg, nes",3808591000,"Goods specified in subhding Note 1 to Ch,put up f retail sale,pack gwt <= 1.36kg",False,same heading,many to many,conc-10-stats-2022.xlsx,2026-09-07
3808921010,"Fungicides, cont bromomethane/bromochloromethane,in packages of gwt <= 1.36 kg",3808591000,"Goods specified in subhding Note 1 to Ch,put up f retail sale,pack gwt <= 1.36kg",False,same heading,many to many,conc-10-stats-2022.xlsx,2026-09-07
3808921090,"Fungicides, in packages of a gross weight <= 1.36 kg, nes",3808591000,"Goods specified in subhding Note 1 to Ch,put up f retail sale,pack gwt <= 1.36kg",False,same heading,many to many,conc-10-stats-2022.xlsx,2026-09-07
3808931010,"Herb,anti-sprouting prod,plant-growth regs,cont CH3Br/CH2BrCl,pack gwt <=1.36kg",3808591000,"Goods specified in subhding Note 1 to Ch,put up f retail sale,pack gwt <= 1.36kg",False,same heading,many to many,conc-10-stats-2022.xlsx,2026-09-07
3808931090,"Herbicides,anti-sprouting prod,plant-growth regulators,in pack gwt <=1.36 kg,nes",3808591000,"Goods specified in subhding Note 1 to Ch,put up f retail sale,pack gwt <= 1.36kg",False,same heading,many to many,conc-10-stats-2022.xlsx,2026-09-07
3808941010,"Disinfectants,cont bromomethane/bromochloromethane,in packages of gwt <= 1.36 kg",3808591000,"Goods specified in subhding Note 1 to Ch,put up f retail sale,pack gwt <= 1.36kg",False,same heading,many to many,conc-10-stats-2022.xlsx,2026-09-07
3808941090,"Disinfectants, in packages of a gross weight <= 1.36 kg, nes",3808591000,"Goods specified in subhding Note 1 to Ch,put up f retail sale,pack gwt <= 1.36kg",False,same heading,many to many,conc-10-stats-2022.xlsx,2026-09-07
3808991010,"Rodenticides & similar products,cont CH3Br/CH2BrCl,in packages of gwt <= 1.36 kg",3808591000,"Goods specified in subhding Note 1 to Ch,put up f retail sale,pack gwt <= 1.36kg",False,same heading,many to many,conc-10-stats-2022.xlsx,2026-09-07
3808991090,"Rodenticides & similar products, in packages of a gross weight <= 1.36 kg, nes",3808591000,"Goods specified in subhding Note 1 to Ch,put up f retail sale,pack gwt <= 1.36kg",False,same heading,many to many,conc-10-stats-2022.xlsx,2026-09-07
3808592000,"Goods specified in subhding Note 1 Ch,put up f ret sale,in bulk/pack gwt >1.36kg",3808592000,"Goods specified in subhding Note 1 Ch,put up f ret sale,in bulk/pack gwt >1.36kg",True,same code,merge,conc-10-stats-2022.xlsx,2026-09-07
3808912010,"Insecticides,cont bromomethane/bromochloromethane,in bulk/packages gwt > 1.36 kg",3808592000,"Goods specified in subhding Note 1 Ch,put up f ret sale,in bulk/pack gwt >1.36kg",False,same heading,many to many,conc-10-stats-2022.xlsx,2026-09-07
3808912090,"Insecticides, in bulk/packages of a gross weight > 1.36 kg",3808592000,"Goods specified in subhding Note 1 Ch,put up f ret sale,in bulk/pack gwt >1.36kg",False,same heading,many to many,conc-10-stats-2022.xlsx,2026-09-07
3808922010,"Fungicides,cont bromomethane/bromochloromethane,in bulk/packages of gwt > 1.36kg",3808592000,"Goods specified in subhding Note 1 Ch,put up f ret sale,in bulk/pack gwt >1.36kg",False,same heading,many to many,conc-10-stats-2022.xlsx,2026-09-07
3808922090,"Fungicides, in bulk/packages of a gross weight > 1.36 kg",3808592000,"Goods specified in subhding Note 1 Ch,put up f ret sale,in bulk/pack gwt >1.36kg",False,same heading,many to many,conc-10-stats-2022.xlsx,2026-09-07
3808932010,"Herb,anti-sprouting,plant-growth regs,cont CH3Br/CH2BrCl,bulk/pack gwt > 1.36kg",3808592000,"Goods specified in subhding Note 1 Ch,put up f ret sale,in bulk/pack gwt >1.36kg",False,same heading,many to many,conc-10-stats-2022.xlsx,2026-09-07
3808932090,"Herbicides,anti-sprouting prod,plant-growth regs,in bulk/pack gwt > 1.36 kg,nes",3808592000,"Goods specified in subhding Note 1 Ch,put up f ret sale,in bulk/pack gwt >1.36kg",False,same heading,many to many,conc-10-stats-2022.xlsx,2026-09-07
3808942010,"Disinfectants,cont bromomethane/bromochloromethane,in bulk/packages gwt > 1.36kg",3808592000,"Goods specified in subhding Note 1 Ch,put up f ret sale,in bulk/pack gwt >1.36kg",False,same heading,many to many,conc-10-stats-2022.xlsx,2026-09-07
3808942090,"Disinfectants, in bulk/packages of a gross weight > 1.36 kg",3808592000,"Goods specified in subhding Note 1 Ch,put up f ret sale,in bulk/pack gwt >1.36kg",False,same heading,many to many,conc-10-stats-2022.xlsx,2026-09-07
3808992010,"Rodenticides & similar products,cont CH3Br/CH2BrCl,in bulk/packages gwt > 1.36kg",3808592000,"Goods specified in subhding Note 1 Ch,put up f ret sale,in bulk/pack gwt >1.36kg",False,same heading,many to many,conc-10-stats-2022.xlsx,2026-09-07
3808992090,"Rodenticides & similar products, in bulk/packages of a gross weight > 1.36 kg",3808592000,"Goods specified in subhding Note 1 Ch,put up f ret sale,in bulk/pack gwt >1.36kg",False,same heading,many to many,conc-10-stats-2022.xlsx,2026-09-07
3808911010,"Insecticides, cont bromomethane/bromochloromethane,in packages of gwt <= 1.36 kg",3808911010,"Insecticides,cont bromomethane/bromochloromethane,packages of gwt <= 1.36 kg,fsr",True,same code,split,conc-10-stats-2022.xlsx,2026-09-07
3808911090,"Insecticides, in packages of a gross weight <= 1.36 kg, nes",3808911090,"Insecticides,packages of a gross weight <= 1.36 kg,frs/preparations/articles,nes",True,same code,split,conc-10-stats-2022.xlsx,2026-09-07
3808912010,"Insecticides,cont bromomethane/bromochloromethane,in bulk/packages gwt > 1.36 kg",3808912010,"Insecticides,bromomethane/bromochloromethane,bulk/pack gwt > 1.36kg,frs/prep/art",True,same code,split,conc-10-stats-2022.xlsx,2026-09-07
3808912090,"Insecticides, in bulk/packages of a gross weight > 1.36 kg",3808912090,"Insecticides, in bulk/packages gross weight > 1.36 kg, frs/preparations/art, nes",True,same code,split,conc-10-stats-2022.xlsx,2026-09-07
3808921010,"Fungicides, cont bromomethane/bromochloromethane,in packages of gwt <= 1.36 kg",3808921010,"Fungicides,cont CH3Br/CH2BrCl, in packages of a gwt <= 1.36 kg each,frs/prep/art",True,same code,split,conc-10-stats-2022.xlsx,2026-09-07
3808921090,"Fungicides, in packages of a gross weight <= 1.36 kg, nes",3808921090,"Fungicides,in pack of a gwt <= 1.36 kg each,for retail sale/preparations/art,nes",True,same code,split,conc-10-stats-2022.xlsx,2026-09-07
3808922010,"Fungicides,cont bromomethane/bromochloromethane,in bulk/packages of gwt > 1.36kg",3808922010,"Fungicides,cont CH3Br/CH2BrCl, in bulk/packages gwt > 1.36 kg, frs/prep/articles",True,same code,split,conc-10-stats-2022.xlsx,2026-09-07
3808922090,"Fungicides, in bulk/packages of a gross weight > 1.36 kg",3808922090,"Fungicides,in bulk/packages gwt > 1.36 kg, for retail sale/preparations/art, nes",True,same code,split,conc-10-stats-2022.xlsx,2026-09-07
3808931010,"Herb,anti-sprouting prod,plant-growth regs,cont CH3Br/CH2BrCl,pack gwt <=1.36kg",3808931010,"Herb,anti-sprouting prod,plant-growth regs,cont CH3Br/CH2BrCl,pack gwt <=1.36 kg",True,same code,split,conc-10-stats-2022.xlsx,2026-09-07
3808931090,"Herbicides,anti-sprouting prod,plant-growth regulators,in pack gwt <=1.36 kg,nes",3808931090,"Herb,anti-sprouting prod & plant-growth regs,pack gwt <= 1.36kg,frs/prep/art,nes",True,same code,split,conc-10-stats-2022.xlsx,2026-09-07
3808932010,"Herb,anti-sprouting,plant-growth regs,cont CH3Br/CH2BrCl,bulk/pack gwt > 1.36kg",3808932010,"Herb,anti-sprouting,plant-growth regs,cont CH3Br/CH2BrCl,bulk/pack gwt > 1.36 kg",True,same code,split,conc-10-stats-2022.xlsx,2026-09-07
3808932090,"Herbicides,anti-sprouting prod,plant-growth regs,in bulk/pack gwt > 1.36 kg,nes",3808932090,"Herbicides,anti-sprouting prod,plant-growth regs,in bulk/pack gwt > 1.36 kg, nes",True,same code,split,conc-10-stats-2022.xlsx,2026-09-07
3808941010,"Disinfectants,cont bromomethane/bromochloromethane,in packages of gwt <= 1.36 kg",3808941010,"Disinfectants,cont CH3Br/CH2BrCl, in pack of a gwt <= 1.36 kg each, frs/prep/art",True,same code,split,conc-10-stats-2022.xlsx,2026-09-07
3808941090,"Disinfectants, in packages of a gross weight <= 1.36 kg, nes",3808941090,"Disinfectants,in pack of a gwt <= 1.36kg each,f retail sale/preparations/art,nes",True,same code,split,conc-10-stats-2022.xlsx,2026-09-07
3808942010,"Disinfectants,cont bromomethane/bromochloromethane,in bulk/packages gwt > 1.36kg",3808942010,"Disinfectants, cont CH3Br/CH2BrCl, in bulk/pack gwt > 1.36 kg, frs/prep/articles",True,same code,split,conc-10-stats-2022.xlsx,2026-09-07
3808942090,"Disinfectants, in bulk/packages of a gross weight > 1.36 kg",3808942090,"Disinfectants, in bulk/pack gwt > 1.36 kg, for retail sale/preparations/art, nes",True,same code,split,conc-10-stats-2022.xlsx,2026-09-07
3808991010,"Rodenticides & similar products,cont CH3Br/CH2BrCl,in packages of gwt <= 1.36 kg",3808991010,"Rodenticides,sim prod,nes,cont CH3Br/CH2BrCl,pack of gwt <= 1.36 kg,frs/prep/art",True,same code,split,conc-10-stats-2022.xlsx,2026-09-07
3808991090,"Rodenticides & similar products, in packages of a gross weight <= 1.36 kg, nes",3808991090,"Rodenticides,sim prod,in pack of a gwt <= 1.36 kg each, frs/preparations/art,nes",True,same code,split,conc-10-stats-2022.xlsx,2026-09-07
3808992010,"Rodenticides & similar products,cont CH3Br/CH2BrCl,in bulk/packages gwt > 1.36kg",3808992010,"Rodenticides,sim prod,cont CH3Br/CH2BrCl,bulk/pack of a gwt >1.36kg,frs/prep/art",True,same code,split,conc-10-stats-2022.xlsx,2026-09-07
3808992090,"Rodenticides & similar products, in bulk/packages of a gross weight > 1.36 kg",3808992090,"Rodenticides,sim prod, in bulk/pack of a gwt > 1.36 kg,frs/preparations/art, nes",True,same code,split,conc-10-stats-2022.xlsx,2026-09-07
2518300000,Dolomite ramming mix,3816000090,"Refractory cements,mortars,concretes, sim compstn,incl dolomite ramming mix, nes",False,different chapter,merge,conc-10-stats-2022.xlsx,2026-09-07
3816000090,"Refractory concretes and similar compositions, o/t of No 38.01, nes",3816000090,"Refractory cements,mortars,concretes, sim compstn,incl dolomite ramming mix, nes",True,same code,merge,conc-10-stats-2022.xlsx,2026-09-07
3002110000,Malaria diagnostic test kits,3822110000,"Malaria,diag/lab reagents backing,prep diag/lab reagents w/n backing,w/n in kits",False,different chapter,merge,conc-10-stats-2022.xlsx,2026-09-07
3002130000,"Immunological products, unmixed, not put up in measured doses/forms/packings frs",3822110000,"Malaria,diag/lab reagents backing,prep diag/lab reagents w/n backing,w/n in kits",False,different chapter,many to many,conc-10-stats-2022.xlsx,2026-09-07
3002140000,"Immunological products,mixed,not put in measured doses/forms/packings f ret sale",3822110000,"Malaria,diag/lab reagents backing,prep diag/lab reagents w/n backing,w/n in kits",False,different chapter,many to many,conc-10-stats-2022.xlsx,2026-09-07
3002150000,"Immunological products, put up in measured doses/forms/packings, for retail sale",3822110000,"Malaria,diag/lab reagents backing,prep diag/lab reagents w/n backing,w/n in kits",False,different chapter,many to many,conc-10-stats-2022.xlsx,2026-09-07
3002130000,"Immunological products, unmixed, not put up in measured doses/forms/packings frs",3822120000,"Zika & o diseases transm by mosquitoes,diag/lab reagents w/n backing,w/n in kits",False,different chapter,many to many,conc-10-stats-2022.xlsx,2026-09-07
3002140000,"Immunological products,mixed,not put in measured doses/forms/packings f ret sale",3822120000,"Zika & o diseases transm by mosquitoes,diag/lab reagents w/n backing,w/n in kits",False,different chapter,many to many,conc-10-stats-2022.xlsx,2026-09-07
3002150000,"Immunological products, put up in measured doses/forms/packings, for retail sale",3822120000,"Zika & o diseases transm by mosquitoes,diag/lab reagents w/n backing,w/n in kits",False,different chapter,many to many,conc-10-stats-2022.xlsx,2026-09-07
3002190000,"Immunological products, nes, w/n modified/obtained by biotechnological processes",3822120000,"Zika & o diseases transm by mosquitoes,diag/lab reagents w/n backing,w/n in kits",False,different chapter,many to many,conc-10-stats-2022.xlsx,2026-09-07
3822000020,"Diagnostic reagents, for medical diagnosis, etc",3822120000,"Zika & o diseases transm by mosquitoes,diag/lab reagents w/n backing,w/n in kits",False,same heading,many to many,conc-10-stats-2022.xlsx,2026-09-07
3822000030,"Laboratory reagent, for medical diagnosis, etc",3822120000,"Zika & o diseases transm by mosquitoes,diag/lab reagents w/n backing,w/n in kits",False,same heading,many to many,conc-10-stats-2022.xlsx,2026-09-07
3006200020,"Blood-grouping reagents, of animal origin",3822130010,"Blood-grouping,of animal origin,diag/lab reagents w/n backing,w/n in form of kit",False,different chapter,one to one,conc-10-stats-2022.xlsx,2026-09-07
3006200090,"Blood-grouping reagents, other than of animal origin, nes",3822130090,"Blood-grouping,o/t of anml origin,diag/lab reagents w/n backing,w/n form of kits",False,different chapter,one to one,conc-10-stats-2022.xlsx,2026-09-07
3002130000,"Immunological products, unmixed, not put up in measured doses/forms/packings frs",3822190000,"Diag/lab reagents backing,prep diag/lab reagents w/n backing,w/n form of kit,nes",False,different chapter,many to many,conc-10-stats-2022.xlsx,2026-09-07
3002140000,"Immunological products,mixed,not put in measured doses/forms/packings f ret sale",3822190000,"Diag/lab reagents backing,prep diag/lab reagents w/n backing,w/n form of kit,nes",False,different chapter,many to many,conc-10-stats-2022.xlsx,2026-09-07
3002150000,"Immunological products, put up in measured doses/forms/packings, for retail sale",3822190000,"Diag/lab reagents backing,prep diag/lab reagents w/n backing,w/n form of kit,nes",False,different chapter,many to many,conc-10-stats-2022.xlsx,2026-09-07
3002190000,"Immunological products, nes, w/n modified/obtained by biotechnological processes",3822190000,"Diag/lab reagents backing,prep diag/lab reagents w/n backing,w/n form of kit,nes",False,different chapter,many to many,conc-10-stats-2022.xlsx,2026-09-07
3822000020,"Diagnostic reagents, for medical diagnosis, etc",3822190000,"Diag/lab reagents backing,prep diag/lab reagents w/n backing,w/n form of kit,nes",False,same heading,many to many,conc-10-stats-2022.xlsx,2026-09-07
3822000030,"Laboratory reagent, for medical diagnosis, etc",3822190000,"Diag/lab reagents backing,prep diag/lab reagents w/n backing,w/n form of kit,nes",False,same heading,many to many,conc-10-stats-2022.xlsx,2026-09-07
3822000010,"Certified reference materials, for medical diagnosis, etc",3822900000,"Certified reference materials, for medical diagnosis, etc",False,same heading,one to one,conc-10-stats-2022.xlsx,2026-09-07
3824990090,"Chemical products and preparations of the chemical or allied industries, nes",3824890000,"Mixtures and preparations, containing short-chain chlorinated paraffins",False,same heading,split,conc-10-stats-2022.xlsx,2026-09-07
3824990090,"Chemical products and preparations of the chemical or allied industries, nes",3824920000,"Mixtures and preparations, containing polyglycol esters of methylphosphonic acid",False,same heading,split,conc-10-stats-2022.xlsx,2026-09-07
3824990010,Fatty substances of animal or vegetable origin and mixtures thereof,3824990010,"Fatty substances, of animal or vegetable origin and mixtures thereof",True,same code,split,conc-10-stats-2022.xlsx,2026-09-07
3824990090,"Chemical products and preparations of the chemical or allied industries, nes",3824990090,"Chemical products and preparations, of the chemical or allied industries, nes",True,same code,split,conc-10-stats-2022.xlsx,2026-09-07
3824710000,"Mixtures containing CFCs, w/n containing HCFCs, PFCs or HFCs",3827110000,"Mixtures, containing CFCs, whether or not cont HCFCs, PFCs or HFCs, nes/incl",False,same chapter,one to one,conc-10-stats-2022.xlsx,2026-09-07
3824730000,Mixtures containing hydrobromofluorocarbons HBFCs,3827120000,"Mixtures, containing hydrobromofluorocarbons (HBFCs), nes/incl",False,same chapter,one to one,conc-10-stats-2022.xlsx,2026-09-07
3824750000,Mixtures containing carbon tetrachloride,3827130000,"Mixtures, containing carbon tetrachloride, nes/incl",False,same chapter,one to one,conc-10-stats-2022.xlsx,2026-09-07
3824760000,"Mixtures containing 1,1,1-trichloroethane (methyl chloroform)",3827140000,"Mixtures, containing 1,1,1-trichloroethane (methyl chloroform), nes/incl",False,same chapter,one to one,conc-10-stats-2022.xlsx,2026-09-07
3824720000,"Mx of bromochlorodifluoromethane,bromotrifluoromethane,dibromotetrafluoroethane",3827200000,"Mixtures, containing Halon-1211, Halon-1301 or Halon-2402, nes/incl",False,same chapter,one to one,conc-10-stats-2022.xlsx,2026-09-07
3824740000,"Mixtures containing HCFCs, w/n cont PFCs or HFCs, but not cont CFCs",3827310000,"Mixtures, containing substances of subheadings 2903.41 to 2903.48, nes/included",False,same chapter,split,conc-10-stats-2022.xlsx,2026-09-07
3824740000,"Mixtures containing HCFCs, w/n cont PFCs or HFCs, but not cont CFCs",3827320000,"Mixtures, containing substances of subheadings 2903.71 to 2903.75, nes/included",False,same chapter,split,conc-10-stats-2022.xlsx,2026-09-07
3824740000,"Mixtures containing HCFCs, w/n cont PFCs or HFCs, but not cont CFCs",3827390000,"Substances of subheadings 2903.41 to 2903.48/2903.71 to 2903.75, nes or included",False,same chapter,split,conc-10-stats-2022.xlsx,2026-09-07
3824770000,Mixtures containing bromomethane (methyl bromide) or bromochloromethane,3827400000,"Mixtures,containing methyl bromide (bromomethane) or bromochloromethane,nes/incl",False,same chapter,one to one,conc-10-stats-2022.xlsx,2026-09-07
3824780000,"Mixtures containing PFCs or HFCs, but not containing CFCs or HCFCs",3827510000,"Mixtures, containing trifluoromethane (HFC-23), nes or included",False,same chapter,split,conc-10-stats-2022.xlsx,2026-09-07
3824780000,"Mixtures containing PFCs or HFCs, but not containing CFCs or HCFCs",3827590000,"Mixtures, containing PFCs but not containing CFCs/HCFCs, nes/included",False,same chapter,split,conc-10-stats-2022.xlsx,2026-09-07
3824780000,"Mixtures containing PFCs or HFCs, but not containing CFCs or HCFCs",3827610000,"Mixtures, cont 15% or more by mass of 1,1,1-trifluoroethane (HFC-143a), nes/incl",False,same chapter,split,conc-10-stats-2022.xlsx,2026-09-07
3824780000,"Mixtures containing PFCs or HFCs, but not containing CFCs or HCFCs",3827620000,"Mixt,nes,cont >=55% by mass HFC-125 but not cont unsat fluorinated deriv of HFOs",False,same chapter,split,conc-10-stats-2022.xlsx,2026-09-07
3824780000,"Mixtures containing PFCs or HFCs, but not containing CFCs or HCFCs",3827630000,"Mixtures, nes, containing 40% or more by mass of pentafluoroethane (HFC-125)",False,same chapter,split,conc-10-stats-2022.xlsx,2026-09-07
3824780000,"Mixtures containing PFCs or HFCs, but not containing CFCs or HCFCs",3827640000,"Mixt,nes,cont >= 30 % by mass HFC-134a but not cont unsat fluorinated deriv HFOs",False,same chapter,split,conc-10-stats-2022.xlsx,2026-09-07
3824780000,"Mixtures containing PFCs or HFCs, but not containing CFCs or HCFCs",3827650000,"Mixtures, nes,containing >= 20% by mass of HFC-32 and >= 20% by mass of HFC-125",False,same chapter,split,conc-10-stats-2022.xlsx,2026-09-07
3824780000,"Mixtures containing PFCs or HFCs, but not containing CFCs or HCFCs",3827680000,"Mixt,nes, not incl in subhdings above, cont subs of subhdings 2903.41 to 2903.48",False,same chapter,split,conc-10-stats-2022.xlsx,2026-09-07
3824780000,"Mixtures containing PFCs or HFCs, but not containing CFCs or HCFCs",3827690000,"Mixtures,containing other HFCs but not containing CFCs or HCFCs, nes or included",False,same chapter,split,conc-10-stats-2022.xlsx,2026-09-07
3824790000,"Mixtures containing halogenated derivatives of methane, ethane or propane, nes",3827900000,"Mixtures,cont halogenated derivatives of methane, ethane or propane,nes/included",False,same chapter,one to one,conc-10-stats-2022.xlsx,2026-09-07
3907200019,"Other polyethers, compositions, in primary forms, nes",3907210000,"Polyethers, of bis(polyoxyethylene) methylphosphonate, in primary forms",False,same heading,many to many,conc-10-stats-2022.xlsx,2026-09-07
3907200099,"Other polyethers, in primary forms, other than compositions, nes",3907210000,"Polyethers, of bis(polyoxyethylene) methylphosphonate, in primary forms",False,same heading,many to many,conc-10-stats-2022.xlsx,2026-09-07
3907200011,"Polymers of ethylene oxide, compositions, in primary forms",3907290011,"Polymers, of ethylene oxide, compositions, in primary forms",False,same heading,one to one,conc-10-stats-2022.xlsx,2026-09-07
3907200012,"Polymers of propylene oxide, compositions, in primary forms",3907290012,"Polymers, of propylene oxide, compositions, in primary forms",False,same heading,one to one,conc-10-stats-2022.xlsx,2026-09-07
3907200019,"Other polyethers, compositions, in primary forms, nes",3907290019,"Polymers, compositions, in primary forms, nes",False,same heading,split,conc-10-stats-2022.xlsx,2026-09-07
3907200091,"Other polymers of ethylene oxide, in primary forms, other than compositions, nes",3907290091,"Polymers, nes, of ethylene oxide, in primary forms, other than compositions",False,same heading,one to one,conc-10-stats-2022.xlsx,2026-09-07
3907200092,"Other polymers of propylene oxide, in primary forms, other than compositions,nes",3907290092,"Polymers, nes, of propylene oxide, in primary forms, other than compositions",False,same heading,one to one,conc-10-stats-2022.xlsx,2026-09-07
3907200099,"Other polyethers, in primary forms, other than compositions, nes",3907290099,"Polyethers, in primary forms, other than compositions, nes",False,same heading,split,conc-10-stats-2022.xlsx,2026-09-07
3911900000,"Polysulphides,polysulphones,other products of Note 3 to Ch,in primary forms,nes",3911200000,"Poly(1,3-phenylene methylphosphonate), in primary forms, nes",False,same heading,split,conc-10-stats-2022.xlsx,2026-09-07
3911900000,"Polysulphides,polysulphones,other products of Note 3 to Ch,in primary forms,nes",3911900000,"Products specified in Note 3 to this Chapter, in primary forms, nes",True,same code,split,conc-10-stats-2022.xlsx,2026-09-07
3924900099,"Household articles and hygienic or toilet articles, of plastics, nes",3924900093,"Gates, of plastic,  for confining children or pets",False,same subheading,split,conc-10-stats-2022-1.xlsx,2026-09-07
3924900099,"Household articles and hygienic or toilet articles, of plastics, nes",3924900099,"Household articles and hygienic or toilet articles, of plastics, nes",True,same code,split,conc-10-stats-2022-1.xlsx,2026-09-07
4015191000,"Gloves of rubber, protective, for use with protective suits a noxious atmosphere",4015121000,"Gloves, protective, to be employed with protective suits in a noxious atmosphere",False,same heading,split,conc-10-stats-2022.xlsx,2026-09-07
4015110000,Surgical gloves of rubber,4015129000,"Gloves,for medical,surgical,dental/veterinary purposes,of vulcanized rubber, nes",False,same heading,merge,conc-10-stats-2022.xlsx,2026-09-07
4015199000,"Gloves, mittens and mitts, nes, of rubber",4015129000,"Gloves,for medical,surgical,dental/veterinary purposes,of vulcanized rubber, nes",False,same heading,many to many,conc-10-stats-2022.xlsx,2026-09-07
4015191000,"Gloves of rubber, protective, for use with protective suits a noxious atmosphere",4015191000,"Gloves,o/t f medical,etc, protective, empl w protective suits noxious atmosphere",True,same code,split,conc-10-stats-2022.xlsx,2026-09-07
4015199000,"Gloves, mittens and mitts, nes, of rubber",4015199000,"Gloves,o/t f medical,surgical,dental/vet purp,vulcanized rubber,o/t hard rbr,nes",True,same code,split,conc-10-stats-2022.xlsx,2026-09-07
4202922021,"Haversacks,knapsacks,packsacks & rucksacks,out surf tex mat,<85% silk/silk waste",4202922090,"Haversacks,knapsacks,packsacks & rucksacks,outer surf sheeting plas/tex mat, nes",False,same subheading,merge,conc-10-stats-2022-1.xlsx,2026-09-07
4202922029,"Haversacks,knapsacks,packsacks & rucksacks,outer surf sheeting plas/tex mat, nes",4202922090,"Haversacks,knapsacks,packsacks & rucksacks,outer surf sheeting plas/tex mat, nes",False,same subheading,merge,conc-10-stats-2022-1.xlsx,2026-09-07
4202929010,"Cases/bags/similar,w outer surface of textile materials,<85% silk/silk waste,nes",4202929000,"Cases/bags/similar,w outer surface of sheeting of plastics/textile materials,nes",False,same subheading,merge,conc-10-stats-2022-1.xlsx,2026-09-07
4202929090,"Cases/bags/similar,w outer surface of sheeting of plastics/textile materials,nes",4202929000,"Cases/bags/similar,w outer surface of sheeting of plastics/textile materials,nes",False,same subheading,merge,conc-10-stats-2022-1.xlsx,2026-09-07
4401390020,"Firelogs, of agglomerated wood sawdust",4401320000,"Wood briquettes, of sawdust and wood waste amd scrap, agglomerated",False,same heading,one to one,conc-10-stats-2022.xlsx,2026-09-07
4401390090,"Sawdust and wood waste and scrap, agglomerated in briquettes/similar forms, nes",4401390000,"Sawdust & wood waste & scrap,agglomerated in logs/briquettes/pellets/sim forms",False,same subheading,one to one,conc-10-stats-2022.xlsx,2026-09-07
4401400000,"Sawdust and wood waste and scrap, not agglomerated",4401410000,"Sawdust, not agglomerated",False,same heading,split,conc-10-stats-2022.xlsx,2026-09-07
4401400000,"Sawdust and wood waste and scrap, not agglomerated",4401490000,"Wood waste and scrap, not agglomerated, nes",False,same heading,split,conc-10-stats-2022.xlsx,2026-09-07
4402901010,"Charcoal of coconut shell, for manufacturing of activated carbon",4402201000,"Charcoal, of coconut shell, for use in man of activated carbon, w/n agglomerated",False,same heading,one to one,conc-10-stats-2022.xlsx,2026-09-07
4402909000,"Wood charcoal, including shell/nut charcoal, nes",4402209000,"Wood charcoal, of shell or nut, whether or not agglomerated",False,same heading,split,conc-10-stats-2022.xlsx,2026-09-07
4402901090,"Wood charcoal, containing <= 10% by weight of binder, o/t of bamboo",4402901000,"Wood charcoal, containing <= 10% by weight of binder, not including shell/nut",False,same subheading,one to one,conc-10-stats-2022.xlsx,2026-09-07
4402909000,"Wood charcoal, including shell/nut charcoal, nes",4402909000,"Wood charcoal, including shell or nut charcoal, w/n agglomerated, nes",True,same code,split,conc-10-stats-2022.xlsx,2026-09-07
4403210010,"Poles,piles & posts,of pine,of which any cross-sectional dim >= 15cm,not treated",4403210010,"Poles, piles and posts, of pine, smallest cross-sectional dim >= 15 cm,n treated",True,same code,split,conc-10-stats-2022.xlsx,2026-09-07
4403210020,"Logs for pulping (pulpwood),of pine,any cross-sectional dim >= 15cm,not treated",4403210020,"Logs,for pulping (pulpwood),of pine, sm cross-sectional dim >= 15 cm,not treated",True,same code,split,conc-10-stats-2022.xlsx,2026-09-07
4403210030,"Logs,of white pine,of which any cross-sectional dimension >=15cm,not treated,nes",4403210030,"Logs, of white pine,of which the smallest cross-sectional dim >= 15 cm,n treated",True,same code,split,conc-10-stats-2022.xlsx,2026-09-07
4403210090,"Logs, of pine, of which any cross-sectional dimension >= 15 cm, not treated, nes",4403210090,"Logs, of pine, of which the smallest cross-sectional dim >= 15 cm,n treated,nes",True,same code,split,conc-10-stats-2022.xlsx,2026-09-07
4403210010,"Poles,piles & posts,of pine,of which any cross-sectional dim >= 15cm,not treated",4403220010,"Poles,piles and posts,of pine, smallest cross-sectional dim < 15 cm, not treated",False,same heading,many to many,conc-10-stats-2022.xlsx,2026-09-07
4403220010,"Poles, piles and posts, of pine, not treated, nes",4403220010,"Poles,piles and posts,of pine, smallest cross-sectional dim < 15 cm, not treated",True,same code,merge,conc-10-stats-2022.xlsx,2026-09-07
4403210020,"Logs for pulping (pulpwood),of pine,any cross-sectional dim >= 15cm,not treated",4403220020,"Logs, for pulping (pulpwood),of pine,sm cross-sectional dim < 15 cm, not treated",False,same heading,many to many,conc-10-stats-2022.xlsx,2026-09-07
4403220020,"Logs for pulping (pulpwood), of pine, not treated, nes",4403220020,"Logs, for pulping (pulpwood),of pine,sm cross-sectional dim < 15 cm, not treated",True,same code,merge,conc-10-stats-2022.xlsx,2026-09-07
4403210030,"Logs,of white pine,of which any cross-sectional dimension >=15cm,not treated,nes",4403220030,"Logs,of white pine,of which the smallest cross-sectional dim < 15 cm,not treated",False,same heading,many to many,conc-10-stats-2022.xlsx,2026-09-07
4403220030,"Logs, of white pine, not treated, nes",4403220030,"Logs,of white pine,of which the smallest cross-sectional dim < 15 cm,not treated",True,same code,merge,conc-10-stats-2022.xlsx,2026-09-07
4403210090,"Logs, of pine, of which any cross-sectional dimension >= 15 cm, not treated, nes",4403220090,"Logs, of pine, which smallest cross-sectional dimension < 15 cm, not treated,nes",False,same heading,many to many,conc-10-stats-2022.xlsx,2026-09-07
4403220090,"Logs, of pine, not treated, nes",4403220090,"Logs, of pine, which smallest cross-sectional dimension < 15 cm, not treated,nes",True,same code,merge,conc-10-stats-2022.xlsx,2026-09-07
4403230010,"Poles,piles & posts,of fir & spruce,any cross-sectional dim >= 15 cm,not treated",4403230010,"Poles,piles & posts,fir & spruce,smallest cross-sectional dim >= 15 cm,n treated",True,same code,split,conc-10-stats-2022.xlsx,2026-09-07
4403230020,"Logs f pulping (pulpwood),of fir & spruce,any cross-sect dim >= 15cm,not treated",4403230020,"Logs f pulping (pulpwood),of fir & spruce,sm cross-sect dim >= 15 cm,not treated",True,same code,split,conc-10-stats-2022.xlsx,2026-09-07
4403230091,"Logs,of white/black spruce,any cross-sectional dimension >=15 cm,not treated,nes",4403230091,"Logs,of white/black spruce,smallest cross-sectional dimension >= 15 cm,n treated",True,same code,split,conc-10-stats-2022.xlsx,2026-09-07
4403230099,"Logs, of fir & spruce, any cross-sectional dimension >= 15 cm, not treated, nes",4403230099,"Logs, of fir & spruce,smallest cross-sectional dimension >= 15 cm,n treated, nes",True,same code,split,conc-10-stats-2022.xlsx,2026-09-07
4403230010,"Poles,piles & posts,of fir & spruce,any cross-sectional dim >= 15 cm,not treated",4403240010,"Poles,piles & posts,of fir & spruce,smallest cross-sectional dim < 15 cm,n treat",False,same heading,many to many,conc-10-stats-2022.xlsx,2026-09-07
4403240010,"Poles, piles and posts, of fir and spruce, not treated, nes",4403240010,"Poles,piles & posts,of fir & spruce,smallest cross-sectional dim < 15 cm,n treat",True,same code,merge,conc-10-stats-2022.xlsx,2026-09-07
4403230020,"Logs f pulping (pulpwood),of fir & spruce,any cross-sect dim >= 15cm,not treated",4403240020,"Logs for pulping, of fir & spruce,smallest cross-sectional dim < 15 cm,n treated",False,same heading,many to many,conc-10-stats-2022.xlsx,2026-09-07
4403240020,"Logs for pulping (pulpwood), of fir and spruce, not treated, nes",4403240020,"Logs for pulping, of fir & spruce,smallest cross-sectional dim < 15 cm,n treated",True,same code,merge,conc-10-stats-2022.xlsx,2026-09-07
4403230091,"Logs,of white/black spruce,any cross-sectional dimension >=15 cm,not treated,nes",4403240091,"Logs,of white/black spruce,smallest cross-sectional dim < 15 cm,not treated, nes",False,same heading,many to many,conc-10-stats-2022.xlsx,2026-09-07
4403240091,"Logs, of white/black spruce, not treated, nes",4403240091,"Logs,of white/black spruce,smallest cross-sectional dim < 15 cm,not treated, nes",True,same code,merge,conc-10-stats-2022.xlsx,2026-09-07
4403230099,"Logs, of fir & spruce, any cross-sectional dimension >= 15 cm, not treated, nes",4403240099,"Logs,of fir and spruce,smallest cross-sectional dimension < 15 cm, n treated,nes",False,same heading,many to many,conc-10-stats-2022.xlsx,2026-09-07
4403240099,"Logs, of fir and spruce, not treated, nes",4403240099,"Logs,of fir and spruce,smallest cross-sectional dimension < 15 cm, n treated,nes",True,same code,merge,conc-10-stats-2022.xlsx,2026-09-07
4403250010,"Poles,piles & posts,of coniferous,any cross-sectional dim >=15cm,not treated,nes",4403250010,"Poles,piles & posts,of coniferous,small cross-sectional dim >= 15 cm,n treat,nes",True,same code,split,conc-10-stats-2022.xlsx,2026-09-07
4403250020,"Logs for pulping (pulpwood),of coniferous,any cross-sect dim>=15cm,n treated,nes",4403250020,"Logs,f pulping (pulpwood),of coniferous,sm cross-sect dim >= 15 cm,not treat,nes",True,same code,split,conc-10-stats-2022.xlsx,2026-09-07
4403250091,"Logs, of Douglas-fir, of any cross-sectional dimension >= 15 cm, not treated,nes",4403250091,"Logs,of Douglas-fir,of which smallest cross-sectional dim >=15cm,not treated,nes",True,same code,split,conc-10-stats-2022.xlsx,2026-09-07
4403250092,"Logs, of cedar, of which any cross-sectional dimension >= 15 cm, not treated,nes",4403250092,"Logs, of cedar, of which smallest cross-sectional dimension >=15cm,n treated,nes",True,same code,split,conc-10-stats-2022.xlsx,2026-09-07
4403250093,"Logs,of hemlock,of which any cross-sectional dimension >= 15 cm,not treated,nes",4403250093,"Logs,of hemlock,of which smallest cross-sectional dimension >=15cm,n treated,nes",True,same code,split,conc-10-stats-2022.xlsx,2026-09-07
4403250099,"Logs,of coniferous,of which any cross-sectional dimension >=15cm,not treated,nes",4403250099,"Logs,of coniferous, of which smallest cross-sectional dim >=15cm,not treated,nes",True,same code,split,conc-10-stats-2022.xlsx,2026-09-07
4403250010,"Poles,piles & posts,of coniferous,any cross-sectional dim >=15cm,not treated,nes",4403260010,"Poles,piles & posts,of coniferous,small cross-sectional dim < 15 cm,n treat,nes",False,same heading,many to many,conc-10-stats-2022.xlsx,2026-09-07
4403260010,"Poles, piles and posts, of coniferous, not treated, nes",4403260010,"Poles,piles & posts,of coniferous,small cross-sectional dim < 15 cm,n treat,nes",True,same code,merge,conc-10-stats-2022.xlsx,2026-09-07
4403250020,"Logs for pulping (pulpwood),of coniferous,any cross-sect dim>=15cm,n treated,nes",4403260020,"Logs,for pulping, of coniferous,smallest cross-sectional dim < 15 cm,not treated",False,same heading,many to many,conc-10-stats-2022.xlsx,2026-09-07
4403260020,"Logs for pulping (pulpwood), of coniferous, not treated, nes",4403260020,"Logs,for pulping, of coniferous,smallest cross-sectional dim < 15 cm,not treated",True,same code,merge,conc-10-stats-2022.xlsx,2026-09-07
4403250091,"Logs, of Douglas-fir, of any cross-sectional dimension >= 15 cm, not treated,nes",4403260091,"Logs,of Douglas-fir,which smallest cross-sectional dim < 15 cm, not treated, nes",False,same heading,many to many,conc-10-stats-2022.xlsx,2026-09-07
4403260091,"Logs, of Douglas-fir, not treated, nes",4403260091,"Logs,of Douglas-fir,which smallest cross-sectional dim < 15 cm, not treated, nes",True,same code,merge,conc-10-stats-2022.xlsx,2026-09-07
4403250092,"Logs, of cedar, of which any cross-sectional dimension >= 15 cm, not treated,nes",4403260092,"Logs, of cedar, of which smallest cross-sectional dim < 15 cm, not treated, nes",False,same heading,many to many,conc-10-stats-2022.xlsx,2026-09-07
4403260092,"Logs, of cedar, not treated, nes",4403260092,"Logs, of cedar, of which smallest cross-sectional dim < 15 cm, not treated, nes",True,same code,merge,conc-10-stats-2022.xlsx,2026-09-07
4403250093,"Logs,of hemlock,of which any cross-sectional dimension >= 15 cm,not treated,nes",4403260093,"Logs, of hemlock,of which smallest cross-sectional dim < 15 cm, not treated, nes",False,same heading,many to many,conc-10-stats-2022.xlsx,2026-09-07
4403260093,"Logs, of hemlock, not treated, nes",4403260093,"Logs, of hemlock,of which smallest cross-sectional dim < 15 cm, not treated, nes",True,same code,merge,conc-10-stats-2022.xlsx,2026-09-07
4403250099,"Logs,of coniferous,of which any cross-sectional dimension >=15cm,not treated,nes",4403260099,"Logs,of coniferous, which smallest cross-sectional dim < 15 cm, not treated, nes",False,same heading,many to many,conc-10-stats-2022.xlsx,2026-09-07
4403260099,"Logs, of coniferous, not treated, nes",4403260099,"Logs,of coniferous, which smallest cross-sectional dim < 15 cm, not treated, nes",True,same code,merge,conc-10-stats-2022.xlsx,2026-09-07
4403490000,"Logs, of tropical wood, not treated, nes",4403420000,"Logs, of teak, not treated",False,same heading,split,conc-10-stats-2022.xlsx,2026-09-07
4403490000,"Logs, of tropical wood, not treated, nes",4403490000,"Logs, of tropical wood, o/t teak, not treated, nes",True,same code,split,conc-10-stats-2022.xlsx,2026-09-07
4403930000,"Logs, of beech, of which any cross-sectional dimension >= 15 cm, not treated",4403930000,"Logs,of beech, which smallest cross-sectional dimension >= 15 cm,not treated,nes",True,same code,split,conc-10-stats-2022.xlsx,2026-09-07
4403930000,"Logs, of beech, of which any cross-sectional dimension >= 15 cm, not treated",4403940000,"Logs, of beech, which smallest cross-sectional dimension < 15 cm,not treated,nes",False,same heading,many to many,conc-10-stats-2022.xlsx,2026-09-07
4403940000,"Logs, of beech, of which any cross-sectional dimension < 15 cm, not treated",4403940000,"Logs, of beech, which smallest cross-sectional dimension < 15 cm,not treated,nes",True,same code,merge,conc-10-stats-2022.xlsx,2026-09-07
4403950010,"Logs,of yellow birch,of which any cross-sectional dimension >= 15 cm,not treated",4403950010,"Logs,of yellow birch,which smallest cross-sectional dim >= 15 cm,not treated,nes",True,same code,split,conc-10-stats-2022.xlsx,2026-09-07
4403950090,"Logs, of birch, of which any cross-sectional dimension >= 15 cm, not treated,nes",4403950090,"Logs, of birch,which smallest cross-sectional dimension >= 15 cm,not treated,nes",True,same code,split,conc-10-stats-2022.xlsx,2026-09-07
4403950010,"Logs,of yellow birch,of which any cross-sectional dimension >= 15 cm,not treated",4403960000,"Logs, of birch, which smallest cross-sectional dimension < 15 cm,not treated,nes",False,same heading,many to many,conc-10-stats-2022.xlsx,2026-09-07
4403950090,"Logs, of birch, of which any cross-sectional dimension >= 15 cm, not treated,nes",4403960000,"Logs, of birch, which smallest cross-sectional dimension < 15 cm,not treated,nes",False,same heading,many to many,conc-10-stats-2022.xlsx,2026-09-07
4403960010,"Logs, of yellow birch, not treated, nes",4403960000,"Logs, of birch, which smallest cross-sectional dimension < 15 cm,not treated,nes",False,same subheading,merge,conc-10-stats-2022.xlsx,2026-09-07
4403960090,"Logs, of birch, not treated, nes",4403960000,"Logs, of birch, which smallest cross-sectional dimension < 15 cm,not treated,nes",False,same subheading,merge,conc-10-stats-2022.xlsx,2026-09-07
4407110011,"Lumber,of ponderosa pine,dressed,thick > 6mm,sawn/chipped lgtwse/sliced/peeled",4407110011,"Lumber,of ponderosa pine,dressed,thick > 6mm,sawn/chipped lgtwse/sliced/peeled",True,same code,one to one,conc-10-stats-2022.xlsx,2026-09-07
4407110012,"Lumber,of red pine,dressed,thickness > 6mm,sawn/chipped lengthwise/sliced/peeled",4407110012,"Lumber,of red pine,dressed,thickness > 6mm,sawn/chipped lengthwise/sliced/peeled",True,same code,one to one,conc-10-stats-2022.xlsx,2026-09-07
4407110013,"Lumber,of white pine,dressed,thick > 6mm,sawn/chipped lengthwise/sliced/peeled",4407110013,"Lumber,of white pine,dressed,thick > 6mm,sawn/chipped lengthwise/sliced/peeled",True,same code,one to one,conc-10-stats-2022.xlsx,2026-09-07
4407110014,"Lumber,of lodgepole pine,dressed,thick > 6mm,sawn/chipped lgtwse/sliced/peeled",4407110014,"Lumber, of lodgepole pine, dressed,thick > 6mm,sawn/chipped lgtwse/sliced/peeled",True,same code,split,conc-10-stats-2022.xlsx,2026-09-07
4407110015,"Lumber,of yellow pine,dressed,thick > 6 mm,sawn/chipped lengthwise/sliced/peeled",4407110015,"Lumber,of yellow pine,dressed,thick > 6 mm,sawn/chipped lengthwise/sliced/peeled",True,same code,one to one,conc-10-stats-2022.xlsx,2026-09-07
4407110019,"Lumber,of pine,dressed,thickness > 6mm,sawn/chipped lengthwise/sliced/peeled,nes",4407110019,"Lumber,of pine,dressed,thickness > 6mm,sawn/chipped lengthwise/sliced/peeled,nes",True,same code,split,conc-10-stats-2022.xlsx,2026-09-07
4407110021,"Lumber,of ponderosa pine,rough,thick > 6mm,sawn/chipped lengthwise/sliced/peeled",4407110021,"Lumber,of ponderosa pine,rough,thick > 6mm,sawn/chipped lengthwise/sliced/peeled",True,same code,one to one,conc-10-stats-2022.xlsx,2026-09-07
4407110022,"Lumber,of red pine,rough,thickness > 6mm,sawn/chipped lengthwise/sliced/peeled",4407110022,"Lumber,of red pine,rough,thickness > 6mm,sawn/chipped lengthwise/sliced/peeled",True,same code,one to one,conc-10-stats-2022.xlsx,2026-09-07
4407110023,"Lumber,of white pine,rough,thickness > 6mm,sawn/chipped lengthwise/sliced/peeled",4407110023,"Lumber,of white pine,rough,thickness > 6mm,sawn/chipped lengthwise/sliced/peeled",True,same code,one to one,conc-10-stats-2022.xlsx,2026-09-07
4407110029,"Lumber,of pine,rough,thickness > 6mm,sawn/chipped lengthwise/sliced/peeled,nes",4407110029,"Lumber,of pine,rough,thickness > 6mm,sawn/chipped lengthwise/sliced/peeled,nes",True,same code,split,conc-10-stats-2022.xlsx,2026-09-07
4407120011,"Lumber, of fir, dressed, thickness > 6 mm, sawn/chipped lengthwise/sliced/peeled",4407120011,"Lumber, of fir, dressed, thickness > 6 mm, sawn/chipped lengthwise/sliced/peeled",True,same code,split,conc-10-stats-2022.xlsx,2026-09-07
4407120012,"Lumber, of spruce,dressed,thickness > 6 mm,sawn/chipped lengthwise/sliced/peeled",4407120012,"Lumber,of spruce,dressed,thickness > 6 mm, sawn/chipped lengthwise/sliced/peeled",True,same code,split,conc-10-stats-2022.xlsx,2026-09-07
4407120021,"Lumber, of fir, rough, thickness > 6 mm, sawn/chipped lengthwise/sliced/peeled",4407120021,"Lumber, of fir, rough, thickness > 6 mm, sawn/chipped lengthwise/sliced/peeled",True,same code,split,conc-10-stats-2022.xlsx,2026-09-07
4407120022,"Lumber, of spruce, rough, thickness > 6 mm,sawn/chipped lengthwise/sliced/peeled",4407120022,"Lumber, of spruce, rough, thickness > 6 mm,sawn/chipped lengthwise/sliced/peeled",True,same code,split,conc-10-stats-2022.xlsx,2026-09-07
4407110014,"Lumber,of lodgepole pine,dressed,thick > 6mm,sawn/chipped lgtwse/sliced/peeled",4407130000,"Lumber,of spruce,pine & fir (S-P-F),sawn/chip lgtwse/sliced/peeled, thick > 6 mm",False,same heading,many to many,conc-10-stats-2022.xlsx,2026-09-07
4407110019,"Lumber,of pine,dressed,thickness > 6mm,sawn/chipped lengthwise/sliced/peeled,nes",4407130000,"Lumber,of spruce,pine & fir (S-P-F),sawn/chip lgtwse/sliced/peeled, thick > 6 mm",False,same heading,many to many,conc-10-stats-2022.xlsx,2026-09-07
4407110029,"Lumber,of pine,rough,thickness > 6mm,sawn/chipped lengthwise/sliced/peeled,nes",4407130000,"Lumber,of spruce,pine & fir (S-P-F),sawn/chip lgtwse/sliced/peeled, thick > 6 mm",False,same heading,many to many,conc-10-stats-2022.xlsx,2026-09-07
4407120011,"Lumber, of fir, dressed, thickness > 6 mm, sawn/chipped lengthwise/sliced/peeled",4407130000,"Lumber,of spruce,pine & fir (S-P-F),sawn/chip lgtwse/sliced/peeled, thick > 6 mm",False,same heading,many to many,conc-10-stats-2022.xlsx,2026-09-07
4407120012,"Lumber, of spruce,dressed,thickness > 6 mm,sawn/chipped lengthwise/sliced/peeled",4407130000,"Lumber,of spruce,pine & fir (S-P-F),sawn/chip lgtwse/sliced/peeled, thick > 6 mm",False,same heading,many to many,conc-10-stats-2022.xlsx,2026-09-07
4407120021,"Lumber, of fir, rough, thickness > 6 mm, sawn/chipped lengthwise/sliced/peeled",4407130000,"Lumber,of spruce,pine & fir (S-P-F),sawn/chip lgtwse/sliced/peeled, thick > 6 mm",False,same heading,many to many,conc-10-stats-2022.xlsx,2026-09-07
4407120022,"Lumber, of spruce, rough, thickness > 6 mm,sawn/chipped lengthwise/sliced/peeled",4407130000,"Lumber,of spruce,pine & fir (S-P-F),sawn/chip lgtwse/sliced/peeled, thick > 6 mm",False,same heading,many to many,conc-10-stats-2022.xlsx,2026-09-07
4407190013,"Lumber,of spruce,pine & fir (S-P-F),thick>6mm,sawn/chipped lgtwse/sliced/etc,nes",4407130000,"Lumber,of spruce,pine & fir (S-P-F),sawn/chip lgtwse/sliced/peeled, thick > 6 mm",False,same heading,merge,conc-10-stats-2022.xlsx,2026-09-07
4407120011,"Lumber, of fir, dressed, thickness > 6 mm, sawn/chipped lengthwise/sliced/peeled",4407140000,"Lumber,Hem-fir(Western hemlock) & fir,sawn/chip lgtwse/sliced/peeled,thick >6 mm",False,same heading,many to many,conc-10-stats-2022.xlsx,2026-09-07
4407120021,"Lumber, of fir, rough, thickness > 6 mm, sawn/chipped lengthwise/sliced/peeled",4407140000,"Lumber,Hem-fir(Western hemlock) & fir,sawn/chip lgtwse/sliced/peeled,thick >6 mm",False,same heading,many to many,conc-10-stats-2022.xlsx,2026-09-07
4407190014,"Lumber,Western hemlock & amabilis fir (Hem-Fir),thick > 6mm,sawn/sliced/etc,nes",4407140000,"Lumber,Hem-fir(Western hemlock) & fir,sawn/chip lgtwse/sliced/peeled,thick >6 mm",False,same heading,merge,conc-10-stats-2022.xlsx,2026-09-07
4407190011,"Lumber, of coniferous, end-jointed, thickness > 6 mm, nes",4407190011,"Lumber,of coniferous,nes,end-jointed,sawn/chip lgtwse/sliced/peeled,thick >6 mm",True,same code,one to one,conc-10-stats-2022.xlsx,2026-09-07
4407190012,"Lumber,coniferous,treat w paint/stains/creosote/o presv,thick >6mm,sawn/etc,nes",4407190012,"Lumber, of coniferous,nes,treated w paint/stains/creosote/presv, thickness > 6mm",True,same code,one to one,conc-10-stats-2022.xlsx,2026-09-07
4407290010,"Lumber, of teak, thickness > 6 mm, sawn/chipped lengthwise/sliced/peeled",4407230000,"Lumber, of teak, sawn/chipped lengthwise/sliced/peeled, of a thickness > 6 mm",False,same heading,one to one,conc-10-stats-2022.xlsx,2026-09-07
4407290090,"Lumber,of tropical wood,nes,thickness >6mm,sawn/chipped lengthwise/sliced/peeled",4407290000,"Lumber,of tropical wood,sawn/chipped lengthwise/sliced/peeled,thickness >6mm,nes",False,same subheading,one to one,conc-10-stats-2022.xlsx,2026-09-07
4412991000,"Pw,ven panels,sim lam wod,a/t 1 layer pb; pw/block core bd,maho-ven,f door jambs",4412410000,"Laminated veneered lumber (LVL), with at least one outer ply of tropical wood",False,same heading,many to many,conc-10-stats-2022.xlsx,2026-09-07
4412999010,"Plywood,veneered panels,sim laminated wood,w at least 1 ply of tropical wood,nes",4412410000,"Laminated veneered lumber (LVL), with at least one outer ply of tropical wood",False,same heading,many to many,conc-10-stats-2022.xlsx,2026-09-07
4412991000,"Pw,ven panels,sim lam wod,a/t 1 layer pb; pw/block core bd,maho-ven,f door jambs",4412420000,"Laminated veneered lumber (LVL),with at least 1 outer ply of non-coniferous wood",False,same heading,many to many,conc-10-stats-2022.xlsx,2026-09-07
4412999030,"Plywood,veneered panels,sim lam wood,w at least 1 out ply of non-coniferous,nes",4412420000,"Laminated veneered lumber (LVL),with at least 1 outer ply of non-coniferous wood",False,same heading,many to many,conc-10-stats-2022.xlsx,2026-09-07
4412991000,"Pw,ven panels,sim lam wod,a/t 1 layer pb; pw/block core bd,maho-ven,f door jambs",4412490000,"Laminated veneered lumber (LVL), with both outer plies of coniferous wood",False,same heading,many to many,conc-10-stats-2022.xlsx,2026-09-07
4412999090,"Plywood, veneered panels, similar laminated wood, nes",4412490000,"Laminated veneered lumber (LVL), with both outer plies of coniferous wood",False,same heading,many to many,conc-10-stats-2022.xlsx,2026-09-07
4412940000,"Blockboard, laminboard and battenboard",4412510000,"Blockboard,laminboard & battenboard,with at least one outer ply of tropical wood",False,same heading,split,conc-10-stats-2022.xlsx,2026-09-07
4412940000,"Blockboard, laminboard and battenboard",4412520000,"Blockboard,laminboard & battenbd,w at least one outer ply of non-coniferous wood",False,same heading,split,conc-10-stats-2022.xlsx,2026-09-07
4412940000,"Blockboard, laminboard and battenboard",4412590000,"Blockboard, laminboard and battenboard, with both outer plies of coniferous wood",False,same heading,split,conc-10-stats-2022.xlsx,2026-09-07
4412991000,"Pw,ven panels,sim lam wod,a/t 1 layer pb; pw/block core bd,maho-ven,f door jambs",4412910000,"Plywood,ven panels & simiar lam wood,w at least one outer ply tropical wood, nes",False,same heading,many to many,conc-10-stats-2022.xlsx,2026-09-07
4412999010,"Plywood,veneered panels,sim laminated wood,w at least 1 ply of tropical wood,nes",4412910000,"Plywood,ven panels & simiar lam wood,w at least one outer ply tropical wood, nes",False,same heading,many to many,conc-10-stats-2022.xlsx,2026-09-07
4412991000,"Pw,ven panels,sim lam wod,a/t 1 layer pb; pw/block core bd,maho-ven,f door jambs",4412920000,"Plywood,ven panels & simiar lam wood,w at least 1 outer ply of non-con wood, nes",False,same heading,many to many,conc-10-stats-2022.xlsx,2026-09-07
4412999030,"Plywood,veneered panels,sim lam wood,w at least 1 out ply of non-coniferous,nes",4412920000,"Plywood,ven panels & simiar lam wood,w at least 1 outer ply of non-con wood, nes",False,same heading,many to many,conc-10-stats-2022.xlsx,2026-09-07
4412991000,"Pw,ven panels,sim lam wod,a/t 1 layer pb; pw/block core bd,maho-ven,f door jambs",4412990000,"Plywood, ven panels & simiar lam wood, w both outer plies of coniferous wood,nes",False,same subheading,many to many,conc-10-stats-2022.xlsx,2026-09-07
4412999090,"Plywood, veneered panels, similar laminated wood, nes",4412990000,"Plywood, ven panels & simiar lam wood, w both outer plies of coniferous wood,nes",False,same subheading,many to many,conc-10-stats-2022.xlsx,2026-09-07
4414000010,"Frames, of wood, for photographs",4414100000,"Wooden frames,of tropical wood,for paintings,photographs,mirrors/similar objects",False,same heading,many to many,conc-10-stats-2022.xlsx,2026-09-07
4414000090,"Frames, of wood, for paintings, mirrors or similar objects, o/t for photographs",4414100000,"Wooden frames,of tropical wood,for paintings,photographs,mirrors/similar objects",False,same heading,many to many,conc-10-stats-2022.xlsx,2026-09-07
4414000010,"Frames, of wood, for photographs",4414900010,"Wooden frames, for photographs, o/t of tropical wood, nes",False,same heading,split,conc-10-stats-2022.xlsx,2026-09-07
4414000090,"Frames, of wood, for paintings, mirrors or similar objects, o/t for photographs",4414900090,"Wooden frames, for paintings, mirrors or similar objects, o/t tropical wood, nes",False,same heading,split,conc-10-stats-2022.xlsx,2026-09-07
4418101000,"Window frames, of wood",4418111000,"Window frames, of tropical wood",False,same heading,split,conc-10-stats-2022.xlsx,2026-09-07
4418109000,"Windows and french-windows, of wood, o/t their frames",4418119000,"Windows and french-windows, of tropical wood,o/t their frames",False,same heading,split,conc-10-stats-2022.xlsx,2026-09-07
4418101000,"Window frames, of wood",4418191000,"Window frames, other than of tropical wood",False,same heading,split,conc-10-stats-2022.xlsx,2026-09-07
4418109000,"Windows and french-windows, of wood, o/t their frames",4418199000,"Windows and french-windows, o/t of tropical wood or their frames",False,same heading,split,conc-10-stats-2022.xlsx,2026-09-07
4418200011,"Doors, prehung, of wood",4418210000,"Doors and their frames and thresholds, of tropical wood",False,same heading,many to many,conc-10-stats-2022.xlsx,2026-09-07
4418200012,"Doors, flush type, of wood",4418210000,"Doors and their frames and thresholds, of tropical wood",False,same heading,many to many,conc-10-stats-2022.xlsx,2026-09-07
4418200019,"Doors, of wood, nes",4418210000,"Doors and their frames and thresholds, of tropical wood",False,same heading,many to many,conc-10-stats-2022.xlsx,2026-09-07
4418200090,"Frames and thresholds, for doors, of wood",4418210000,"Doors and their frames and thresholds, of tropical wood",False,same heading,many to many,conc-10-stats-2022.xlsx,2026-09-07
4418200011,"Doors, prehung, of wood",4418290011,"Doors, of wood, o/t of tropical wood, prehung",False,same heading,split,conc-10-stats-2022.xlsx,2026-09-07
4418200012,"Doors, flush type, of wood",4418290012,"Doors, of wood, o/t of tropical wood, flush type",False,same heading,split,conc-10-stats-2022.xlsx,2026-09-07
4418200019,"Doors, of wood, nes",4418290019,"Doors, of wood, o/t of tropical wood, nes",False,same heading,split,conc-10-stats-2022.xlsx,2026-09-07
4418200090,"Frames and thresholds, for doors, of wood",4418290090,"Frames and thresholds, for doors, of wood, o/t of tropical wood",False,same heading,split,conc-10-stats-2022.xlsx,2026-09-07
4418600000,"Posts and beams, of wood",4418300000,"Posts & beams,o/t engineered structural timber prod of subhdings 4418.81-4418.89",False,same heading,split,conc-10-stats-2022.xlsx,2026-09-07
4418600000,"Posts and beams, of wood",4418810000,"Engineered structural timber products, glue-laminated timber (glulam)",False,same heading,many to many,conc-10-stats-2022.xlsx,2026-09-07
4418910000,"Builder's joinery and carpentery, of bamboo, nes",4418810000,"Engineered structural timber products, glue-laminated timber (glulam)",False,same heading,many to many,conc-10-stats-2022.xlsx,2026-09-07
4418990010,"Fabricated structural members, of wood, o/t bamboo, nes",4418810000,"Engineered structural timber products, glue-laminated timber (glulam)",False,same heading,many to many,conc-10-stats-2022.xlsx,2026-09-07
4418600000,"Posts and beams, of wood",4418820000,"Engineered structural timber products, cross-laminated timber (CLT or X-lam)",False,same heading,many to many,conc-10-stats-2022.xlsx,2026-09-07
4418910000,"Builder's joinery and carpentery, of bamboo, nes",4418820000,"Engineered structural timber products, cross-laminated timber (CLT or X-lam)",False,same heading,many to many,conc-10-stats-2022.xlsx,2026-09-07
4418990010,"Fabricated structural members, of wood, o/t bamboo, nes",4418820000,"Engineered structural timber products, cross-laminated timber (CLT or X-lam)",False,same heading,many to many,conc-10-stats-2022.xlsx,2026-09-07
4418600000,"Posts and beams, of wood",4418830000,"Engineered structural timber products, I beams",False,same heading,many to many,conc-10-stats-2022.xlsx,2026-09-07
4418910000,"Builder's joinery and carpentery, of bamboo, nes",4418830000,"Engineered structural timber products, I beams",False,same heading,many to many,conc-10-stats-2022.xlsx,2026-09-07
4418990010,"Fabricated structural members, of wood, o/t bamboo, nes",4418830000,"Engineered structural timber products, I beams",False,same heading,many to many,conc-10-stats-2022.xlsx,2026-09-07
4418600000,"Posts and beams, of wood",4418890000,"Engineered structural timber products, nes",False,same heading,many to many,conc-10-stats-2022.xlsx,2026-09-07
4418910000,"Builder's joinery and carpentery, of bamboo, nes",4418890000,"Engineered structural timber products, nes",False,same heading,many to many,conc-10-stats-2022.xlsx,2026-09-07
4418990010,"Fabricated structural members, of wood, o/t bamboo, nes",4418890000,"Engineered structural timber products, nes",False,same heading,many to many,conc-10-stats-2022.xlsx,2026-09-07
4418910000,"Builder's joinery and carpentery, of bamboo, nes",4418910000,"Builder's joinery and carpentery, of bamboo, nes",True,same code,split,conc-10-stats-2022.xlsx,2026-09-07
4418990090,"Builder's joinery and carpentry, of wood, o/t bamboo, nes",4418920000,"Builder's joinery and carpentery, of cellular wood panels, nes",False,same heading,split,conc-10-stats-2022.xlsx,2026-09-07
4418990090,"Builder's joinery and carpentry, of wood, o/t bamboo, nes",4418990000,"Builder's joinery and carpentry, of wood, o/t bamboo, nes",False,same subheading,split,conc-10-stats-2022.xlsx,2026-09-07
4419900000,"Tableware and kitchenware, nes, of wood, o/t bamboo",4419200000,"Tableware and kitchenware, of tropical wood, o/t of bamboo",False,same heading,split,conc-10-stats-2022.xlsx,2026-09-07
4419900000,"Tableware and kitchenware, nes, of wood, o/t bamboo",4419900000,"Tableware and kitchenware, of wood, o/t of tropical wood or bamboo, nes",True,same code,split,conc-10-stats-2022.xlsx,2026-09-07
4420100000,"Statuettes and other ornaments, of wood",4420110000,"Statuettes and other ornaments, of tropical wood",False,same heading,split,conc-10-stats-2022.xlsx,2026-09-07
4420100000,"Statuettes and other ornaments, of wood",4420190000,"Statuettes and other ornaments, of wood, o/t of tropical wood",False,same heading,split,conc-10-stats-2022.xlsx,2026-09-07
4421913000,"Coffins and caskets, of bamboo",4421200000,"Coffins, of wood",False,same heading,merge,conc-10-stats-2022.xlsx,2026-09-07
4421993000,"Coffins and caskets, joiners' benches and trestles, of wood, nes",4421200000,"Coffins, of wood",False,same heading,many to many,conc-10-stats-2022.xlsx,2026-09-07
4421993000,"Coffins and caskets, joiners' benches and trestles, of wood, nes",4421993000,"Joiners' benches and trestles, of wood, nes",True,same code,split,conc-10-stats-2022.xlsx,2026-09-07
4421999090,"Articles of wood, nes",4421999040,"Gates, of wood, for confining children or pets",False,same subheading,split,conc-10-stats-2022-1.xlsx,2026-09-07
4421999090,"Articles of wood, nes",4421999090,"Articles of wood, nes",True,same code,split,conc-10-stats-2022-1.xlsx,2026-09-07
4905910000,"Maps and hydrographic or similar charts of all kinds,printed, in book form",4905200000,"Maps and hydrographic or similar charts of all kinds, printed, in book form",False,same heading,one to one,conc-10-stats-2022.xlsx,2026-09-07
4905100000,"Globes, printed",4905900000,"Maps and hydrographic/similar charts, of all kinds, printed,not in book form,nes",False,same heading,merge,conc-10-stats-2022.xlsx,2026-09-07
4905990000,"Maps and hydrographic or similar charts, of all kinds, printed, not in book form",4905900000,"Maps and hydrographic/similar charts, of all kinds, printed,not in book form,nes",False,same heading,merge,conc-10-stats-2022.xlsx,2026-09-07
5501100000,Synthetic filament tow of nylon or other polyamides,5501110000,"Synthetic filament tow, of aramids, of nylon or other polyamides",False,same heading,split,conc-10-stats-2022.xlsx,2026-09-07
5501100000,Synthetic filament tow of nylon or other polyamides,5501190000,"Synthetic filament tow, of nylon or other polyamides, o/t of aramids, nes",False,same heading,split,conc-10-stats-2022.xlsx,2026-09-07
5703201090,"Carpets of nylon or other polyamides, machine tufted, nes",5703210000,"Textile floor coverings,of turf,of nylon/o polyamides,tufted,whether/not made up",False,same heading,split,conc-10-stats-2022.xlsx,2026-09-07
5703201010,"Carpets of nylon or other polyamides, machine tufted, for automotive use",5703291010,"Carpets & tex floor covg,of nylon/o polyamides,mach tufted, auto use,w/n made up",False,same heading,one to one,conc-10-stats-2022.xlsx,2026-09-07
5703201020,"Tiles,of nylon/other polyamides,machine tufted,having a max surface area 0.3m²",5703291020,"Tiles,nes,of nylon/o polya,o/t turf,mach tufted,max surf area 0.3m², w/n made up",False,same heading,one to one,conc-10-stats-2022.xlsx,2026-09-07
5703201090,"Carpets of nylon or other polyamides, machine tufted, nes",5703291090,"Carpets and tex floor covg,of nylon/o polya,o/t turf,mach tufted,w/n made up,nes",False,same heading,split,conc-10-stats-2022.xlsx,2026-09-07
5703209000,"Carpets of nylon or other polyamides, tufted but o/t machine tufted",5703299000,"Carpets & tex floor covg,of nylon/o polya,tufted,o/t mach tufted,w/n made up,nes",False,same heading,one to one,conc-10-stats-2022.xlsx,2026-09-07
5703301031,"Carpet polypropylene,mach tuft,w a secondary backing polyurethane foam cushion",5703310000,"Carpets and o tex floor covg, of turf, of o man-made tex mat, tufted,w/n made up",False,same heading,many to many,conc-10-stats-2022.xlsx,2026-09-07
5703301039,"Carpet o man-made tex mat,mach tufted,w secondary backing polyu foam cushion,nes",5703310000,"Carpets and o tex floor covg, of turf, of o man-made tex mat, tufted,w/n made up",False,same heading,many to many,conc-10-stats-2022.xlsx,2026-09-07
5703301091,"Carpets of polypropylene, machine tufted, nes",5703310000,"Carpets and o tex floor covg, of turf, of o man-made tex mat, tufted,w/n made up",False,same heading,many to many,conc-10-stats-2022.xlsx,2026-09-07
5703301092,"Carpets of polyesters, machine tufted, nes",5703310000,"Carpets and o tex floor covg, of turf, of o man-made tex mat, tufted,w/n made up",False,same heading,many to many,conc-10-stats-2022.xlsx,2026-09-07
5703301099,"Carpets of other man-made textile materials, machine tufted, nes",5703310000,"Carpets and o tex floor covg, of turf, of o man-made tex mat, tufted,w/n made up",False,same heading,many to many,conc-10-stats-2022.xlsx,2026-09-07
5703301011,"Carpets of polypropylene, machine tufted, for automotive use",5703391010,"Carpets and textile floor covg,of polypropylene,o/t turf,mach tufted,w/n made up",False,same heading,merge,conc-10-stats-2022.xlsx,2026-09-07
5703301031,"Carpet polypropylene,mach tuft,w a secondary backing polyurethane foam cushion",5703391010,"Carpets and textile floor covg,of polypropylene,o/t turf,mach tufted,w/n made up",False,same heading,many to many,conc-10-stats-2022.xlsx,2026-09-07
5703301091,"Carpets of polypropylene, machine tufted, nes",5703391010,"Carpets and textile floor covg,of polypropylene,o/t turf,mach tufted,w/n made up",False,same heading,many to many,conc-10-stats-2022.xlsx,2026-09-07
5703301012,"Carpets of polyesters, machine tufted, for automotive use",5703391020,"Carpets and textile floor covg,of polyesters,o/t turf,mach tufted,w/n made up",False,same heading,merge,conc-10-stats-2022.xlsx,2026-09-07
5703301039,"Carpet o man-made tex mat,mach tufted,w secondary backing polyu foam cushion,nes",5703391020,"Carpets and textile floor covg,of polyesters,o/t turf,mach tufted,w/n made up",False,same heading,many to many,conc-10-stats-2022.xlsx,2026-09-07
5703301092,"Carpets of polyesters, machine tufted, nes",5703391020,"Carpets and textile floor covg,of polyesters,o/t turf,mach tufted,w/n made up",False,same heading,many to many,conc-10-stats-2022.xlsx,2026-09-07
5703301019,"Carpets of other man-made textile materials, machine tufted, automotive use,nes",5703391090,"Carpets & tex floor covg,of o m-m tex mat,o/t turf,mach tufted, w/n made up, nes",False,same heading,merge,conc-10-stats-2022.xlsx,2026-09-07
5703301039,"Carpet o man-made tex mat,mach tufted,w secondary backing polyu foam cushion,nes",5703391090,"Carpets & tex floor covg,of o m-m tex mat,o/t turf,mach tufted, w/n made up, nes",False,same heading,many to many,conc-10-stats-2022.xlsx,2026-09-07
5703301099,"Carpets of other man-made textile materials, machine tufted, nes",5703391090,"Carpets & tex floor covg,of o m-m tex mat,o/t turf,mach tufted, w/n made up, nes",False,same heading,many to many,conc-10-stats-2022.xlsx,2026-09-07
5703309020,"Carpets of polyesters, tufted but o/t machine tufted",5703399010,"Carpets & tex floor covg,of polyesters,o/t turf,mach tufted, w/n made up, nes",False,same heading,one to one,conc-10-stats-2022.xlsx,2026-09-07
5703309090,"Carpets & o textile floor covering,of o m-m tex mat,tufted b o/t mach tufted,nes",5703399090,"Carpets & tex floor covg,of o m-m tex mat,o/t turf,mach tufted, w/n made up, nes",False,same heading,one to one,conc-10-stats-2022.xlsx,2026-09-07
5802110000,"Terry towelling and similar woven terry fab,of cotton,o/t narrow fab,unbleached",5802100000,"Terry towelling,similar woven terry fab, of cotton,o/t narrow fab,w/n unbleached",False,same heading,merge,conc-10-stats-2022.xlsx,2026-09-07
5802190000,"Terry towelling & similar woven terry fab,of cotton,o/t unbl and narrow fabrics",5802100000,"Terry towelling,similar woven terry fab, of cotton,o/t narrow fab,w/n unbleached",False,same heading,merge,conc-10-stats-2022.xlsx,2026-09-07
6116100010,"Gloves,mittens,mitts, impregnated, coated/covered with plastics, knit/crocheted",6116100010,"Gloves and mittens,impregnated,coated,covered/laminated w plastics, knit/crochet",True,same code,merge,conc-10-stats-2022.xlsx,2026-09-07
6116910000,"Gloves, mittens and mitts, of wool or fine animal hair, knitted/crocheted,nes",6116100010,"Gloves and mittens,impregnated,coated,covered/laminated w plastics, knit/crochet",False,same heading,many to many,conc-10-stats-2022.xlsx,2026-09-07
6116920000,"Gloves, mittens and mitts, of cotton, knitted/crocheted, nes",6116100010,"Gloves and mittens,impregnated,coated,covered/laminated w plastics, knit/crochet",False,same heading,many to many,conc-10-stats-2022.xlsx,2026-09-07
6116930010,"Work gloves, mittens & mitts, of synthetic fibres, knitted or crocheted, nes",6116100010,"Gloves and mittens,impregnated,coated,covered/laminated w plastics, knit/crochet",False,same heading,many to many,conc-10-stats-2022.xlsx,2026-09-07
6116930040,"Women's/girls' gloves,mittens & mitts,of other synthetic fibres,knit/crochet,nes",6116100010,"Gloves and mittens,impregnated,coated,covered/laminated w plastics, knit/crochet",False,same heading,many to many,conc-10-stats-2022.xlsx,2026-09-07
6116930090,"Gloves,mittens & mitts,of other synthetic fibres,knit/crocheted,nes",6116100010,"Gloves and mittens,impregnated,coated,covered/laminated w plastics, knit/crochet",False,same heading,many to many,conc-10-stats-2022.xlsx,2026-09-07
6116990000,"Gloves, mittens and mitts, of other textile materials, knitted or crocheted,nes",6116100010,"Gloves and mittens,impregnated,coated,covered/laminated w plastics, knit/crochet",False,same heading,many to many,conc-10-stats-2022.xlsx,2026-09-07
6116100020,"Gloves,mittens,mitts,impregnated,coated,covered with rubber,knitted/crocheted",6116100020,"Gloves and mittens,impregnated,coated,covered/laminated w rubber, knit/crochet",True,same code,merge,conc-10-stats-2022.xlsx,2026-09-07
6116910000,"Gloves, mittens and mitts, of wool or fine animal hair, knitted/crocheted,nes",6116100020,"Gloves and mittens,impregnated,coated,covered/laminated w rubber, knit/crochet",False,same heading,many to many,conc-10-stats-2022.xlsx,2026-09-07
6116920000,"Gloves, mittens and mitts, of cotton, knitted/crocheted, nes",6116100020,"Gloves and mittens,impregnated,coated,covered/laminated w rubber, knit/crochet",False,same heading,many to many,conc-10-stats-2022.xlsx,2026-09-07
6116930010,"Work gloves, mittens & mitts, of synthetic fibres, knitted or crocheted, nes",6116100020,"Gloves and mittens,impregnated,coated,covered/laminated w rubber, knit/crochet",False,same heading,many to many,conc-10-stats-2022.xlsx,2026-09-07
6116930040,"Women's/girls' gloves,mittens & mitts,of other synthetic fibres,knit/crochet,nes",6116100020,"Gloves and mittens,impregnated,coated,covered/laminated w rubber, knit/crochet",False,same heading,many to many,conc-10-stats-2022.xlsx,2026-09-07
6116930090,"Gloves,mittens & mitts,of other synthetic fibres,knit/crocheted,nes",6116100020,"Gloves and mittens,impregnated,coated,covered/laminated w rubber, knit/crochet",False,same heading,many to many,conc-10-stats-2022.xlsx,2026-09-07
6116990000,"Gloves, mittens and mitts, of other textile materials, knitted or crocheted,nes",6116100020,"Gloves and mittens,impregnated,coated,covered/laminated w rubber, knit/crochet",False,same heading,many to many,conc-10-stats-2022.xlsx,2026-09-07
6116910000,"Gloves, mittens and mitts, of wool or fine animal hair, knitted/crocheted,nes",6116910000,"Gloves, mittens and mitts, of wool or fine animal hair, knitted or crocheted,nes",True,same code,split,conc-10-stats-2022.xlsx,2026-09-07
6116920000,"Gloves, mittens and mitts, of cotton, knitted/crocheted, nes",6116920000,"Gloves, mittens and mitts, of cotton, knitted or crocheted, nes",True,same code,split,conc-10-stats-2022.xlsx,2026-09-07
6116930010,"Work gloves, mittens & mitts, of synthetic fibres, knitted or crocheted, nes",6116930010,"Gloves, mittens and mitts,for work,of synthetic fibres,knitted or crocheted, nes",True,same code,split,conc-10-stats-2022.xlsx,2026-09-07
6116930040,"Women's/girls' gloves,mittens & mitts,of other synthetic fibres,knit/crochet,nes",6116930040,"Gloves,mittens and mitts,of women's/girls', of synthetic fibres,knit/crochet,nes",True,same code,split,conc-10-stats-2022.xlsx,2026-09-07
6116930090,"Gloves,mittens & mitts,of other synthetic fibres,knit/crocheted,nes",6116930090,"Gloves, mittens and mitts, of synthetic fibres, knitted or crocheted, nes",True,same code,split,conc-10-stats-2022.xlsx,2026-09-07
6116990000,"Gloves, mittens and mitts, of other textile materials, knitted or crocheted,nes",6116990000,"Gloves, mittens and mitts, of other textile materials, knitted or crocheted, nes",True,same code,split,conc-10-stats-2022.xlsx,2026-09-07
6201110000,"Men's/boys'overcoats & sim art,of wool/fine anml hair,not knit/cro, o/t No 62.03",6201200000,"Men's/boys' overcoats & sim art,of wool/fine anml hair,not knit/cro,o/t No 62.03",False,same heading,merge,conc-10-stats-2022.xlsx,2026-09-07
6201910000,"Men's/boys' anoraks & sim art,of wool/fine anml hair, not knit/cro, o/t No 62.03",6201200000,"Men's/boys' overcoats & sim art,of wool/fine anml hair,not knit/cro,o/t No 62.03",False,same heading,merge,conc-10-stats-2022.xlsx,2026-09-07
6201921000,"Men's ski-jackets, solely of cotton, not knitted or crocheted",6201301000,"Men's ski-jackets, solely of cotton, not knitted/crocheted, o/t No 62.03",False,same heading,one to one,conc-10-stats-2022.xlsx,2026-09-07
6201120000,"Men's/boys' overcoats & sim art, of cotton, not knitted/crocheted,o/t No 62.03",6201309000,"Men's/boys' overcoats & similar articles, nes, cotton, not knit/cro,o/t No 62.03",False,same heading,merge,conc-10-stats-2022.xlsx,2026-09-07
6201929000,"Men's/boys' anoraks,wind-cheaters & sim,of cot,o/t ski-jackets,not knit/cro,nes",6201309000,"Men's/boys' overcoats & similar articles, nes, cotton, not knit/cro,o/t No 62.03",False,same heading,merge,conc-10-stats-2022.xlsx,2026-09-07
6201130000,"Men's/boys' overcoats & sim art, of man-made fibres, not knit/cro, o/t No 62.03",6201401000,"Men's/boys' overcoats,raincoats,sim art,man-made fib,not knit/cro,o/t No 62.03",False,same heading,one to one,conc-10-stats-2022.xlsx,2026-09-07
6201930023,"Men's/boys' anoraks, incl ski-jackets,of nylon/other polyamides,not knit/crochet",6201409011,"Men's/boys' anoraks,incl ski-jackets,of nylon/o polya,not knit/cro, o/t No 62.03",False,same heading,one to one,conc-10-stats-2022.xlsx,2026-09-07
6201930029,"Men's/boys' anoraks,incl ski-jackets,of man-made fibres,not knitted/crochet,nes",6201409019,"Men's/boys' anoraks,incl ski-jackets,of m-m fibres,not knit/cro,o/t No 62.03,nes",False,same heading,one to one,conc-10-stats-2022.xlsx,2026-09-07
6201930033,"Men's/boys' wind-cheater,wind-jacket,sim art,o/t ski-jkt, nylon/polya,n knit/cro",6201409021,"Men's/boys' wind-cheaters & sim art,o/t ski-jackets,of nylon/o polya,n knit/cro",False,same heading,one to one,conc-10-stats-2022.xlsx,2026-09-07
6201930035,"Men's/boys' wind-cheater,wind-jacket & sim art,o/t ski-jacket,polyes,n knit/cro",6201409022,"Men's/boys' wind-cheaters & sim art,o/t ski-jackets,of polyesters, not knit/cro",False,same heading,one to one,conc-10-stats-2022.xlsx,2026-09-07
6201930039,"Men's/boys' wind-cheaters/jackets & sim,m-m fib,o/t ski-jackets,not knit/cro,nes",6201409029,"Men's/boys' wind-cheaters & sim art,o/t ski-jackets,of m-m fib,not knit/cro,nes",False,same heading,one to one,conc-10-stats-2022.xlsx,2026-09-07
6201190000,"Men's/boys',overcoats & similar articles,of o textile mat,n knit/cro,nes",6201900000,"Men's/boys' overcoats & sim art,of o textile mat,not knit/cro,o/t No 62.03,nes",False,same heading,merge,conc-10-stats-2022.xlsx,2026-09-07
6201990000,"Men's/boys',anoraks & similar art,of o textile mat,o/t No 62.03,not knit/cro,nes",6201900000,"Men's/boys' overcoats & sim art,of o textile mat,not knit/cro,o/t No 62.03,nes",False,same heading,merge,conc-10-stats-2022.xlsx,2026-09-07
6202110000,"Women's/girls' overcoat & sim art,wool/fine animal hair,o/t knit/cro,o/t No 62.04",6202200000,"Women's/girls' overcoat&sim art,wool/fine animal hair,not knit/cro, o/t No 62.04",False,same heading,merge,conc-10-stats-2022.xlsx,2026-09-07
6202910000,"Women's/girls'anorak,wind-jacket,etc,wool/fine anml hair,n knit/cro,o/t No 62.04",6202200000,"Women's/girls' overcoat&sim art,wool/fine animal hair,not knit/cro, o/t No 62.04",False,same heading,merge,conc-10-stats-2022.xlsx,2026-09-07
6202120000,"Women's/girls' overcoats & sim articles of cotton,o/t knit/crochet, o/t No 62.04",6202300010,"Women's wind-cheaters & sim art,o/t ski-jackets,cotton,not knit/cro,o/t No 62.04",False,same heading,many to many,conc-10-stats-2022.xlsx,2026-09-07
6202920010,"Women's wind-cheater, jacket,etc,o/t ski jacket,of cot,not knit/cro,o/t No 62.04",6202300010,"Women's wind-cheaters & sim art,o/t ski-jackets,cotton,not knit/cro,o/t No 62.04",False,same heading,merge,conc-10-stats-2022.xlsx,2026-09-07
6202120000,"Women's/girls' overcoats & sim articles of cotton,o/t knit/crochet, o/t No 62.04",6202300090,"Women's/girls' overcoats & sim art,nes, of cotton,not knit/crochet, o/t No 62.04",False,same heading,many to many,conc-10-stats-2022.xlsx,2026-09-07
6202920090,"Women's/girls' anorak,incl ski-jackets, of cot, o/t knit/cro, o/t No 62.04,nes",6202300090,"Women's/girls' overcoats & sim art,nes, of cotton,not knit/crochet, o/t No 62.04",False,same heading,merge,conc-10-stats-2022.xlsx,2026-09-07
6202130030,"Women's/girls' overcoats & sim art of nylon/other polya,o/t knit/cro,o/t No 62.04",6202400010,"Women's/girls' overcoats & sim art, of nylon/o polya,n knit/crochet,o/t No 62.04",False,same heading,merge,conc-10-stats-2022.xlsx,2026-09-07
6202930010,"Women's/girls' anoraks,incl ski-jackets,of man-made fibres,not knit/crochet,nes",6202400010,"Women's/girls' overcoats & sim art, of nylon/o polya,n knit/crochet,o/t No 62.04",False,same heading,many to many,conc-10-stats-2022.xlsx,2026-09-07
6202930020,"Women's/girls' wind-cheaters/jackets & sim,m-m fib,o/t ski-jkt,o/t knit/cro,nes",6202400010,"Women's/girls' overcoats & sim art, of nylon/o polya,n knit/crochet,o/t No 62.04",False,same heading,many to many,conc-10-stats-2022.xlsx,2026-09-07
6202130050,"Women's/girls' overcoats & similar art, of polyesters, not knit/cro,o/t No 62.04",6202400020,"Women's/girls' overcoats and sim art,of polyesters,not knit/crochet,o/t No 62.04",False,same heading,merge,conc-10-stats-2022.xlsx,2026-09-07
6202930010,"Women's/girls' anoraks,incl ski-jackets,of man-made fibres,not knit/crochet,nes",6202400020,"Women's/girls' overcoats and sim art,of polyesters,not knit/crochet,o/t No 62.04",False,same heading,many to many,conc-10-stats-2022.xlsx,2026-09-07
6202930020,"Women's/girls' wind-cheaters/jackets & sim,m-m fib,o/t ski-jkt,o/t knit/cro,nes",6202400020,"Women's/girls' overcoats and sim art,of polyesters,not knit/crochet,o/t No 62.04",False,same heading,many to many,conc-10-stats-2022.xlsx,2026-09-07
6202130090,"Women's/girls' overcoat & sim art,of o man-made fib,o/t knit/cro,o/t No 62.04,nes",6202400090,"Women's/girls' overcoats & sim art,of man-made fib,not knit/cro,o/t No 62.04,nes",False,same heading,merge,conc-10-stats-2022.xlsx,2026-09-07
6202930010,"Women's/girls' anoraks,incl ski-jackets,of man-made fibres,not knit/crochet,nes",6202400090,"Women's/girls' overcoats & sim art,of man-made fib,not knit/cro,o/t No 62.04,nes",False,same heading,many to many,conc-10-stats-2022.xlsx,2026-09-07
6202930020,"Women's/girls' wind-cheaters/jackets & sim,m-m fib,o/t ski-jkt,o/t knit/cro,nes",6202400090,"Women's/girls' overcoats & sim art,of man-made fib,not knit/cro,o/t No 62.04,nes",False,same heading,many to many,conc-10-stats-2022.xlsx,2026-09-07
6202190000,"Women's/girls' overcoats & sim art,of o textile mat,o/t No 62.04,not knit/cro",6202901000,"Women's/girls' overcoats,raincoats,sim art, of o tex mat,n knit/cro,o/t No 62.04",False,same heading,one to one,conc-10-stats-2022.xlsx,2026-09-07
6202990000,"Women's/girls',anoraks & sim articles,of textile mat,o/t No 62.04,n knit/cro,nes",6202909000,"Women's/girls' overcoats & sim art,of o textile mat,n knit/cro, o/t No 62.04,nes",False,same heading,one to one,conc-10-stats-2022.xlsx,2026-09-07
6210401000,"Men's/boys' protective suits empl noxious atmos, impreg/ctd/cov/etc,tex wov fab",6210201000,"M/b protective suits noxious atmos,type in No 62.01,felt/nonwov/tex,not knit/cro",False,same heading,split,conc-10-stats-2022.xlsx,2026-09-07
6210200000,"Men's/boys' overcoats and similar articles,of impreg/ctd/cov,etc,tex wov fabrics",6210209000,"Men's/boys' overcoats & similar articles,felt/nonwovens/tex fab,not knit/cro,nes",False,same subheading,merge,conc-10-stats-2022.xlsx,2026-09-07
6210409000,"Men's/boys' garments, of fabrics of No 59.03, 59.06 or 59.07, nes",6210209000,"Men's/boys' overcoats & similar articles,felt/nonwovens/tex fab,not knit/cro,nes",False,same heading,many to many,conc-10-stats-2022.xlsx,2026-09-07
6210501000,"Women's/girls' protec suits empl noxious atmos,impreg/ctd/cov/etc, tex woven fab",6210301000,"W/g protective suits noxious atmos,type in No 62.01,felt/nonwov/tex,not knit/cro",False,same heading,split,conc-10-stats-2022.xlsx,2026-09-07
6210300000,"Women's/girls' overcoats and similar articles,impreg/ctd/cov,etc,tex wov fabrics",6210309000,"Women's/girls overcoats,similar articles,felt/nonwovens/tex fab,not knit/cro,nes",False,same subheading,merge,conc-10-stats-2022.xlsx,2026-09-07
6210509000,"Women's/girls' garments, of fabrics of No 59.03, 59.06 or 59.07, nes",6210309000,"Women's/girls overcoats,similar articles,felt/nonwovens/tex fab,not knit/cro,nes",False,same heading,many to many,conc-10-stats-2022.xlsx,2026-09-07
6210401000,"Men's/boys' protective suits empl noxious atmos, impreg/ctd/cov/etc,tex wov fab",6210401000,"Men's/boys' protective suits noxious atmos,felt/nonwov/tex fab,not knit/cro,nes",True,same code,split,conc-10-stats-2022.xlsx,2026-09-07
6210409000,"Men's/boys' garments, of fabrics of No 59.03, 59.06 or 59.07, nes",6210409000,"Men's/boys' garments,of felt/nonwovens/textile fabrics,not knitted/crocheted,nes",True,same code,split,conc-10-stats-2022.xlsx,2026-09-07
6210501000,"Women's/girls' protec suits empl noxious atmos,impreg/ctd/cov/etc, tex woven fab",6210501000,"Women's/girls' protective suits f noxious atmos,felt/nonwov/tex,not knit/cro,nes",True,same code,split,conc-10-stats-2022.xlsx,2026-09-07
6210509000,"Women's/girls' garments, of fabrics of No 59.03, 59.06 or 59.07, nes",6210509000,"Women's/girls' garments,of felt/nonwovens/textile fabrics,not knit/crocheted,nes",True,same code,split,conc-10-stats-2022.xlsx,2026-09-07
6307909990,"Made up articles, of textile materials, including dress patterns, nes",6307909930,"Infant/child carrier incl backpack style, of other textile materials nes",False,same subheading,split,conc-10-stats-2022-1.xlsx,2026-09-07
6307909990,"Made up articles, of textile materials, including dress patterns, nes",6307909990,"Made up articles, of textile materials, including dress patterns, nes",True,same code,split,conc-10-stats-2022-1.xlsx,2026-09-07
6812920000,"Paper, millboard and felt, of asbestos, o/t crocidolite",6812990000,"Fabr asbestos fibres;mixt w basis of asbestos/asb & mag carb;art of mixt/asb,nes",False,same heading,merge,conc-10-stats-2022.xlsx,2026-09-07
6812930000,"Compressed asbestos fibre jointing, o/t crocidolite, in sheets or rolls",6812990000,"Fabr asbestos fibres;mixt w basis of asbestos/asb & mag carb;art of mixt/asb,nes",False,same heading,merge,conc-10-stats-2022.xlsx,2026-09-07
6812990000,"Fabr asbestos fibres;mixt w basis of asbestos/asb & mag carb;art of mixt/asb,nes",6812990000,"Fabr asbestos fibres;mixt w basis of asbestos/asb & mag carb;art of mixt/asb,nes",True,same code,merge,conc-10-stats-2022.xlsx,2026-09-07
6815999000,"Articles of stone or of other mineral substances, nes",6815110000,"Articles, of carbon fibres, for non-electrical use",False,same heading,split,conc-10-stats-2022.xlsx,2026-09-07
6815999000,"Articles of stone or of other mineral substances, nes",6815120000,"Articles, of fabrics of carbon fibres, for non-electrical uses",False,same heading,split,conc-10-stats-2022.xlsx,2026-09-07
6815999000,"Articles of stone or of other mineral substances, nes",6815130000,"Articles, of carbon fibres, o/t fabric, for non-electrical uses",False,same heading,split,conc-10-stats-2022.xlsx,2026-09-07
6815100000,Non-electrical articles of graphite or other carbon,6815190000,"Articles, of graphite or other carbon, for non-electrical uses",False,same heading,one to one,conc-10-stats-2022.xlsx,2026-09-07
6815910000,"Articles containing magnesite, dolomite or chromite",6815911000,"Refractory bricks,sim const prod for production metallurgical coke, iron & steel",False,same subheading,merge,conc-10-stats-2022.xlsx,2026-09-07
6815991000,"Foundry facings,dental models/casts,olivine panels,bricks,etc,in stone/o min,nes",6815911000,"Refractory bricks,sim const prod for production metallurgical coke, iron & steel",False,same heading,many to many,conc-10-stats-2022.xlsx,2026-09-07
6815999000,"Articles of stone or of other mineral substances, nes",6815919000,"Articles, of stone/o mineral substances, cont magnesite, dolomite/chromite, nes",False,same heading,split,conc-10-stats-2022.xlsx,2026-09-07
6815991000,"Foundry facings,dental models/casts,olivine panels,bricks,etc,in stone/o min,nes",6815991000,"Foundry facings,dental models/casts,olivine panels,bricks,etc,in stone/o min,nes",True,same code,split,conc-10-stats-2022.xlsx,2026-09-07
6815999000,"Articles of stone or of other mineral substances, nes",6815999000,"Articles, of stone or of other mineral substances, nes",True,same code,split,conc-10-stats-2022.xlsx,2026-09-07
7001000000,Cullet & other waste and scrap of glass; glass in the mass,7001000000,"Cullet,o w/s of glass,excl glass f CRT/o activat glass of No 85.49;glass in mass",True,same code,split,conc-10-stats-2022.xlsx,2026-09-07
7007110000,"Safety glass, toughened, tempered, for vehicles,aircraft,spacecraft or vessels",7007110000,"Safety glass toughened, tempered, for vehicles, aircraft, spacecraft/vessels",True,same code,split,conc-10-stats-2022.xlsx,2026-09-07
7007190010,"Safety glass toughened, tempered, having an absorbent or reflecting layer",7007190010,"Safety glass, toughened (tempered), having an absorbent or reflecting layer",True,same code,split,conc-10-stats-2022.xlsx,2026-09-07
7007190020,"Safety glass toughened, tempered, coloured throughout the mass, nes",7007190020,"Safety glass,toughened (tempered), coloured throughout the mass, nes",True,same code,split,conc-10-stats-2022.xlsx,2026-09-07
7007190032,"Safety glass toughened, tempered, colourless, thickness <= 6mm,nes",7007190032,"Safety glass toughened, tempered, nes,colourless, thickness <= 6mm",True,same code,split,conc-10-stats-2022.xlsx,2026-09-07
7007190033,"Safety glass toughened, tempered, colourless, thickness >6mm,nes",7007190033,"Safety glass toughened, tempered, nes, colourless, thickness > 6 mm",True,same code,split,conc-10-stats-2022.xlsx,2026-09-07
7007210090,"Safety glass, laminated, nes, for vehicles, aircraft, spacecraft or vessels",7007210000,"Safety glass, laminated,shape and size for vehicles,aircraft, spacecraft/vessels",False,same subheading,split,conc-10-stats-2022.xlsx,2026-09-07
7007290000,"Safety glass, laminated, nes",7007290000,"Safety glass, laminated, nes",True,same code,split,conc-10-stats-2022.xlsx,2026-09-07
7019190000,"Slivers, yarn and other chopped strands, of glass, nes",7019130000,"Slivers, of glass fibres, including glass wool",False,same heading,split,conc-10-stats-2022.xlsx,2026-09-07
7019310010,"Glass fibre mats, of continuous strand",7019140000,"Mechanically bonded mats, of glass fibres, including glass wool",False,same heading,many to many,conc-10-stats-2022.xlsx,2026-09-07
7019310020,"Other mats solely of glass fibres, nes",7019140000,"Mechanically bonded mats, of glass fibres, including glass wool",False,same heading,many to many,conc-10-stats-2022.xlsx,2026-09-07
7019310090,"Mats of glass fibres including glass wool, nes",7019140000,"Mechanically bonded mats, of glass fibres, including glass wool",False,same heading,many to many,conc-10-stats-2022.xlsx,2026-09-07
7019310010,"Glass fibre mats, of continuous strand",7019150000,"Chemically bonded mats, of glass fibres, including glass wool",False,same heading,many to many,conc-10-stats-2022.xlsx,2026-09-07
7019310020,"Other mats solely of glass fibres, nes",7019150000,"Chemically bonded mats, of glass fibres, including glass wool",False,same heading,many to many,conc-10-stats-2022.xlsx,2026-09-07
7019310090,"Mats of glass fibres including glass wool, nes",7019150000,"Chemically bonded mats, of glass fibres, including glass wool",False,same heading,many to many,conc-10-stats-2022.xlsx,2026-09-07
7019190000,"Slivers, yarn and other chopped strands, of glass, nes",7019190000,"Slivers, rovings, yarn and chopped strands and mats thereof, of glass fibres,nes",True,same code,many to many,conc-10-stats-2022.xlsx,2026-09-07
7019310010,"Glass fibre mats, of continuous strand",7019190000,"Slivers, rovings, yarn and chopped strands and mats thereof, of glass fibres,nes",False,same heading,many to many,conc-10-stats-2022.xlsx,2026-09-07
7019310020,"Other mats solely of glass fibres, nes",7019190000,"Slivers, rovings, yarn and chopped strands and mats thereof, of glass fibres,nes",False,same heading,many to many,conc-10-stats-2022.xlsx,2026-09-07
7019310090,"Mats of glass fibres including glass wool, nes",7019190000,"Slivers, rovings, yarn and chopped strands and mats thereof, of glass fibres,nes",False,same heading,many to many,conc-10-stats-2022.xlsx,2026-09-07
7019400000,"Glass fibres, including glass wool, woven fabrics of rovings",7019610000,"Mechanically bonded fabrics of glass fibres, closed woven fabrics of rovings",False,same heading,split,conc-10-stats-2022.xlsx,2026-09-07
7019390090,"Webs, mattresses, boards and similar nonwoven products of glass fibres, nes",7019620000,"Mechanically bonded fabrics of glass fibres,closed fabrics of rovings, o/t woven",False,same heading,split,conc-10-stats-2022.xlsx,2026-09-07
7019510000,"Woven fabrics, of glass fibres, of a width not exceeding 30 cm, nes",7019630000,"Mech bonded fabrics of glass fib,closed wov fab,plain weave,of yarns,not ctd/lam",False,same heading,many to many,conc-10-stats-2022.xlsx,2026-09-07
7019520000,"Woven glass fab,>30 cm wd,plain wev,wt < 250 g/m²,of fi per s yarn <=136 tex,nes",7019630000,"Mech bonded fabrics of glass fib,closed wov fab,plain weave,of yarns,not ctd/lam",False,same heading,many to many,conc-10-stats-2022.xlsx,2026-09-07
7019590090,"Woven fabrics, of glass fibres, nes",7019630000,"Mech bonded fabrics of glass fib,closed wov fab,plain weave,of yarns,not ctd/lam",False,same heading,many to many,conc-10-stats-2022.xlsx,2026-09-07
7019510000,"Woven fabrics, of glass fibres, of a width not exceeding 30 cm, nes",7019640000,"Mech bonded fabrics of glass fib,closed wov fab, plain weave,of yarns, ctd/lam",False,same heading,many to many,conc-10-stats-2022.xlsx,2026-09-07
7019520000,"Woven glass fab,>30 cm wd,plain wev,wt < 250 g/m²,of fi per s yarn <=136 tex,nes",7019640000,"Mech bonded fabrics of glass fib,closed wov fab, plain weave,of yarns, ctd/lam",False,same heading,many to many,conc-10-stats-2022.xlsx,2026-09-07
7019590010,"Woven fabrics of glass fibres, coated or dipped, nes",7019640000,"Mech bonded fabrics of glass fib,closed wov fab, plain weave,of yarns, ctd/lam",False,same heading,many to many,conc-10-stats-2022.xlsx,2026-09-07
7019590090,"Woven fabrics, of glass fibres, nes",7019640000,"Mech bonded fabrics of glass fib,closed wov fab, plain weave,of yarns, ctd/lam",False,same heading,many to many,conc-10-stats-2022.xlsx,2026-09-07
7019400000,"Glass fibres, including glass wool, woven fabrics of rovings",7019650000,"Mech bonded fabrics of glass fibres, of open woven fabrics, of a width < 30 cm",False,same heading,many to many,conc-10-stats-2022.xlsx,2026-09-07
7019510000,"Woven fabrics, of glass fibres, of a width not exceeding 30 cm, nes",7019650000,"Mech bonded fabrics of glass fibres, of open woven fabrics, of a width < 30 cm",False,same heading,many to many,conc-10-stats-2022.xlsx,2026-09-07
7019400000,"Glass fibres, including glass wool, woven fabrics of rovings",7019660000,"Mech bonded fabrics of glass fibres, of open woven fabrics, of a width > 30 cm",False,same heading,many to many,conc-10-stats-2022.xlsx,2026-09-07
7019520000,"Woven glass fab,>30 cm wd,plain wev,wt < 250 g/m²,of fi per s yarn <=136 tex,nes",7019660000,"Mech bonded fabrics of glass fibres, of open woven fabrics, of a width > 30 cm",False,same heading,many to many,conc-10-stats-2022.xlsx,2026-09-07
7019590010,"Woven fabrics of glass fibres, coated or dipped, nes",7019660000,"Mech bonded fabrics of glass fibres, of open woven fabrics, of a width > 30 cm",False,same heading,many to many,conc-10-stats-2022.xlsx,2026-09-07
7019590090,"Woven fabrics, of glass fibres, nes",7019660000,"Mech bonded fabrics of glass fibres, of open woven fabrics, of a width > 30 cm",False,same heading,many to many,conc-10-stats-2022.xlsx,2026-09-07
7019390090,"Webs, mattresses, boards and similar nonwoven products of glass fibres, nes",7019690000,"Mechanically bonded fabrics, nes, of glass fibres, including glass wool",False,same heading,many to many,conc-10-stats-2022.xlsx,2026-09-07
7019510000,"Woven fabrics, of glass fibres, of a width not exceeding 30 cm, nes",7019690000,"Mechanically bonded fabrics, nes, of glass fibres, including glass wool",False,same heading,many to many,conc-10-stats-2022.xlsx,2026-09-07
7019590010,"Woven fabrics of glass fibres, coated or dipped, nes",7019690000,"Mechanically bonded fabrics, nes, of glass fibres, including glass wool",False,same heading,many to many,conc-10-stats-2022.xlsx,2026-09-07
7019590090,"Woven fabrics, of glass fibres, nes",7019690000,"Mechanically bonded fabrics, nes, of glass fibres, including glass wool",False,same heading,many to many,conc-10-stats-2022.xlsx,2026-09-07
7019320000,"Thin sheets (voiles), of glass fibres",7019710000,"Chemically bonded fabrics,of thin sheets(voiles),of glass fibres,incl glass wool",False,same heading,one to one,conc-10-stats-2022.xlsx,2026-09-07
7019390090,"Webs, mattresses, boards and similar nonwoven products of glass fibres, nes",7019720000,"Chemically bonded fabrics,of closed fabrics,of glass fibres,including glass wool",False,same heading,split,conc-10-stats-2022.xlsx,2026-09-07
7019390090,"Webs, mattresses, boards and similar nonwoven products of glass fibres, nes",7019730000,"Chemically bonded fabrics,of open fabrics, of glass fibres, including glass wool",False,same heading,split,conc-10-stats-2022.xlsx,2026-09-07
7019390021,Glass fibre pipe covering insulation,7019800011,"Pipe coverings, of glass wool",False,same heading,one to one,conc-10-stats-2022.xlsx,2026-09-07
7019390029,"Glass fibres insulation products, nes",7019800019,"Articles, of glass wool, nes",False,same heading,one to one,conc-10-stats-2022.xlsx,2026-09-07
7019390090,"Webs, mattresses, boards and similar nonwoven products of glass fibres, nes",7019800090,"Glass wool and articles, of glass wool, nes",False,same heading,many to many,conc-10-stats-2022.xlsx,2026-09-07
7019900090,"Glass fibres and articles thereof, nes",7019800090,"Glass wool and articles, of glass wool, nes",False,same heading,many to many,conc-10-stats-2022.xlsx,2026-09-07
7019390090,"Webs, mattresses, boards and similar nonwoven products of glass fibres, nes",7019900090,"Glass fibres, including glass wool and articles thereof, nes",False,same heading,many to many,conc-10-stats-2022.xlsx,2026-09-07
7019400000,"Glass fibres, including glass wool, woven fabrics of rovings",7019900090,"Glass fibres, including glass wool and articles thereof, nes",False,same heading,many to many,conc-10-stats-2022.xlsx,2026-09-07
7019510000,"Woven fabrics, of glass fibres, of a width not exceeding 30 cm, nes",7019900090,"Glass fibres, including glass wool and articles thereof, nes",False,same heading,many to many,conc-10-stats-2022.xlsx,2026-09-07
7019520000,"Woven glass fab,>30 cm wd,plain wev,wt < 250 g/m²,of fi per s yarn <=136 tex,nes",7019900090,"Glass fibres, including glass wool and articles thereof, nes",False,same heading,many to many,conc-10-stats-2022.xlsx,2026-09-07
7019590090,"Woven fabrics, of glass fibres, nes",7019900090,"Glass fibres, including glass wool and articles thereof, nes",False,same heading,many to many,conc-10-stats-2022.xlsx,2026-09-07
7019900090,"Glass fibres and articles thereof, nes",7019900090,"Glass fibres, including glass wool and articles thereof, nes",True,same code,many to many,conc-10-stats-2022.xlsx,2026-09-07
7104200010,"Synthetic or reconstructed diamonds, unworked or simply sawn or roughly shaped",7104210000,"Synthetic or reconstructed diamonds, unworked or simply sawn or roughly shaped",False,same heading,one to one,conc-10-stats-2022.xlsx,2026-09-07
7104200090,"Syn/reconstructed gemstones o/t diamond,unworked/simply sawn/roughtly shaped,nes",7104290000,"Syn/reconstructed gemstones o/t diamond,unworked/simply sawn/roughtly shaped,nes",False,same heading,one to one,conc-10-stats-2022.xlsx,2026-09-07
7104900010,"Synthetic or reconstructed diamonds, otherwise worked, nes",7104910000,"Synthetic or reconstructed diamonds, otherwise worked, nes",False,same heading,one to one,conc-10-stats-2022.xlsx,2026-09-07
7104900090,"Syn/reconstructed precious/semiprecious stones o/t diamond, otherwise worked,nes",7104990000,"Syn/reconstructed precious/semiprecious stones o/t diamond, otherwise worked,nes",False,same heading,one to one,conc-10-stats-2022.xlsx,2026-09-07
7112910010,"Scrap gold jewellery,incl metal clad w gold,o/t sweepings cont o prec metals",7112910010,"Scrap,gold jewellery, incl metal clad with gold,o/t sweepings cont o prec metals",True,same code,split,conc-10-stats-2022.xlsx,2026-09-07
7112910090,"Waste&scrap of gold,incl metal clad w gold,o/t sweepings cont o prec metal,nes",7112910090,"Waste and scrap,of gold, o/t scrap jewellery,including metal clad with gold, nes",True,same code,split,conc-10-stats-2022.xlsx,2026-09-07
7112920000,"Waste & scrap of platinum,incl metal clad w plat,o/t sweeping cont o prec met",7112920000,"Waste & scrap, of platinum, incl met clad w plat,o/t sweepings cont o prec metal",True,same code,split,conc-10-stats-2022.xlsx,2026-09-07
7112990000,"Waste and scrap of precious metal or of metal clad with precious metal, nes",7112990000,"Waste & scrap,of prec metal/metal clad w prec metal compd,o/t goods No 85.49,nes",True,same code,split,conc-10-stats-2022.xlsx,2026-09-07
7208510010,"Flat rolled prod, i/nas, nic, hr, heat-treated, >10mm thick",7208510011,"Flat roll prod,i/nas,wd>=600mm,n clad/etc/h trtd,>10mm thk,pres ves qlty,vac deg",False,same subheading,split,conc-10-stats-2022-1.xlsx,2026-09-07
7208510010,"Flat rolled prod, i/nas, nic, hr, heat-treated, >10mm thick",7208510012,"Flat roll prod,i/nas,wd>=600mm,n clad/etc,>10mm thk,pres ves qlty,not vac deg",False,same subheading,split,conc-10-stats-2022-1.xlsx,2026-09-07
7208510010,"Flat rolled prod, i/nas, nic, hr, heat-treated, >10mm thick",7208510019,"Flat roll prod,i/nas,wd>=600mm,hr,etc./ctd/nic,nfwt, heat treated,>10mm thk,nes",False,same subheading,split,conc-10-stats-2022-1.xlsx,2026-09-07
7208510091,"Flat rolled prod, i/nas, nic, hr, >10mm thk,>=600 but<=1525mm wide, nes",7208510021,"Flat roll prod, i/nas,not in coil,hr ,nes,<1,168.4mm wide, >10mm thk",False,same subheading,split,conc-10-stats-2022-1.xlsx,2026-09-07
7208510091,"Flat rolled prod, i/nas, nic, hr, >10mm thk,>=600 but<=1525mm wide, nes",7208510022,"Flat roll prod,i/nas,not in coil,hr,nes,>=1,168.4mm wide,>10mm thk,<=1,879.6 mm",False,same subheading,many to many,conc-10-stats-2022-1.xlsx,2026-09-07
7208510092,"Flat rolled prod, i/nas, nic, hr, >10mm thk, >1525 but<=1830mm wide, nes",7208510022,"Flat roll prod,i/nas,not in coil,hr,nes,>=1,168.4mm wide,>10mm thk,<=1,879.6 mm",False,same subheading,many to many,conc-10-stats-2022-1.xlsx,2026-09-07
7208510093,"Flat rolled prod, i/nas, nic, hr, >10mm thk, >1830mm but<=2450mm wide, nes",7208510022,"Flat roll prod,i/nas,not in coil,hr,nes,>=1,168.4mm wide,>10mm thk,<=1,879.6 mm",False,same subheading,many to many,conc-10-stats-2022-1.xlsx,2026-09-07
7208510093,"Flat rolled prod, i/nas, nic, hr, >10mm thk, >1830mm but<=2450mm wide, nes",7208510023,"Flat roll prod,i/nas,not in coil,hr,nes,>1,879.6mm wide,>10mm thk,but<=2,489.2mm",False,same subheading,split,conc-10-stats-2022-1.xlsx,2026-09-07
7208510094,"Flat rolled prod, i/nas, nic, hr, >10mm thk, >2450mm but<=3050mm wide, nes",7208510024,"Flat roll prod,i/nas,not in coil,hr,nes,>2,489.2mm wide,>10mm thk,but<=3,098.8mm",False,same subheading,many to many,conc-10-stats-2022-1.xlsx,2026-09-07
7208510095,"Flat rolled prod, i/nas, nic, hr, >10mm thk, >3050mm wide, nes",7208510024,"Flat roll prod,i/nas,not in coil,hr,nes,>2,489.2mm wide,>10mm thk,but<=3,098.8mm",False,same subheading,many to many,conc-10-stats-2022-1.xlsx,2026-09-07
7208510095,"Flat rolled prod, i/nas, nic, hr, >10mm thk, >3050mm wide, nes",7208510025,"Flat roll prod, i/nas,not in coil, hr,nes,>3,098.8mm wide,>10mm thk,",False,same subheading,split,conc-10-stats-2022-1.xlsx,2026-09-07
7208510091,"Flat rolled prod, i/nas, nic, hr, >10mm thk,>=600 but<=1525mm wide, nes",7208510031,"Flat roll prod,i/nas,hr,etc.,nfwt,hr, < 1,168.4mm wide, nht, >15.875mm thk",False,same subheading,split,conc-10-stats-2022-1.xlsx,2026-09-07
7208510091,"Flat rolled prod, i/nas, nic, hr, >10mm thk,>=600 but<=1525mm wide, nes",7208510032,"Flat roll prod,i/nas,hr,etc.,nfwt,hr,>=1,168.4 wd,nht,>15.875mm thk,<=1,879.6mm",False,same subheading,many to many,conc-10-stats-2022-1.xlsx,2026-09-07
7208510092,"Flat rolled prod, i/nas, nic, hr, >10mm thk, >1525 but<=1830mm wide, nes",7208510032,"Flat roll prod,i/nas,hr,etc.,nfwt,hr,>=1,168.4 wd,nht,>15.875mm thk,<=1,879.6mm",False,same subheading,many to many,conc-10-stats-2022-1.xlsx,2026-09-07
7208510093,"Flat rolled prod, i/nas, nic, hr, >10mm thk, >1830mm but<=2450mm wide, nes",7208510032,"Flat roll prod,i/nas,hr,etc.,nfwt,hr,>=1,168.4 wd,nht,>15.875mm thk,<=1,879.6mm",False,same subheading,many to many,conc-10-stats-2022-1.xlsx,2026-09-07
7208510093,"Flat rolled prod, i/nas, nic, hr, >10mm thk, >1830mm but<=2450mm wide, nes",7208510033,"Flat roll prod,i/nas,hr,etc.,nfwt,hr,>1,879.6mm wd,nht,>15.875mm thk,<=2,489.2mm",False,same subheading,split,conc-10-stats-2022-1.xlsx,2026-09-07
7208510094,"Flat rolled prod, i/nas, nic, hr, >10mm thk, >2450mm but<=3050mm wide, nes",7208510034,"Flat roll prod,i/nas,hr,etc.,nfwt,hr,>2,489.2mm wd,nht,>15.875mm thk,<=3.098.8mm",False,same subheading,many to many,conc-10-stats-2022-1.xlsx,2026-09-07
7208510095,"Flat rolled prod, i/nas, nic, hr, >10mm thk, >3050mm wide, nes",7208510034,"Flat roll prod,i/nas,hr,etc.,nfwt,hr,>2,489.2mm wd,nht,>15.875mm thk,<=3.098.8mm",False,same subheading,many to many,conc-10-stats-2022-1.xlsx,2026-09-07
7208510095,"Flat rolled prod, i/nas, nic, hr, >10mm thk, >3050mm wide, nes",7208510035,"Flat roll prod,i/nas,hr,etc.,nfwt,hr,>3,098.8mm wide,nht, >15.875mm thick",False,same subheading,split,conc-10-stats-2022-1.xlsx,2026-09-07
7208510091,"Flat rolled prod, i/nas, nic, hr, >10mm thk,>=600 but<=1525mm wide, nes",7208510041,"Flat roll prod,i/nas,hr,etc.,nfwt,hr, <1,168.4mm wide, nht, >25.4mm thick",False,same subheading,split,conc-10-stats-2022-1.xlsx,2026-09-07
7208510091,"Flat rolled prod, i/nas, nic, hr, >10mm thk,>=600 but<=1525mm wide, nes",7208510042,"Flat roll prod,i/nas,hr,etc.,nfwt,hr,>=1,168.4mm wd,nht,>25.4mm thk,<=1,879.6mm",False,same subheading,many to many,conc-10-stats-2022-1.xlsx,2026-09-07
7208510092,"Flat rolled prod, i/nas, nic, hr, >10mm thk, >1525 but<=1830mm wide, nes",7208510042,"Flat roll prod,i/nas,hr,etc.,nfwt,hr,>=1,168.4mm wd,nht,>25.4mm thk,<=1,879.6mm",False,same subheading,many to many,conc-10-stats-2022-1.xlsx,2026-09-07
7208510093,"Flat rolled prod, i/nas, nic, hr, >10mm thk, >1830mm but<=2450mm wide, nes",7208510042,"Flat roll prod,i/nas,hr,etc.,nfwt,hr,>=1,168.4mm wd,nht,>25.4mm thk,<=1,879.6mm",False,same subheading,many to many,conc-10-stats-2022-1.xlsx,2026-09-07
7208510093,"Flat rolled prod, i/nas, nic, hr, >10mm thk, >1830mm but<=2450mm wide, nes",7208510043,"Flat roll prod,i/nas,hr,etc,nfwt,hr,>1,879.6mm wd,nht,>25.4mm thk,but<=2,489.2mm",False,same subheading,split,conc-10-stats-2022-1.xlsx,2026-09-07
7208510094,"Flat rolled prod, i/nas, nic, hr, >10mm thk, >2450mm but<=3050mm wide, nes",7208510044,"Flat roll prod,i/nas,hr,etc.,nfwt,hr,>2,489.2 wd,nht,>25.4mm thk,but<=3,098.8mm",False,same subheading,many to many,conc-10-stats-2022-1.xlsx,2026-09-07
7208510095,"Flat rolled prod, i/nas, nic, hr, >10mm thk, >3050mm wide, nes",7208510044,"Flat roll prod,i/nas,hr,etc.,nfwt,hr,>2,489.2 wd,nht,>25.4mm thk,but<=3,098.8mm",False,same subheading,many to many,conc-10-stats-2022-1.xlsx,2026-09-07
7208510095,"Flat rolled prod, i/nas, nic, hr, >10mm thk, >3050mm wide, nes",7208510045,"Flat roll prod,i/nas,hr,etc.,nfwt,hr,>3,098.8mm wide, nht, >25.4mm thk",False,same subheading,split,conc-10-stats-2022-1.xlsx,2026-09-07
7208510091,"Flat rolled prod, i/nas, nic, hr, >10mm thk,>=600 but<=1525mm wide, nes",7208510051,"Flat roll prod,i/nas,hr,etc.,nfwt,hr, <1,168.4mm wide, nht, >50.8 mm thick",False,same subheading,split,conc-10-stats-2022-1.xlsx,2026-09-07
7208510091,"Flat rolled prod, i/nas, nic, hr, >10mm thk,>=600 but<=1525mm wide, nes",7208510052,"Flat roll prod,i/nas,hr/etc/nfwt,hr,>=1,168.4mm wd,nht,>50.8 mm thk,<=1,879.6mm",False,same subheading,many to many,conc-10-stats-2022-1.xlsx,2026-09-07
7208510092,"Flat rolled prod, i/nas, nic, hr, >10mm thk, >1525 but<=1830mm wide, nes",7208510052,"Flat roll prod,i/nas,hr/etc/nfwt,hr,>=1,168.4mm wd,nht,>50.8 mm thk,<=1,879.6mm",False,same subheading,many to many,conc-10-stats-2022-1.xlsx,2026-09-07
7208510093,"Flat rolled prod, i/nas, nic, hr, >10mm thk, >1830mm but<=2450mm wide, nes",7208510052,"Flat roll prod,i/nas,hr/etc/nfwt,hr,>=1,168.4mm wd,nht,>50.8 mm thk,<=1,879.6mm",False,same subheading,many to many,conc-10-stats-2022-1.xlsx,2026-09-07
7208510093,"Flat rolled prod, i/nas, nic, hr, >10mm thk, >1830mm but<=2450mm wide, nes",7208510053,"Flat roll prod,i/nas,hr,etc,nfwt,hr,>1,879.6mm,wd,nht,>50.8mm thk,but<=2,489.2mm",False,same subheading,split,conc-10-stats-2022-1.xlsx,2026-09-07
7208510094,"Flat rolled prod, i/nas, nic, hr, >10mm thk, >2450mm but<=3050mm wide, nes",7208510054,"Flat roll prod,i/nas,hr,etc,nfwt,hr,>2,489.2mm,wd,nht,>50.8mm thk,but<=3,098.8mm",False,same subheading,many to many,conc-10-stats-2022-1.xlsx,2026-09-07
7208510095,"Flat rolled prod, i/nas, nic, hr, >10mm thk, >3050mm wide, nes",7208510054,"Flat roll prod,i/nas,hr,etc,nfwt,hr,>2,489.2mm,wd,nht,>50.8mm thk,but<=3,098.8mm",False,same subheading,many to many,conc-10-stats-2022-1.xlsx,2026-09-07
7208510095,"Flat rolled prod, i/nas, nic, hr, >10mm thk, >3050mm wide, nes",7208510055,"Flat roll prod,i/nas,hr,etc.,nfwt,hr,>3,098.8mm wide, nht, >50.8 mm thk",False,same subheading,split,conc-10-stats-2022-1.xlsx,2026-09-07
7208510091,"Flat rolled prod, i/nas, nic, hr, >10mm thk,>=600 but<=1525mm wide, nes",7208510061,"Flat roll prod,i/nas,hr,etc.,nfwt,hr,< 1,168.4 mm wide, nht, >76.2 mm thick",False,same subheading,split,conc-10-stats-2022-1.xlsx,2026-09-07
7208510091,"Flat rolled prod, i/nas, nic, hr, >10mm thk,>=600 but<=1525mm wide, nes",7208510062,"Flat roll prod,i/nas,etc.,nfwt,hr,>=1,168.4mm wd,nht,>76.2mm thk,but<=1,879.6mm",False,same subheading,many to many,conc-10-stats-2022-1.xlsx,2026-09-07
7208510092,"Flat rolled prod, i/nas, nic, hr, >10mm thk, >1525 but<=1830mm wide, nes",7208510062,"Flat roll prod,i/nas,etc.,nfwt,hr,>=1,168.4mm wd,nht,>76.2mm thk,but<=1,879.6mm",False,same subheading,many to many,conc-10-stats-2022-1.xlsx,2026-09-07
7208510093,"Flat rolled prod, i/nas, nic, hr, >10mm thk, >1830mm but<=2450mm wide, nes",7208510062,"Flat roll prod,i/nas,etc.,nfwt,hr,>=1,168.4mm wd,nht,>76.2mm thk,but<=1,879.6mm",False,same subheading,many to many,conc-10-stats-2022-1.xlsx,2026-09-07
7208510093,"Flat rolled prod, i/nas, nic, hr, >10mm thk, >1830mm but<=2450mm wide, nes",7208510063,"Flat roll prod,i/nas,etc.,nfwt,hr,>1,879.6 mm wd,nht,>76.2mm thk,but<=2,489.2mm",False,same subheading,split,conc-10-stats-2022-1.xlsx,2026-09-07
7208510094,"Flat rolled prod, i/nas, nic, hr, >10mm thk, >2450mm but<=3050mm wide, nes",7208510064,"Flat roll prod,i/nas,etc.,nfwt,hr,>2,489.2mm wide,nht,>76.2mm thk,but<=3,098.8mm",False,same subheading,many to many,conc-10-stats-2022-1.xlsx,2026-09-07
7208510095,"Flat rolled prod, i/nas, nic, hr, >10mm thk, >3050mm wide, nes",7208510064,"Flat roll prod,i/nas,etc.,nfwt,hr,>2,489.2mm wide,nht,>76.2mm thk,but<=3,098.8mm",False,same subheading,many to many,conc-10-stats-2022-1.xlsx,2026-09-07
7208510095,"Flat rolled prod, i/nas, nic, hr, >10mm thk, >3050mm wide, nes",7208510065,"Flat roll prod,i/nas,hr,etc.,nfwt,hr,>3,098.8 mm wide, nht, >76.2 mm thk",False,same subheading,split,conc-10-stats-2022-1.xlsx,2026-09-07
7208510091,"Flat rolled prod, i/nas, nic, hr, >10mm thk,>=600 but<=1525mm wide, nes",7208510071,"Flat roll prod,i/nas,hr,not clad,pltd,etc.,< 1,168.4mm wd,nht,>101.6mm thk,nes",False,same subheading,split,conc-10-stats-2022-1.xlsx,2026-09-07
7208510091,"Flat rolled prod, i/nas, nic, hr, >10mm thk,>=600 but<=1525mm wide, nes",7208510072,"Flat roll prod,i/nas,hr,not clad,pltd,etc.,>=1,168.4mm wd,nht<=1,879.6mm thk,nes",False,same subheading,many to many,conc-10-stats-2022-1.xlsx,2026-09-07
7208510092,"Flat rolled prod, i/nas, nic, hr, >10mm thk, >1525 but<=1830mm wide, nes",7208510072,"Flat roll prod,i/nas,hr,not clad,pltd,etc.,>=1,168.4mm wd,nht<=1,879.6mm thk,nes",False,same subheading,many to many,conc-10-stats-2022-1.xlsx,2026-09-07
7208510093,"Flat rolled prod, i/nas, nic, hr, >10mm thk, >1830mm but<=2450mm wide, nes",7208510072,"Flat roll prod,i/nas,hr,not clad,pltd,etc.,>=1,168.4mm wd,nht<=1,879.6mm thk,nes",False,same subheading,many to many,conc-10-stats-2022-1.xlsx,2026-09-07
7208510093,"Flat rolled prod, i/nas, nic, hr, >10mm thk, >1830mm but<=2450mm wide, nes",7208510073,"Flat roll prod,i/nas,hr,not clad,pltd,etc.,>1,879.6mm wd,nht<=2,489.2mm thk,nes",False,same subheading,split,conc-10-stats-2022-1.xlsx,2026-09-07
7208510094,"Flat rolled prod, i/nas, nic, hr, >10mm thk, >2450mm but<=3050mm wide, nes",7208510074,"Flat roll prod,i/nas,hr,not clad,pltd,etc,>2,489.2mm wd,nht,<= 3,098.8mm thk,nda",False,same subheading,many to many,conc-10-stats-2022-1.xlsx,2026-09-07
7208510095,"Flat rolled prod, i/nas, nic, hr, >10mm thk, >3050mm wide, nes",7208510074,"Flat roll prod,i/nas,hr,not clad,pltd,etc,>2,489.2mm wd,nht,<= 3,098.8mm thk,nda",False,same subheading,many to many,conc-10-stats-2022-1.xlsx,2026-09-07
7208510095,"Flat rolled prod, i/nas, nic, hr, >10mm thk, >3050mm wide, nes",7208510075,"Flat roll prod,i/nas,hr,not clad,pltd,etc.,>3,098.8mm wide,nht, >101.6mm thk,nes",False,same subheading,split,conc-10-stats-2022-1.xlsx,2026-09-07
7208520010,"Flat rolled prod, i/nas, nic, hr, heat-treated, >=4.75 <=10mm thick",7208520011,"Flat roll prod,etc.,ht,>=600mm wd,>= 4.75mm<=10mm thk,pres vessel qlty,vac deg",False,same subheading,split,conc-10-stats-2022-1.xlsx,2026-09-07
7208520010,"Flat rolled prod, i/nas, nic, hr, heat-treated, >=4.75 <=10mm thick",7208520012,"Flat roll prod,etc.,>=600mm wd,>= 4.75mm<=10mm thk,pres vessel qlty,not vac deg",False,same subheading,split,conc-10-stats-2022-1.xlsx,2026-09-07
7208520010,"Flat rolled prod, i/nas, nic, hr, heat-treated, >=4.75 <=10mm thick",7208520019,"Flat rolled prod,i/nas,nic,etc.,heat-treated,>=600mm wd, >=4.75 <=10mm thick,nes",False,same subheading,split,conc-10-stats-2022-1.xlsx,2026-09-07
7208520091,"Flat rolled prod, i/nas, nic, hr,>=4.75<=10mm thk,>=600<=1525mm wide, nes",7208520081,"Other flat roll prod,i/nas,not in coil,etc.,nes< 1,168.4mm wd,>=4.75<=10mm thick",False,same subheading,split,conc-10-stats-2022-1.xlsx,2026-09-07
7208520091,"Flat rolled prod, i/nas, nic, hr,>=4.75<=10mm thk,>=600<=1525mm wide, nes",7208520082,"Other flat roll prod,i/nas,not in coil,etc.,nes,>=1,168.4mmwd,<=1,879.6<=10mmthk",False,same subheading,many to many,conc-10-stats-2022-1.xlsx,2026-09-07
7208520092,"Flat rolled prod, i/nas, nic, hr,>=4.75<=10mm thk, >1525<=1830mm wide, nes",7208520082,"Other flat roll prod,i/nas,not in coil,etc.,nes,>=1,168.4mmwd,<=1,879.6<=10mmthk",False,same subheading,many to many,conc-10-stats-2022-1.xlsx,2026-09-07
7208520093,"Flat rolled prod, i/nas, nic, hr,>=4.75<=10mm thk, >1830<=2450mm wide, nes",7208520082,"Other flat roll prod,i/nas,not in coil,etc.,nes,>=1,168.4mmwd,<=1,879.6<=10mmthk",False,same subheading,many to many,conc-10-stats-2022-1.xlsx,2026-09-07
7208520092,"Flat rolled prod, i/nas, nic, hr,>=4.75<=10mm thk, >1525<=1830mm wide, nes",7208520083,"Other flat roll prod,i/nas,not in coil,etc.,nes,>1,879.6mmwd,<=2,489.2<=10mm thk",False,same subheading,many to many,conc-10-stats-2022-1.xlsx,2026-09-07
7208520093,"Flat rolled prod, i/nas, nic, hr,>=4.75<=10mm thk, >1830<=2450mm wide, nes",7208520083,"Other flat roll prod,i/nas,not in coil,etc.,nes,>1,879.6mmwd,<=2,489.2<=10mm thk",False,same subheading,many to many,conc-10-stats-2022-1.xlsx,2026-09-07
7208520096,"Flat roll prod, i/nas,nic,hr,n clad, >2450 mm wd,thick >=4.75 mm but <10 mm, nes",7208520083,"Other flat roll prod,i/nas,not in coil,etc.,nes,>1,879.6mmwd,<=2,489.2<=10mm thk",False,same subheading,many to many,conc-10-stats-2022-1.xlsx,2026-09-07
7208520096,"Flat roll prod, i/nas,nic,hr,n clad, >2450 mm wd,thick >=4.75 mm but <10 mm, nes",7208520084,"Other flat roll prod,i/nas,not in coil,etc.,nes,>2,489.2mmwd,<= 3,098.8<=10mmthk",False,same subheading,split,conc-10-stats-2022-1.xlsx,2026-09-07
7208520096,"Flat roll prod, i/nas,nic,hr,n clad, >2450 mm wd,thick >=4.75 mm but <10 mm, nes",7208520085,"Other flat roll prod,i/nas,not in coil,etc.,nes,>3,098.8mm wd,>=4.75mm<=10mm thk",False,same subheading,split,conc-10-stats-2022-1.xlsx,2026-09-07
7209160000,"Flat roll prod,i/nas,in coil,cold roll,n clad, >=600mm wide,thick >1mm but < 3mm",7209160040,"Flat roll prod,i/nas,etc,cold roll,n clad,>=600mm wd,thick >1mm but < 3mm,aneal",False,same subheading,split,conc-10-stats-2022-1.xlsx,2026-09-07
7209160000,"Flat roll prod,i/nas,in coil,cold roll,n clad, >=600mm wide,thick >1mm but < 3mm",7209160090,"Flat roll prod,i/nas,etc,cold roll,n clad,>=600mm wd,thick >1mm but < 3mm,nes",False,same subheading,split,conc-10-stats-2022-1.xlsx,2026-09-07
7209170000,"Flat roll prod,i/nas,in coil,cold roll,n clad, >=600mm wd,thick >=0.5mm but <1mm",7209170040,"Flat roll prod,i/nas,etc,cold roll,n clad,>=600 wd,thick >0.5mm but <=1mm,aneal",False,same subheading,split,conc-10-stats-2022-1.xlsx,2026-09-07
7209170000,"Flat roll prod,i/nas,in coil,cold roll,n clad, >=600mm wd,thick >=0.5mm but <1mm",7209170090,"Flat roll prod,i/nas,etc,cold roll,n clad,>=600mm wd,thick >0.5mm but <=1mm,nes",False,same subheading,split,conc-10-stats-2022-1.xlsx,2026-09-07
7210490010,"Flat rolled prod,i/nas,o/w pltd/ctd w zinc,o/t corrugated,wd>=600mm,thkns <0.5mm",7210490040,"Flat roll prod,i/nas,plated or coated with zinc,>= 600 mm wide,thkns <0.25mm,nes",False,same subheading,split,conc-10-stats-2022-1.xlsx,2026-09-07
7210490010,"Flat rolled prod,i/nas,o/w pltd/ctd w zinc,o/t corrugated,wd>=600mm,thkns <0.5mm",7210490050,"Flat roll prod,i/nas,pltd/ctd w Zn,>= 600 mm wide,thk >=0.25 mm but < 0.5mm,nes",False,same subheading,split,conc-10-stats-2022-1.xlsx,2026-09-07
7210490020,"Flat rolled prod,i/nas,o/w pltd/ctd w zinc,o/t corr,wd>=600mm,thkns >0.5mm < 1mm",7210490060,"Flat roll prod,i/nas,pltd or ctd w Zn,>= 600 mm wide,thk >=0.5 mm but < 1mm,nes",False,same subheading,one to one,conc-10-stats-2022-1.xlsx,2026-09-07
7210490030,"Flat rolled prod,i/nas,o/w pltd/ctd w zinc,o/t corrugated,wd>=600mm,thkns > 1 mm",7210490070,"Flat roll prod,i/nas,plated or coated with zinc,>= 600 mm wide,thk >1mm,nes",False,same subheading,one to one,conc-10-stats-2022-1.xlsx,2026-09-07
7210700000,"Flat rolled prod, i/nas, painted, varnished or plast coated, >= 600 mm wide",7210700010,"Flat rolled prod,i/nas,paint,not plated or coated w met, not clad,>= 600 mm wide",False,same subheading,split,conc-10-stats-2022-1.xlsx,2026-09-07
7210700000,"Flat rolled prod, i/nas, painted, varnished or plast coated, >= 600 mm wide",7210700021,"Flat rolled prod,i/nas,plated or coated w zinc,electrol,not clad,>= 600 mm wide",False,same subheading,split,conc-10-stats-2022-1.xlsx,2026-09-07
7210700000,"Flat rolled prod, i/nas, painted, varnished or plast coated, >= 600 mm wide",7210700029,"Flat rolled prod,i/nas,plated or ctd w zinc,electrol,not clad,>= 600 mm wd,nes",False,same subheading,split,conc-10-stats-2022-1.xlsx,2026-09-07
7210700000,"Flat rolled prod, i/nas, painted, varnished or plast coated, >= 600 mm wide",7210700090,"O flat roll prod,i/nas,not plated or coated w met, not clad,>= 600 mm wide,nes",False,same subheading,split,conc-10-stats-2022-1.xlsx,2026-09-07
7214200000,"Bars and rods, i/nas, hr, hd or he, cont indent, ribs, etc, prod during rp, nes",7214200011,"Bars and rods,i/nas,etc.,spec CSA G30.18,diam<=12 mm,max yield point 400MPa",False,same subheading,split,conc-10-stats-2022-1.xlsx,2026-09-07
7214200000,"Bars and rods, i/nas, hr, hd or he, cont indent, ribs, etc, prod during rp, nes",7214200012,"Bars and rods,i/nas,etc.,spec CSA G30.18,diam<=12 mm,myp >400MPa <= 500MPa",False,same subheading,split,conc-10-stats-2022-1.xlsx,2026-09-07
7214200000,"Bars and rods, i/nas, hr, hd or he, cont indent, ribs, etc, prod during rp, nes",7214200013,"Bars and rods,i/nas,etc.,spec CSA G30.18,diam<=12 mm,myp >500MPa <= 600MPa",False,same subheading,split,conc-10-stats-2022-1.xlsx,2026-09-07
7214200000,"Bars and rods, i/nas, hr, hd or he, cont indent, ribs, etc, prod during rp, nes",7214200014,"Bars and rods,i/nas,etc.,conc reinf bar,spec CSA G30.18,diam<=12 mm,myp>600MPa",False,same subheading,split,conc-10-stats-2022-1.xlsx,2026-09-07
7214200000,"Bars and rods, i/nas, hr, hd or he, cont indent, ribs, etc, prod during rp, nes",7214200021,"Bars and rods,i/nas,etc.,spec CSA G30.18,diam>12mm<=39mm, max yield point 400MPa",False,same subheading,split,conc-10-stats-2022-1.xlsx,2026-09-07
7214200000,"Bars and rods, i/nas, hr, hd or he, cont indent, ribs, etc, prod during rp, nes",7214200022,"Bars and rods,i/nas,etc.,spec CSA G30.18,diam>12mm<=39mm,myp> 400MPa<= 500MPa",False,same subheading,split,conc-10-stats-2022-1.xlsx,2026-09-07
7214200000,"Bars and rods, i/nas, hr, hd or he, cont indent, ribs, etc, prod during rp, nes",7214200023,"Bars and rods,i/nas,etc.,spec CSA G30.18,diam>12mm<=39mm,myp> 500MPa<= 600MPa",False,same subheading,split,conc-10-stats-2022-1.xlsx,2026-09-07
7214200000,"Bars and rods, i/nas, hr, hd or he, cont indent, ribs, etc, prod during rp, nes",7214200024,"Bars & rods,i/nas,etc.,conc reinf bar,spec CSA G30.18,diam>12mm<=39mm,myp>600MPa",False,same subheading,split,conc-10-stats-2022-1.xlsx,2026-09-07
7214200000,"Bars and rods, i/nas, hr, hd or he, cont indent, ribs, etc, prod during rp, nes",7214200031,"Bars and rods,i/nas,etc.,spec CSA G30.18/diam>39mm,max yield point,400MPa",False,same subheading,split,conc-10-stats-2022-1.xlsx,2026-09-07
7214200000,"Bars and rods, i/nas, hr, hd or he, cont indent, ribs, etc, prod during rp, nes",7214200032,"Bars and rods,i/nas,etc.,spec CSA G30.18/diam>39mm,myp,>400MPa<=500MPa",False,same subheading,split,conc-10-stats-2022-1.xlsx,2026-09-07
7214200000,"Bars and rods, i/nas, hr, hd or he, cont indent, ribs, etc, prod during rp, nes",7214200033,"Bars and rods,i/nas,etc.,spec CSA G30.18/diam>39mm,myp,>500MPa<=600MPa",False,same subheading,split,conc-10-stats-2022-1.xlsx,2026-09-07
7214200000,"Bars and rods, i/nas, hr, hd or he, cont indent, ribs, etc, prod during rp, nes",7214200034,"Bars and rods,i/nas,etc.,conc reinf bar,spec CSA G30.18/diam>39mm,myp,> 600MPa",False,same subheading,split,conc-10-stats-2022-1.xlsx,2026-09-07
7214200000,"Bars and rods, i/nas, hr, hd or he, cont indent, ribs, etc, prod during rp, nes",7214200090,"Bars and rods,i/nas,etc.,concrete reinforcing bar,spec CSA G30.18, nes",False,same subheading,split,conc-10-stats-2022-1.xlsx,2026-09-07
7214300021,"Flat bars,free cutting steel,hr,hd,he,<=75mm wd,incl flat grader blade sections",7214300024,"Flat bars,free cutting steel,hr,hd,he,<=76mm wd,incl flat grader blade sections",False,same subheading,merge,conc-10-stats-2022-1.xlsx,2026-09-07
7214300022,"Flat bars,free cutting steel,hr,hd,he,>75mm<150mm wd,incl flat grader blade sect",7214300024,"Flat bars,free cutting steel,hr,hd,he,<=76mm wd,incl flat grader blade sections",False,same subheading,many to many,conc-10-stats-2022-1.xlsx,2026-09-07
7214300022,"Flat bars,free cutting steel,hr,hd,he,>75mm<150mm wd,incl flat grader blade sect",7214300025,"Flat bars,free cutting steel,hr,hd,he,>76mm<152mm wd,incl flat grader blade sect",False,same subheading,many to many,conc-10-stats-2022-1.xlsx,2026-09-07
7214300023,"Flat bars,free cutting steel,hr,hd,he,>=150mm wide,incl flat grader blade sect",7214300025,"Flat bars,free cutting steel,hr,hd,he,>76mm<152mm wd,incl flat grader blade sect",False,same subheading,many to many,conc-10-stats-2022-1.xlsx,2026-09-07
7214300023,"Flat bars,free cutting steel,hr,hd,he,>=150mm wide,incl flat grader blade sect",7214300026,"Flat bars,free cutting steel,hr,hd,he,>=152mm wide,incl flat grader blade sect",False,same subheading,split,conc-10-stats-2022-1.xlsx,2026-09-07
7214300031,"Rounds of free cutting steel,hot rolled/drawn/extruded,<=75mm in diameter",7214300033,"Rounds of free cutting steel,hot rolled/drawn/extruded,<=76mm in diameter",False,same subheading,merge,conc-10-stats-2022-1.xlsx,2026-09-07
7214300032,"Rounds of free cutting steel,hot-rolled/drawn/extruded, > 75mm in diameter",7214300033,"Rounds of free cutting steel,hot rolled/drawn/extruded,<=76mm in diameter",False,same subheading,many to many,conc-10-stats-2022-1.xlsx,2026-09-07
7214300032,"Rounds of free cutting steel,hot-rolled/drawn/extruded, > 75mm in diameter",7214300034,"Rounds of free cutting steel,hot-rolled/drawn/extruded, > 76mm in diameter",False,same subheading,split,conc-10-stats-2022-1.xlsx,2026-09-07
7222400000,"Angles, shapes and sections, stainless steel",7222400010,"Angles,sh and sect,profile wr,cd or cd aneal,>=0.787mm²  max sld cross-sect area",False,same subheading,split,conc-10-stats-2022-1.xlsx,2026-09-07
7222400000,"Angles, shapes and sections, stainless steel",7222400020,"Angles,sh & sect,o/t profile wr,cd or cd aneal>=0.787mm² max sld cross-sect area",False,same subheading,split,conc-10-stats-2022-1.xlsx,2026-09-07
7222400000,"Angles, shapes and sections, stainless steel",7222400090,"Other angles,shapes and sections,other than profile wire, nes",False,same subheading,split,conc-10-stats-2022-1.xlsx,2026-09-07
7223000010,"Wire, stainless steel, not coated or covered",7223000030,"Wire of ss,profile wr,cd or cd aneal,>=0.787mm²  max sld cross-sect area",False,same subheading,many to many,conc-10-stats-2022-1.xlsx,2026-09-07
7223000020,"Wire, ss, coated or covered",7223000030,"Wire of ss,profile wr,cd or cd aneal,>=0.787mm²  max sld cross-sect area",False,same subheading,many to many,conc-10-stats-2022-1.xlsx,2026-09-07
7223000020,"Wire, ss, coated or covered",7223000041,"Round spring wires,coated or covered,etc.,>=0.787mm²  max sld cross-sect area",False,same subheading,split,conc-10-stats-2022-1.xlsx,2026-09-07
7223000020,"Wire, ss, coated or covered",7223000042,"Other round wire,etc. coat or cov,>=0.787mm²  max sld cross-sect area,nes",False,same subheading,split,conc-10-stats-2022-1.xlsx,2026-09-07
7223000020,"Wire, ss, coated or covered",7223000049,"Wire of ss,profile wr,cd or cd aneal,>=0.787mm²  max sld cross-sect area, nes",False,same subheading,split,conc-10-stats-2022-1.xlsx,2026-09-07
7223000010,"Wire, stainless steel, not coated or covered",7223000051,"Other round sprng wire,o/t ss,cd or cd aneal,>=0.787mm²  max sld cross-sect area",False,same subheading,split,conc-10-stats-2022-1.xlsx,2026-09-07
7223000010,"Wire, stainless steel, not coated or covered",7223000052,"Other round sprng wire,o/t ss,cd or cd aneal,diameter <0.25mm",False,same subheading,split,conc-10-stats-2022-1.xlsx,2026-09-07
7223000010,"Wire, stainless steel, not coated or covered",7223000053,"Other round sprng wire,o/t ss,cd or cd aneal,diameter >=0.25mm but <0.76mm",False,same subheading,split,conc-10-stats-2022-1.xlsx,2026-09-07
7223000010,"Wire, stainless steel, not coated or covered",7223000054,"Other round sprng wire,o/t ss,cd or cd aneal,diameter >=0.76mm but <1.52mm",False,same subheading,split,conc-10-stats-2022-1.xlsx,2026-09-07
7223000010,"Wire, stainless steel, not coated or covered",7223000055,"Other round sprng wire,o/t ss,cd or cd aneal,diameter >=1.52mm but <5.1mm",False,same subheading,split,conc-10-stats-2022-1.xlsx,2026-09-07
7223000010,"Wire, stainless steel, not coated or covered",7223000056,"Other round sprng wire,o/t ss,cd or cd aneal,diameter >=5.1mm but <6.5mm",False,same subheading,split,conc-10-stats-2022-1.xlsx,2026-09-07
7223000010,"Wire, stainless steel, not coated or covered",7223000057,"Other round sprng wire,o/t ss,cd or cd aneal,diameter >=6.5mm",False,same subheading,split,conc-10-stats-2022-1.xlsx,2026-09-07
7223000010,"Wire, stainless steel, not coated or covered",7223000090,"Other round sprng wire,o/t ss,cd or cd aneal,diameter >=6.5mm,nes",False,same subheading,split,conc-10-stats-2022-1.xlsx,2026-09-07
7225920000,"Flat rolled prod,al/s,o/t stainless,o/w plated/ctd with zinc,>=600mm wide,nes",7225920010,"Flat rolled prod,etc.,o/w plated/ctd with zinc,>=600mm wide,nes,<0.25mm thk",False,same subheading,split,conc-10-stats-2022-1.xlsx,2026-09-07
7225920000,"Flat rolled prod,al/s,o/t stainless,o/w plated/ctd with zinc,>=600mm wide,nes",7225920020,"Flat rolled prod,etc.,o/w plated/ctd with Zn,>=600mm wd,nes,>= 0.25mm< 0.5mm thk",False,same subheading,split,conc-10-stats-2022-1.xlsx,2026-09-07
7225920000,"Flat rolled prod,al/s,o/t stainless,o/w plated/ctd with zinc,>=600mm wide,nes",7225920030,"Flat rolled prod,etc.,o/w plated/ctd with Zn,>=600mm wd,nes,>= 0.5mm< 1mm thk",False,same subheading,split,conc-10-stats-2022-1.xlsx,2026-09-07
7225920000,"Flat rolled prod,al/s,o/t stainless,o/w plated/ctd with zinc,>=600mm wide,nes",7225920040,"Flat rolled prod,etc.,o/w plated/ctd with Zn,>=600mm wd,nes,> 1mm thk",False,same subheading,split,conc-10-stats-2022-1.xlsx,2026-09-07
7227200000,"Bars & rods,silico-manganese steel,hr,in irregular wound coils",7227200020,"Bars&rods,sil-mang stl,hr,in iwc,of weld qlty wrds,as per stat note 4 of ch 72",False,same subheading,split,conc-10-stats-2022-1.xlsx,2026-09-07
7227200000,"Bars & rods,silico-manganese steel,hr,in irregular wound coils",7227200090,"Bars & rods, of silico-manganese steel, hr, in irregularly wound coils, nes",False,same subheading,split,conc-10-stats-2022-1.xlsx,2026-09-07
7228300010,"Flat bars,alloy steel, o/t stainless,nfw than hot-rolled/drawn/extruded, nes",7228300041,"Other bars & rods of ball bear stl,not further worked than hr/hot-drawn/extruded",False,same subheading,many to many,conc-10-stats-2022-1.xlsx,2026-09-07
7228300022,"Rounds, tool steel, not further worked than hot-rolled/hot-drawn/extruded",7228300041,"Other bars & rods of ball bear stl,not further worked than hr/hot-drawn/extruded",False,same subheading,many to many,conc-10-stats-2022-1.xlsx,2026-09-07
7228300090,"Other bars & rods,as,o/t stainless,nfw than hot-rolled/drawn/extruded, nes",7228300041,"Other bars & rods of ball bear stl,not further worked than hr/hot-drawn/extruded",False,same subheading,many to many,conc-10-stats-2022-1.xlsx,2026-09-07
7228300010,"Flat bars,alloy steel, o/t stainless,nfw than hot-rolled/drawn/extruded, nes",7228300042,"Other bars & rods of chipper knife stl,not cold-formed,nfw than hr/hd/extruded",False,same subheading,many to many,conc-10-stats-2022-1.xlsx,2026-09-07
7228300022,"Rounds, tool steel, not further worked than hot-rolled/hot-drawn/extruded",7228300042,"Other bars & rods of chipper knife stl,not cold-formed,nfw than hr/hd/extruded",False,same subheading,many to many,conc-10-stats-2022-1.xlsx,2026-09-07
7228300090,"Other bars & rods,as,o/t stainless,nfw than hot-rolled/drawn/extruded, nes",7228300042,"Other bars & rods of chipper knife stl,not cold-formed,nfw than hr/hd/extruded",False,same subheading,many to many,conc-10-stats-2022-1.xlsx,2026-09-07
7228300010,"Flat bars,alloy steel, o/t stainless,nfw than hot-rolled/drawn/extruded, nes",7228300049,"O bars & rods of chipper knife stl,not cold-formed,nfw than hr/hd/extruded,nes",False,same subheading,many to many,conc-10-stats-2022-1.xlsx,2026-09-07
7228300022,"Rounds, tool steel, not further worked than hot-rolled/hot-drawn/extruded",7228300049,"O bars & rods of chipper knife stl,not cold-formed,nfw than hr/hd/extruded,nes",False,same subheading,many to many,conc-10-stats-2022-1.xlsx,2026-09-07
7228300090,"Other bars & rods,as,o/t stainless,nfw than hot-rolled/drawn/extruded, nes",7228300049,"O bars & rods of chipper knife stl,not cold-formed,nfw than hr/hd/extruded,nes",False,same subheading,many to many,conc-10-stats-2022-1.xlsx,2026-09-07
7228300010,"Flat bars,alloy steel, o/t stainless,nfw than hot-rolled/drawn/extruded, nes",7228300051,"Concrete reinf bars and rods, nfw than hot-rolled/hot-drawn/extruded diam<= 12mm",False,same subheading,many to many,conc-10-stats-2022-1.xlsx,2026-09-07
7228300021,"Rounds, mold steel, not further worked than hot-rolled/hot-drawn/extruded",7228300051,"Concrete reinf bars and rods, nfw than hot-rolled/hot-drawn/extruded diam<= 12mm",False,same subheading,many to many,conc-10-stats-2022-1.xlsx,2026-09-07
7228300029,"Rounds, alloy steel, o/t stainless, nfw than hot-rolled/hot-drawn/extruded, nes",7228300051,"Concrete reinf bars and rods, nfw than hot-rolled/hot-drawn/extruded diam<= 12mm",False,same subheading,many to many,conc-10-stats-2022-1.xlsx,2026-09-07
7228300090,"Other bars & rods,as,o/t stainless,nfw than hot-rolled/drawn/extruded, nes",7228300051,"Concrete reinf bars and rods, nfw than hot-rolled/hot-drawn/extruded diam<= 12mm",False,same subheading,many to many,conc-10-stats-2022-1.xlsx,2026-09-07
7228300010,"Flat bars,alloy steel, o/t stainless,nfw than hot-rolled/drawn/extruded, nes",7228300052,"Concrete reinforcing bars and rods, nfw than hr/hd/extruded diam>12mm<= 39mm",False,same subheading,many to many,conc-10-stats-2022-1.xlsx,2026-09-07
7228300021,"Rounds, mold steel, not further worked than hot-rolled/hot-drawn/extruded",7228300052,"Concrete reinforcing bars and rods, nfw than hr/hd/extruded diam>12mm<= 39mm",False,same subheading,many to many,conc-10-stats-2022-1.xlsx,2026-09-07
7228300029,"Rounds, alloy steel, o/t stainless, nfw than hot-rolled/hot-drawn/extruded, nes",7228300052,"Concrete reinforcing bars and rods, nfw than hr/hd/extruded diam>12mm<= 39mm",False,same subheading,many to many,conc-10-stats-2022-1.xlsx,2026-09-07
7228300090,"Other bars & rods,as,o/t stainless,nfw than hot-rolled/drawn/extruded, nes",7228300052,"Concrete reinforcing bars and rods, nfw than hr/hd/extruded diam>12mm<= 39mm",False,same subheading,many to many,conc-10-stats-2022-1.xlsx,2026-09-07
7228300010,"Flat bars,alloy steel, o/t stainless,nfw than hot-rolled/drawn/extruded, nes",7228300053,"Concrete reinf bars and rods, nfw than hot-rolled/hot-drawn/extruded diam> 39mm",False,same subheading,many to many,conc-10-stats-2022-1.xlsx,2026-09-07
7228300021,"Rounds, mold steel, not further worked than hot-rolled/hot-drawn/extruded",7228300053,"Concrete reinf bars and rods, nfw than hot-rolled/hot-drawn/extruded diam> 39mm",False,same subheading,many to many,conc-10-stats-2022-1.xlsx,2026-09-07
7228300029,"Rounds, alloy steel, o/t stainless, nfw than hot-rolled/hot-drawn/extruded, nes",7228300053,"Concrete reinf bars and rods, nfw than hot-rolled/hot-drawn/extruded diam> 39mm",False,same subheading,many to many,conc-10-stats-2022-1.xlsx,2026-09-07
7228300090,"Other bars & rods,as,o/t stainless,nfw than hot-rolled/drawn/extruded, nes",7228300053,"Concrete reinf bars and rods, nfw than hot-rolled/hot-drawn/extruded diam> 39mm",False,same subheading,many to many,conc-10-stats-2022-1.xlsx,2026-09-07
7228300010,"Flat bars,alloy steel, o/t stainless,nfw than hot-rolled/drawn/extruded, nes",7228300060,"Other Concrete reinf bars and rods, nfw than hr/hd/extruded high-nickel al steel",False,same subheading,many to many,conc-10-stats-2022-1.xlsx,2026-09-07
7228300021,"Rounds, mold steel, not further worked than hot-rolled/hot-drawn/extruded",7228300060,"Other Concrete reinf bars and rods, nfw than hr/hd/extruded high-nickel al steel",False,same subheading,many to many,conc-10-stats-2022-1.xlsx,2026-09-07
7228300029,"Rounds, alloy steel, o/t stainless, nfw than hot-rolled/hot-drawn/extruded, nes",7228300060,"Other Concrete reinf bars and rods, nfw than hr/hd/extruded high-nickel al steel",False,same subheading,many to many,conc-10-stats-2022-1.xlsx,2026-09-07
7228300090,"Other bars & rods,as,o/t stainless,nfw than hot-rolled/drawn/extruded, nes",7228300060,"Other Concrete reinf bars and rods, nfw than hr/hd/extruded high-nickel al steel",False,same subheading,many to many,conc-10-stats-2022-1.xlsx,2026-09-07
7228300021,"Rounds, mold steel, not further worked than hot-rolled/hot-drawn/extruded",7228300071,"Other rounds,not further worked than hot-rolled/hot-drawn/extruded,diam<76mm,nes",False,same subheading,many to many,conc-10-stats-2022-1.xlsx,2026-09-07
7228300029,"Rounds, alloy steel, o/t stainless, nfw than hot-rolled/hot-drawn/extruded, nes",7228300071,"Other rounds,not further worked than hot-rolled/hot-drawn/extruded,diam<76mm,nes",False,same subheading,many to many,conc-10-stats-2022-1.xlsx,2026-09-07
7228300021,"Rounds, mold steel, not further worked than hot-rolled/hot-drawn/extruded",7228300072,"Other rounds,not further worked than hr/hd/extruded,diam>= 76mm<= 152mm,nes",False,same subheading,many to many,conc-10-stats-2022-1.xlsx,2026-09-07
7228300029,"Rounds, alloy steel, o/t stainless, nfw than hot-rolled/hot-drawn/extruded, nes",7228300072,"Other rounds,not further worked than hr/hd/extruded,diam>= 76mm<= 152mm,nes",False,same subheading,many to many,conc-10-stats-2022-1.xlsx,2026-09-07
7228300021,"Rounds, mold steel, not further worked than hot-rolled/hot-drawn/extruded",7228300073,"Other rounds,not further worked than hr/hd/extruded,diam>= 152mm<= 228mm,nes",False,same subheading,many to many,conc-10-stats-2022-1.xlsx,2026-09-07
7228300029,"Rounds, alloy steel, o/t stainless, nfw than hot-rolled/hot-drawn/extruded, nes",7228300073,"Other rounds,not further worked than hr/hd/extruded,diam>= 152mm<= 228mm,nes",False,same subheading,many to many,conc-10-stats-2022-1.xlsx,2026-09-07
7228300021,"Rounds, mold steel, not further worked than hot-rolled/hot-drawn/extruded",7228300074,"Other rounds, not further worked than hot-rolled/hot-drawn/extruded,>228mm,nes",False,same subheading,many to many,conc-10-stats-2022-1.xlsx,2026-09-07
7228300029,"Rounds, alloy steel, o/t stainless, nfw than hot-rolled/hot-drawn/extruded, nes",7228300074,"Other rounds, not further worked than hot-rolled/hot-drawn/extruded,>228mm,nes",False,same subheading,many to many,conc-10-stats-2022-1.xlsx,2026-09-07
7228300010,"Flat bars,alloy steel, o/t stainless,nfw than hot-rolled/drawn/extruded, nes",7228300081,"Other bars and rods of a rect c-sect,nfw than hr/hd/extruded, min c-sect <152mm",False,same subheading,split,conc-10-stats-2022-1.xlsx,2026-09-07
7228300010,"Flat bars,alloy steel, o/t stainless,nfw than hot-rolled/drawn/extruded, nes",7228300082,"Other bars and rods of a rect c-sect,nfw than hr/hd/extruded, max c-sect >=152mm",False,same subheading,split,conc-10-stats-2022-1.xlsx,2026-09-07
7228300090,"Other bars & rods,as,o/t stainless,nfw than hot-rolled/drawn/extruded, nes",7228300090,"O bars and rods of a rect c-sect,nfw than hr/hd/extruded, max c-sect >=152mm,nes",True,same code,split,conc-10-stats-2022-1.xlsx,2026-09-07
7304190031,"Line pipe,i/s,o/t cast/ss,smls,ext diam <= 266mm,f oil/gas pipel,API grade <=X52",7304190013,"Line pipe,i/s,o/t cast/ss,smls,ext diam<= 60.3mm,f oil/gas pipel,API grade <=X52",False,same subheading,split,conc-10-stats-2022-1.xlsx,2026-09-07
7304190032,"Line pipe,i/s,o/t cast/ss,smls,ext diam<=266mm,oil/gas pipel,API grade>X52 <=X65",7304190014,"Line pipe,i/s,o/t cast/ss,smls,ext diam<=60.3mm,oil/gas pipel,API grade>X52<=X65",False,same subheading,split,conc-10-stats-2022-1.xlsx,2026-09-07
7304190033,"Line pipe,i/s,o/t cast/ss,smls,ext diam<=266mm,oil/gas pipel,API grade>X65 <=X70",7304190015,"Line pipe,i/s,o/t cast/ss,smls,ext diam<=60.3mm,oil/gas pipel,API grade>X65<=X70",False,same subheading,split,conc-10-stats-2022-1.xlsx,2026-09-07
7304190034,"Line pipe,i/s,o/t cast/ss,smls,ext diam<=266mm,oil/gas pipel,API grade>X70 <=X80",7304190016,"Line pipe,i/s,o/t cast/ss,smls,ext diam<=60.3mm,oil/gas pipel,API grade>X70<=X80",False,same subheading,split,conc-10-stats-2022-1.xlsx,2026-09-07
7304190039,"Line pipe,iron/steel,o/t cast/ss,smls,ext diam <=266mm,for oil/gas pipelines,nes",7304190019,"Line pipe,iron/steel,o/t cast/ss,smls,ext diam<=60.3mm,for oil/gas pipelines,nes",False,same subheading,split,conc-10-stats-2022-1.xlsx,2026-09-07
7304190031,"Line pipe,i/s,o/t cast/ss,smls,ext diam <= 266mm,f oil/gas pipel,API grade <=X52",7304190023,"Line pipe,i/s,o/t cast/ss,smls,ext diam >60.3<=219.1mm,oil/gas pipel,API <=X52",False,same subheading,split,conc-10-stats-2022-1.xlsx,2026-09-07
7304190032,"Line pipe,i/s,o/t cast/ss,smls,ext diam<=266mm,oil/gas pipel,API grade>X52 <=X65",7304190024,"Line pipe,i/s,o/t cast/ss,smls,ext diam>60.3<=219.1mm,oil/gas pipel,API>X52<=X65",False,same subheading,split,conc-10-stats-2022-1.xlsx,2026-09-07
7304190033,"Line pipe,i/s,o/t cast/ss,smls,ext diam<=266mm,oil/gas pipel,API grade>X65 <=X70",7304190025,"Line pipe,i/s,o/t cast/ss,smls,ext diam>60.3<=219.1mm,oil/gas pipel,API>X65<=X70",False,same subheading,split,conc-10-stats-2022-1.xlsx,2026-09-07
7304190034,"Line pipe,i/s,o/t cast/ss,smls,ext diam<=266mm,oil/gas pipel,API grade>X70 <=X80",7304190026,"Line pipe,i/s,o/t cast/ss,smls,ext diam>60.3<=219.1mm,oil/gas pipel,API>X70<=X80",False,same subheading,split,conc-10-stats-2022-1.xlsx,2026-09-07
7304190039,"Line pipe,iron/steel,o/t cast/ss,smls,ext diam <=266mm,for oil/gas pipelines,nes",7304190029,"Line pipe,iron/steel,o/t cast/ss,smls,ext diam> 60.3<= 219.1mm,oil/gas pipel,nes",False,same subheading,split,conc-10-stats-2022-1.xlsx,2026-09-07
7304190031,"Line pipe,i/s,o/t cast/ss,smls,ext diam <= 266mm,f oil/gas pipel,API grade <=X52",7304190061,"Line pipe,i/s,o/t cast/ss,smls,ext diam >219.1<=355.6mm,oil/gas pipel,API <=X52",False,same subheading,many to many,conc-10-stats-2022-1.xlsx,2026-09-07
7304190041,"Line pipe,i/s,o/t cast/ss,smls,ext diam >266<=610mm,oil/gas pipel,API grade<=X52",7304190061,"Line pipe,i/s,o/t cast/ss,smls,ext diam >219.1<=355.6mm,oil/gas pipel,API <=X52",False,same subheading,many to many,conc-10-stats-2022-1.xlsx,2026-09-07
7304190032,"Line pipe,i/s,o/t cast/ss,smls,ext diam<=266mm,oil/gas pipel,API grade>X52 <=X65",7304190062,"Line pipe,i/s,o/t cast/ss,smls,ext diam>219.1<=355.6,oil/gas pipel,API>X52<=X65",False,same subheading,many to many,conc-10-stats-2022-1.xlsx,2026-09-07
7304190042,"Line pipe,i/s,o/t cast/ss,smls,ext diam >266<=610mm,oil/gas pipel,API >X52 <=X65",7304190062,"Line pipe,i/s,o/t cast/ss,smls,ext diam>219.1<=355.6,oil/gas pipel,API>X52<=X65",False,same subheading,many to many,conc-10-stats-2022-1.xlsx,2026-09-07
7304190033,"Line pipe,i/s,o/t cast/ss,smls,ext diam<=266mm,oil/gas pipel,API grade>X65 <=X70",7304190063,"Line pipe,i/s,o/t cast/ss,smls,ext diam>219.1<=355.6,oil/gas pipel,API>X65<=X70",False,same subheading,many to many,conc-10-stats-2022-1.xlsx,2026-09-07
7304190043,"Line pipe,i/s,o/t cast/ss,smls,ext diam >266<=610mm,oil/gas pipel,API >X65 <=X70",7304190063,"Line pipe,i/s,o/t cast/ss,smls,ext diam>219.1<=355.6,oil/gas pipel,API>X65<=X70",False,same subheading,many to many,conc-10-stats-2022-1.xlsx,2026-09-07
7304190034,"Line pipe,i/s,o/t cast/ss,smls,ext diam<=266mm,oil/gas pipel,API grade>X70 <=X80",7304190064,"Line pipe,i/s,o/t cast/ss,smls,ext diam>219.1<=355.6,oil/gas pipel,API>X70<=X80",False,same subheading,many to many,conc-10-stats-2022-1.xlsx,2026-09-07
7304190044,"Line pipe,i/s,o/t cast/ss,smls,ext diam >266<=610mm,oil/gas pipel,API >X70 <=X80",7304190064,"Line pipe,i/s,o/t cast/ss,smls,ext diam>219.1<=355.6,oil/gas pipel,API>X70<=X80",False,same subheading,many to many,conc-10-stats-2022-1.xlsx,2026-09-07
7304190039,"Line pipe,iron/steel,o/t cast/ss,smls,ext diam <=266mm,for oil/gas pipelines,nes",7304190069,"Line pipe,iron/steel,o/t cast/ss,smls,ext diam> 219.1<=355.6mm,oil/gas pipel,nes",False,same subheading,many to many,conc-10-stats-2022-1.xlsx,2026-09-07
7304190049,"Line pipe,iron/steel,o/t cast/ss,smls,ext diam > 266 <= 610mm,oil/gas pipel,nes",7304190069,"Line pipe,iron/steel,o/t cast/ss,smls,ext diam> 219.1<=355.6mm,oil/gas pipel,nes",False,same subheading,many to many,conc-10-stats-2022-1.xlsx,2026-09-07
7304190041,"Line pipe,i/s,o/t cast/ss,smls,ext diam >266<=610mm,oil/gas pipel,API grade<=X52",7304190071,"Line pipe,i/s,o/t cast/ss,smls,ext diam >355.6<=610mm,oil/gas pipel,API <=X52",False,same subheading,split,conc-10-stats-2022-1.xlsx,2026-09-07
7304190042,"Line pipe,i/s,o/t cast/ss,smls,ext diam >266<=610mm,oil/gas pipel,API >X52 <=X65",7304190072,"Line pipe,i/s,o/t cast/ss,smls,ext diam>355.6<=610,oil/gas pipel,API>X52<=X65",False,same subheading,split,conc-10-stats-2022-1.xlsx,2026-09-07
7304190043,"Line pipe,i/s,o/t cast/ss,smls,ext diam >266<=610mm,oil/gas pipel,API >X65 <=X70",7304190073,"Line pipe,i/s,o/t cast/ss,smls,ext diam>355.6<=610,oil/gas pipel,API>X65<=X70",False,same subheading,split,conc-10-stats-2022-1.xlsx,2026-09-07
7304190044,"Line pipe,i/s,o/t cast/ss,smls,ext diam >266<=610mm,oil/gas pipel,API >X70 <=X80",7304190074,"Line pipe,i/s,o/t cast/ss,smls,ext diam>355.6<=610,oil/gas pipel,API>X70<=X80",False,same subheading,split,conc-10-stats-2022-1.xlsx,2026-09-07
7304190049,"Line pipe,iron/steel,o/t cast/ss,smls,ext diam > 266 <= 610mm,oil/gas pipel,nes",7304190079,"Line pipe,iron/steel,o/t cast/ss,smls,ext diam> 355.6<=610mm,oil/gas pipel,nes",False,same subheading,split,conc-10-stats-2022-1.xlsx,2026-09-07
7304190051,"Line pipe,i/s,o/t cast/ss,smls,ext diam > 610 mm,f oil/gas pipel,API grade <=X52",7304190081,"Line pipe,i/s,o/t cast/ss,smls,ext diam > 610 mm,f oil/gas pipel,API grade <=X52",False,same subheading,one to one,conc-10-stats-2022-1.xlsx,2026-09-07
7304190052,"Line pipe,i/s,o/t cast/ss,smls,ext diam>610mm,oil/gas pipel,API grade >X52 <=X65",7304190082,"Line pipe,i/s,o/t cast/ss,smls,ext diam>610mm,oil/gas pipel,API grade >X52 <=X65",False,same subheading,one to one,conc-10-stats-2022-1.xlsx,2026-09-07
7304190053,"Line pipe,i/s,o/t cast/ss,smls,ext diam>610mm,oil/gas pipel,API grade >X65 <=X70",7304190083,"Line pipe,i/s,o/t cast/ss,smls,ext diam>610mm,oil/gas pipel,API grade >X65 <=X70",False,same subheading,one to one,conc-10-stats-2022-1.xlsx,2026-09-07
7304190054,"Line pipe,i/s,o/t cast/ss,smls,ext diam>610mm,oil/gas pipel,API grade >X70 <=X80",7304190084,"Line pipe,i/s,o/t cast/ss,smls,ext diam>610mm,oil/gas pipel,API grade >X70 <=X80",False,same subheading,one to one,conc-10-stats-2022-1.xlsx,2026-09-07
7304190059,"Line pipe,iron/steel,o/t cast/ss,smls,ext diam > 610mm,for oil/gas pipelines,nes",7304190089,"Line pipe,iron/steel,o/t cast/ss,smls,ext diam > 610mm,for oil/gas pipelines,nes",False,same subheading,one to one,conc-10-stats-2022-1.xlsx,2026-09-07
7304290011,"Casing,i/s o/t ss,ext diam >114.3 but<=177.8mm,API H-40,J-55/K-55,drill oil/gas",7304290012,"Casing,seamless,etc.,ext diam >114.3 mm <=177.8mm,plain end, API H-40,J-55,K-55",False,same subheading,split,conc-10-stats-2022-1.xlsx,2026-09-07
7304290011,"Casing,i/s o/t ss,ext diam >114.3 but<=177.8mm,API H-40,J-55/K-55,drill oil/gas",7304290013,"Casing,smls,etc.,ext diam >114.3 mm <=177.8mm,thrd,coupled,API H-40,J-55,K-55",False,same subheading,split,conc-10-stats-2022-1.xlsx,2026-09-07
7304290011,"Casing,i/s o/t ss,ext diam >114.3 but<=177.8mm,API H-40,J-55/K-55,drill oil/gas",7304290014,"Casing,smls,etc.,ext diam>114.3 mm<=177.8mm,p/sp thrd,coupled,API H-40,J-55,K-55",False,same subheading,split,conc-10-stats-2022-1.xlsx,2026-09-07
7304290019,"Casing,o i/s,ext diam >114.3 b<=177.8mm,o/t API H-40,J-55/K-55,drill oil/gas,nes",7304290015,"Casing,seamless,etc.,ext  diam >114.3 mm <=177.8mm,plain end, API N80,L80,P110",False,same subheading,split,conc-10-stats-2022-1.xlsx,2026-09-07
7304290019,"Casing,o i/s,ext diam >114.3 b<=177.8mm,o/t API H-40,J-55/K-55,drill oil/gas,nes",7304290016,"Casing,seamless,etc,ext diam>114.3 mm<=177.8mm,thrd,coupled API,API N80,L80,P110",False,same subheading,split,conc-10-stats-2022-1.xlsx,2026-09-07
7304290019,"Casing,o i/s,ext diam >114.3 b<=177.8mm,o/t API H-40,J-55/K-55,drill oil/gas,nes",7304290017,"Casing,smls,etc.,ext diam>114.3 mm<=177.8mm,p/sp thrd,coupled,API N80,L80,P110",False,same subheading,split,conc-10-stats-2022-1.xlsx,2026-09-07
7304290019,"Casing,o i/s,ext diam >114.3 b<=177.8mm,o/t API H-40,J-55/K-55,drill oil/gas,nes",7304290019,"O casing,etc.,ext diam>114.3 mm<=177.8mm,o/t,p/sp thrd,cpld,API N80,L80,P110,nes",True,same code,split,conc-10-stats-2022-1.xlsx,2026-09-07
7304290021,"Casing,i/s o/t ss,ext diam >177.8 <=298.5mm,API H-40,J-55/K-55,drill for oil/gas",7304290022,"Casing,seamless,etc.,ext diam>177.8 mm<=298.5mm,plain end, API H-40, J-55, K-55",False,same subheading,split,conc-10-stats-2022-1.xlsx,2026-09-07
7304290021,"Casing,i/s o/t ss,ext diam >177.8 <=298.5mm,API H-40,J-55/K-55,drill for oil/gas",7304290023,"Casing,seamless,etc.,ext diam>177.8 mm<=298.5mm,thrd,coupled,API H-40,J-55, K-55",False,same subheading,split,conc-10-stats-2022-1.xlsx,2026-09-07
7304290021,"Casing,i/s o/t ss,ext diam >177.8 <=298.5mm,API H-40,J-55/K-55,drill for oil/gas",7304290024,"Casing,smls,etc.,ext diam>177.8 mm<=298.5mm,p/sp thrd,coupled,API H-40,J-55,K-55",False,same subheading,split,conc-10-stats-2022-1.xlsx,2026-09-07
7304290029,"Casing,o i/s,ext diam >177.8 b<=298.5mm,o/t API H-40,J-55/K-55,drill oil/gas,nes",7304290025,"Casing,seamless,etc.,ext diam>177.8 mm<=298.5mm,plain end, API N80, L80, P110",False,same subheading,split,conc-10-stats-2022-1.xlsx,2026-09-07
7304290029,"Casing,o i/s,ext diam >177.8 b<=298.5mm,o/t API H-40,J-55/K-55,drill oil/gas,nes",7304290026,"Casing,seamless,etc,ext diam>177.8 mm<=298.5mm,threaded,coupled,API N80,L80,P110",False,same subheading,split,conc-10-stats-2022-1.xlsx,2026-09-07
7304290029,"Casing,o i/s,ext diam >177.8 b<=298.5mm,o/t API H-40,J-55/K-55,drill oil/gas,nes",7304290027,"Casing,smls,etc.,ext diam>177.8 mm<=298.5mm,p/sp thrd,coupled, API N80,L80,P110",False,same subheading,split,conc-10-stats-2022-1.xlsx,2026-09-07
7304290029,"Casing,o i/s,ext diam >177.8 b<=298.5mm,o/t API H-40,J-55/K-55,drill oil/gas,nes",7304290029,"O casing,etc.,ext diam>177.8<=298.5mm,o/t,p/sp thrd,coupled,API N80,L80,P110,nes",True,same code,split,conc-10-stats-2022-1.xlsx,2026-09-07
7304290031,"Casing,i/s o/t ss,ext diam >298.5mm,API H-40,J-55/K-55,drilling for oil/gas",7304290032,"Casing,seamless,etc.,ext diam >298.5 mm,plain end, API grade H-40, J-55, K-55",False,same subheading,split,conc-10-stats-2022-1.xlsx,2026-09-07
7304290031,"Casing,i/s o/t ss,ext diam >298.5mm,API H-40,J-55/K-55,drilling for oil/gas",7304290033,"Casing,seamless,etc.,ext diam >298.5 mm, threaded,coupled, API H-40, J-55, K-55",False,same subheading,split,conc-10-stats-2022-1.xlsx,2026-09-07
7304290031,"Casing,i/s o/t ss,ext diam >298.5mm,API H-40,J-55/K-55,drilling for oil/gas",7304290034,"Casing,seamless,etc.,ext diam >298.5 mm,p/sp,thrd,coupled, API H-40, J-55, K-55",False,same subheading,split,conc-10-stats-2022-1.xlsx,2026-09-07
7304290039,"Casing,i/s o/t ss,ext diam >298.5mm,o/t API H-40,J-55/K-55,drill oil/gas,nes",7304290035,"Casing,seamless,etc.,ext diam >298.5 mm, plain end, API grade N80, L80, P110",False,same subheading,split,conc-10-stats-2022-1.xlsx,2026-09-07
7304290039,"Casing,i/s o/t ss,ext diam >298.5mm,o/t API H-40,J-55/K-55,drill oil/gas,nes",7304290036,"Casing,seamless,etc.,ext diam >298.5 mm, threaded and coupled,API N80, L80, P110",False,same subheading,split,conc-10-stats-2022-1.xlsx,2026-09-07
7304290039,"Casing,i/s o/t ss,ext diam >298.5mm,o/t API H-40,J-55/K-55,drill oil/gas,nes",7304290037,"Casing,seamless,etc.,ext diam>298.5 mm,p/sp thrd,coupled, API grade N80,L80,P110",False,same subheading,split,conc-10-stats-2022-1.xlsx,2026-09-07
7304290039,"Casing,i/s o/t ss,ext diam >298.5mm,o/t API H-40,J-55/K-55,drill oil/gas,nes",7304290039,"O casing,etc,ext diam>298.5 mm,o/t,p/sp thrd,coupled, API grade N80,L80,P110,nes",True,same code,split,conc-10-stats-2022-1.xlsx,2026-09-07
7304290041,"Tubing, i/s o/t ss,smls,ext diam<=60.2mm, API H-40 or J-55,drilling for oil/gas",7304290042,"Tubing,seamless,etc.,ext diam <= 60.2 mm,plain end, API grade H-40, J-55, K-55",False,same subheading,split,conc-10-stats-2022-1.xlsx,2026-09-07
7304290041,"Tubing, i/s o/t ss,smls,ext diam<=60.2mm, API H-40 or J-55,drilling for oil/gas",7304290043,"Tubing,seamless,etc.,ext diam <= 60.2 mm,threaded and coupled,API H-40,J-55,K-55",False,same subheading,split,conc-10-stats-2022-1.xlsx,2026-09-07
7304290041,"Tubing, i/s o/t ss,smls,ext diam<=60.2mm, API H-40 or J-55,drilling for oil/gas",7304290044,"Tubing,seamless,etc.,ext diam <= 60.2 mm,p/sp,thrd,coupled,API H-40, J-55, K-55",False,same subheading,split,conc-10-stats-2022-1.xlsx,2026-09-07
7304290049,"Tubing,i/s o/t ss,smls,ext diam<=60.2mm,o/t API H-40/J-55,drill for oil/gas,nes",7304290045,"Tubing,seamless,etc.,ext diam <= 60.2 mm,plain end, API grade N80, L80, P110",False,same subheading,split,conc-10-stats-2022-1.xlsx,2026-09-07
7304290049,"Tubing,i/s o/t ss,smls,ext diam<=60.2mm,o/t API H-40/J-55,drill for oil/gas,nes",7304290046,"Tubing,seamless,etc.,ext diam <= 60.2 mm, threaded and coupled, API N80L80,P110",False,same subheading,split,conc-10-stats-2022-1.xlsx,2026-09-07
7304290049,"Tubing,i/s o/t ss,smls,ext diam<=60.2mm,o/t API H-40/J-55,drill for oil/gas,nes",7304290047,"Tubing,seamless,etc.,ext diam<= 60.2 mm,p/sp thrd,coupled,API grade N80,L80,P110",False,same subheading,split,conc-10-stats-2022-1.xlsx,2026-09-07
7304290049,"Tubing,i/s o/t ss,smls,ext diam<=60.2mm,o/t API H-40/J-55,drill for oil/gas,nes",7304290049,"O Tubing,etc.,ext diam<= 60.2mm,o/t,p/sp thrd,coupled,API grade N80,L80,P110,nes",True,same code,split,conc-10-stats-2022-1.xlsx,2026-09-07
7304290051,"Tubing,i/s o/t ss,smls, ext diam 60.3mm,API H-40/J-55,used in drilling f oil/gas",7304290052,"Tubing,seamless,etc.,s,ext diam = 60.3 mm,plain end, API grade H-40, J-55, K-55",False,same subheading,split,conc-10-stats-2022-1.xlsx,2026-09-07
7304290051,"Tubing,i/s o/t ss,smls, ext diam 60.3mm,API H-40/J-55,used in drilling f oil/gas",7304290053,"Tubing,seamless,etc.,s,ext diam = 60.3mm,threaded and coupled,API H-40,J-55,K-55",False,same subheading,split,conc-10-stats-2022-1.xlsx,2026-09-07
7304290051,"Tubing,i/s o/t ss,smls, ext diam 60.3mm,API H-40/J-55,used in drilling f oil/gas",7304290054,"Tubing,seamless,etc.,s,ext diam = 60.3mm,p/sp,thrd,coupled,API H-40, J-55, K-55",False,same subheading,split,conc-10-stats-2022-1.xlsx,2026-09-07
7304290059,"Tubing,i/s o/t ss,smls,ext diam 60.3mm, o/t API H-40/J-55,drill for oil/gas, nes",7304290055,"Tubing,seamless,etc.,s,ext diam = 60.3 mm, plain end, API grade N80, L80, P110",False,same subheading,split,conc-10-stats-2022-1.xlsx,2026-09-07
7304290059,"Tubing,i/s o/t ss,smls,ext diam 60.3mm, o/t API H-40/J-55,drill for oil/gas, nes",7304290056,"Tubing,seamless,etc.,s,ext diam = 60.3 mm, threaded and coupled, API N80L80,P110",False,same subheading,split,conc-10-stats-2022-1.xlsx,2026-09-07
7304290059,"Tubing,i/s o/t ss,smls,ext diam 60.3mm, o/t API H-40/J-55,drill for oil/gas, nes",7304290057,"Tubing,smls,etc.,s,ext diam = 60.3mm, p/sp thrd,coupled, API grade N80,L80,P110",False,same subheading,split,conc-10-stats-2022-1.xlsx,2026-09-07
7304290059,"Tubing,i/s o/t ss,smls,ext diam 60.3mm, o/t API H-40/J-55,drill for oil/gas, nes",7304290059,"O tubing,etc.,s,ext diam = 60.3mm,o/t,p/sp thrd,cpld, API grade N80,L80,P110,nes",True,same code,split,conc-10-stats-2022-1.xlsx,2026-09-07
7304290061,"Tubing,i/s o/t ss,smls,ext diam >60.3 but<=73mm,API H-40/J-55, drill for oil/gas",7304290062,"Tubing,smls,etc.,ext diam >60.3 mm <=73mm, plain end, API grade H-40, J-55, K-55",False,same subheading,split,conc-10-stats-2022-1.xlsx,2026-09-07
7304290061,"Tubing,i/s o/t ss,smls,ext diam >60.3 but<=73mm,API H-40/J-55, drill for oil/gas",7304290063,"Tubing,smls,etc.,ext dia >60.3 mm <=73mm,threaded and coupled,API H-40,J-55,K-55",False,same subheading,split,conc-10-stats-2022-1.xlsx,2026-09-07
7304290061,"Tubing,i/s o/t ss,smls,ext diam >60.3 but<=73mm,API H-40/J-55, drill for oil/gas",7304290064,"Tubing,smls,etc.,ext diam >60.3mm <=73mm,p/sp,thrd,coupled,API H-40, J-55, K-55",False,same subheading,split,conc-10-stats-2022-1.xlsx,2026-09-07
7304290069,"Tubing,i/s o/t ss,smls,ext diam>60.3 but <=73mm,drill for oil/gas,nes",7304290065,"Tubing,smls,etc.,ext diam >60.3 mm <=73mm, plain end, API grade N80, L80, P110",False,same subheading,split,conc-10-stats-2022-1.xlsx,2026-09-07
7304290069,"Tubing,i/s o/t ss,smls,ext diam>60.3 but <=73mm,drill for oil/gas,nes",7304290066,"Tubing,smls,etc.,ext diam >60.3 mm <=73mm, threaded and coupled, API N80L80,P110",False,same subheading,split,conc-10-stats-2022-1.xlsx,2026-09-07
7304290069,"Tubing,i/s o/t ss,smls,ext diam>60.3 but <=73mm,drill for oil/gas,nes",7304290067,"Tubing,smls,etc.,ext diam >60.3 mm <=73mm, p/sp thrd,coupled, API N80,L80,P110",False,same subheading,split,conc-10-stats-2022-1.xlsx,2026-09-07
7304290069,"Tubing,i/s o/t ss,smls,ext diam>60.3 but <=73mm,drill for oil/gas,nes",7304290069,"O tubing,etc.,ext diam >60.3 mm <=73mm,o/t,p/sp thrd,cpld,API N80,L80,P110,nes",True,same code,split,conc-10-stats-2022-1.xlsx,2026-09-07
7304290071,"Tubing,i/s o/t ss,smls,ext diam >73mm, API H-40/J-55,u in drilling for oil/gas",7304290072,"Tubing,smls,etc.,ext diam >60.3 mm <=73mm, plain end, API grade H-40, J-55, K-55",False,same subheading,split,conc-10-stats-2022-1.xlsx,2026-09-07
7304290071,"Tubing,i/s o/t ss,smls,ext diam >73mm, API H-40/J-55,u in drilling for oil/gas",7304290073,"Tubing,smls,etc.,ext diam >60.3mm <=73mm,threaded and coupled,API H-40,J-55,K-55",False,same subheading,split,conc-10-stats-2022-1.xlsx,2026-09-07
7304290071,"Tubing,i/s o/t ss,smls,ext diam >73mm, API H-40/J-55,u in drilling for oil/gas",7304290074,"Tubing,smls,etc.,ext diam >60.3mm <=73mm,p/sp,thrd,coupled,API H-40, J-55, K-55",False,same subheading,split,conc-10-stats-2022-1.xlsx,2026-09-07
7304290079,"Tubing,i/s o/t ss, smls, ext diam >73mm, o/t API H-40/J-55,drill for oil/gas,nes",7304290075,"Tubing,smls,etc.,ext diam >60.3 mm <=73mm, plain end, API grade N80, L80, P110",False,same subheading,split,conc-10-stats-2022-1.xlsx,2026-09-07
7304290079,"Tubing,i/s o/t ss, smls, ext diam >73mm, o/t API H-40/J-55,drill for oil/gas,nes",7304290076,"Tubing,smls,etc.,ext diam >60.3 mm <=73mm, threaded and coupled, API N80L80,P110",False,same subheading,split,conc-10-stats-2022-1.xlsx,2026-09-07
7304290079,"Tubing,i/s o/t ss, smls, ext diam >73mm, o/t API H-40/J-55,drill for oil/gas,nes",7304290077,"Tubing,smls,etc.,ext diam >60.3 mm <=73mm, p/sp thrd,coupled, API N80,L80,P110",False,same subheading,split,conc-10-stats-2022-1.xlsx,2026-09-07
7304290079,"Tubing,i/s o/t ss, smls, ext diam >73mm, o/t API H-40/J-55,drill for oil/gas,nes",7304290079,"O tubing,smls,etc.,ext diam>60.3mm<=73mm,o/t,p/sp thrd,cpld,API N80,L80,P110,nes",True,same code,split,conc-10-stats-2022-1.xlsx,2026-09-07
7304390080,"Pipes,standard,of circular cross-section,i/nas,seamless,o/t cold-drawn/roll,nes",7304390011,"Pipes,std,cc-s,i/nas,smls,o/t cold-drawn/roll,ext diam <60.3 mm,ASTM A106 or sim",False,same subheading,split,conc-10-stats-2022-1.xlsx,2026-09-07
7304390080,"Pipes,standard,of circular cross-section,i/nas,seamless,o/t cold-drawn/roll,nes",7304390012,"Pipes,std,cc-s,i/nas,smls,o/t cold-drawn/roll,ext diam <60.3 mm,ASTM A333 or sim",False,same subheading,split,conc-10-stats-2022-1.xlsx,2026-09-07
7304390080,"Pipes,standard,of circular cross-section,i/nas,seamless,o/t cold-drawn/roll,nes",7304390019,"Pipes,std,of cc-s,i/nas,seamless,o/t cold-drawn/roll,ext diameter < 60.3 mm, nes",False,same subheading,split,conc-10-stats-2022-1.xlsx,2026-09-07
7304390080,"Pipes,standard,of circular cross-section,i/nas,seamless,o/t cold-drawn/roll,nes",7304390021,"Pipes,std,cc-s,i/nas,smls,o/t cd/roll,ext diam >60.3 <=219.1mm,ASTM A106 or sim",False,same subheading,split,conc-10-stats-2022-1.xlsx,2026-09-07
7304390080,"Pipes,standard,of circular cross-section,i/nas,seamless,o/t cold-drawn/roll,nes",7304390022,"Pipes,std,cc-s,i/nas,smls,o/t cd/roll,ext diam >60.3 <=219.1mm,ASTM A333 or sim",False,same subheading,split,conc-10-stats-2022-1.xlsx,2026-09-07
7304390080,"Pipes,standard,of circular cross-section,i/nas,seamless,o/t cold-drawn/roll,nes",7304390029,"Pipes,std,of cc-s,i/nas,smls,o/t cold-drawn/roll,ext diam >60.3 mm<=219.1 mm,nes",False,same subheading,split,conc-10-stats-2022-1.xlsx,2026-09-07
7304390080,"Pipes,standard,of circular cross-section,i/nas,seamless,o/t cold-drawn/roll,nes",7304390031,"Pipes,std,cc-s,i/nas,smls,o/t cd/roll,ext diam >219.1<=355.6mm,ASTM A106 or sim",False,same subheading,split,conc-10-stats-2022-1.xlsx,2026-09-07
7304390080,"Pipes,standard,of circular cross-section,i/nas,seamless,o/t cold-drawn/roll,nes",7304390032,"Pipes,std,cc-s,i/nas,smls,o/t cd/roll,ext diam >219.1 <=355.6mm,ASTM A333 or sim",False,same subheading,split,conc-10-stats-2022-1.xlsx,2026-09-07
7304390080,"Pipes,standard,of circular cross-section,i/nas,seamless,o/t cold-drawn/roll,nes",7304390039,"Pipes,std,of cc-s,i/nas,smls,o/t cold-drawn/roll,ext diam >219.1 <=355.6 mm,nes",False,same subheading,split,conc-10-stats-2022-1.xlsx,2026-09-07
7304390080,"Pipes,standard,of circular cross-section,i/nas,seamless,o/t cold-drawn/roll,nes",7304390041,"Pipes,std,cc-s,i/nas,smls,o/t cd/roll,ext diam >355.6<=610mm,ASTM A106 or sim",False,same subheading,split,conc-10-stats-2022-1.xlsx,2026-09-07
7304390080,"Pipes,standard,of circular cross-section,i/nas,seamless,o/t cold-drawn/roll,nes",7304390042,"Pipes,std,cc-s,i/nas,smls,o/t cd/roll,ext diam >355.6 <=610mm,ASTM A333 or sim",False,same subheading,split,conc-10-stats-2022-1.xlsx,2026-09-07
7304390080,"Pipes,standard,of circular cross-section,i/nas,seamless,o/t cold-drawn/roll,nes",7304390049,"Pipes,std,of cc-s,i/nas,smls,o/t cold-drawn/roll,ext diam >355.6 <=610 mm,nes",False,same subheading,split,conc-10-stats-2022-1.xlsx,2026-09-07
7304390080,"Pipes,standard,of circular cross-section,i/nas,seamless,o/t cold-drawn/roll,nes",7304390051,"Pipes,std,cc-s,i/nas,smls,o/t cd/roll,ext diam > 610 mm, ASTM A106 or sim",False,same subheading,split,conc-10-stats-2022-1.xlsx,2026-09-07
7304390080,"Pipes,standard,of circular cross-section,i/nas,seamless,o/t cold-drawn/roll,nes",7304390052,"Pipes,std,cc-s,i/nas,smls,o/t cd/roll,ext diam > 610 mm, ASTM A333 or sim",False,same subheading,split,conc-10-stats-2022-1.xlsx,2026-09-07
7304390080,"Pipes,standard,of circular cross-section,i/nas,seamless,o/t cold-drawn/roll,nes",7304390059,"Pipes,std,of cc-s,i/nas,smls,o/t cold-drawn/roll,ext diam > 610 mm, nes",False,same subheading,split,conc-10-stats-2022-1.xlsx,2026-09-07
7304590090,"Tubes,pipes,h-prf,circular cross-sect,alloy steel,o/t ss,seamless,o/t cd/cr,nes",7304590011,"Pipes,std,cc-s,alloy steel,o/t ss,smls,o/t cd/cr,ext diam < 60.3 mm,ASTM A355 P5",False,same subheading,split,conc-10-stats-2022-1.xlsx,2026-09-07
7304590090,"Tubes,pipes,h-prf,circular cross-sect,alloy steel,o/t ss,seamless,o/t cd/cr,nes",7304590012,"Pipes,std,cc-s,alloy steel,o/t ss,smls,o/t cd/cr,ext diam < 60.3 mm,ASTM A355 P9",False,same subheading,split,conc-10-stats-2022-1.xlsx,2026-09-07
7304590090,"Tubes,pipes,h-prf,circular cross-sect,alloy steel,o/t ss,seamless,o/t cd/cr,nes",7304590013,"Pipes,std,cc-s,alloy steel,o/t ss,smls,o/t cd/cr,ext diam < 60.3mm,ASTM A355 P11",False,same subheading,split,conc-10-stats-2022-1.xlsx,2026-09-07
7304590090,"Tubes,pipes,h-prf,circular cross-sect,alloy steel,o/t ss,seamless,o/t cd/cr,nes",7304590014,"Pipes,std,cc-s,alloy steel,o/t ss,smls,o/t cd/cr,ext diam < 60.3mm,ASTM A355 P22",False,same subheading,split,conc-10-stats-2022-1.xlsx,2026-09-07
7304590090,"Tubes,pipes,h-prf,circular cross-sect,alloy steel,o/t ss,seamless,o/t cd/cr,nes",7304590015,"Pipes,std,cc-s,alloy steel,o/t ss,smls,o/t cd/cr,ext diam < 60.3mm,ASTM A355 P91",False,same subheading,split,conc-10-stats-2022-1.xlsx,2026-09-07
7304590090,"Tubes,pipes,h-prf,circular cross-sect,alloy steel,o/t ss,seamless,o/t cd/cr,nes",7304590016,"Pipes,std,cc-s,alloy steel,o/t ss,smls,o/t cd/cr,ext diam < 60.3mm,ASTM A355 P92",False,same subheading,split,conc-10-stats-2022-1.xlsx,2026-09-07
7304590090,"Tubes,pipes,h-prf,circular cross-sect,alloy steel,o/t ss,seamless,o/t cd/cr,nes",7304590019,"Pipes,std,cc-s,alloy steel,o/t ss,seamless,o/t cd/cr,ext diameter < 60.3 mm,nes",False,same subheading,split,conc-10-stats-2022-1.xlsx,2026-09-07
7304590090,"Tubes,pipes,h-prf,circular cross-sect,alloy steel,o/t ss,seamless,o/t cd/cr,nes",7304590021,"Pipes,std,cc-s,alloy steel,o/t ss,smls,etc,ext diam>60.3<=219.1mm,ASTM A355 P5",False,same subheading,split,conc-10-stats-2022-1.xlsx,2026-09-07
7304590090,"Tubes,pipes,h-prf,circular cross-sect,alloy steel,o/t ss,seamless,o/t cd/cr,nes",7304590022,"Pipes,std,cc-s,alloy steel,o/t ss,smls,etc,ext diam>60.3<=219.1mm,ASTM A355 P9",False,same subheading,split,conc-10-stats-2022-1.xlsx,2026-09-07
7304590090,"Tubes,pipes,h-prf,circular cross-sect,alloy steel,o/t ss,seamless,o/t cd/cr,nes",7304590023,"Pipes,std,cc-s,alloy steel,o/t ss,smls,etc,ext diam>60.3<=219.1mm,ASTM A355 P11",False,same subheading,split,conc-10-stats-2022-1.xlsx,2026-09-07
7304590090,"Tubes,pipes,h-prf,circular cross-sect,alloy steel,o/t ss,seamless,o/t cd/cr,nes",7304590024,"Pipes,std,cc-s,alloy steel,o/t ss,smls,etc,ext diam>60.3<=219.1mm,ASTM A355 P22",False,same subheading,split,conc-10-stats-2022-1.xlsx,2026-09-07
7304590090,"Tubes,pipes,h-prf,circular cross-sect,alloy steel,o/t ss,seamless,o/t cd/cr,nes",7304590025,"Pipes,std,cc-s,alloy steel,o/t ss,smls,etc,ext diam>60.3<=219.1mm,ASTM A355 P91",False,same subheading,split,conc-10-stats-2022-1.xlsx,2026-09-07
7304590090,"Tubes,pipes,h-prf,circular cross-sect,alloy steel,o/t ss,seamless,o/t cd/cr,nes",7304590026,"Pipes,std,cc-s,alloy steel,o/t ss,smls,etc,ext diam>60.3<=219.1mm,ASTM A355 P92",False,same subheading,split,conc-10-stats-2022-1.xlsx,2026-09-07
7304590090,"Tubes,pipes,h-prf,circular cross-sect,alloy steel,o/t ss,seamless,o/t cd/cr,nes",7304590029,"Pipes,std,cc-s,alloy steel,o/t ss,seamless,o/t cd/cr,ext diam >60.3<=219.1mm,nes",False,same subheading,split,conc-10-stats-2022-1.xlsx,2026-09-07
7304590090,"Tubes,pipes,h-prf,circular cross-sect,alloy steel,o/t ss,seamless,o/t cd/cr,nes",7304590031,"Pipes,std,cc-s,alloy steel,o/t ss,smls,etc,ext diam>219.1<=355.6mm,ASTM A355 P5",False,same subheading,split,conc-10-stats-2022-1.xlsx,2026-09-07
7304590090,"Tubes,pipes,h-prf,circular cross-sect,alloy steel,o/t ss,seamless,o/t cd/cr,nes",7304590032,"Pipes,std,cc-s,alloy steel,o/t ss,smls,etc,ext diam>219.1<=355.6mm,ASTM A355 P9",False,same subheading,split,conc-10-stats-2022-1.xlsx,2026-09-07
7304590090,"Tubes,pipes,h-prf,circular cross-sect,alloy steel,o/t ss,seamless,o/t cd/cr,nes",7304590033,"Pipes,std,cc-s,alloy steel,o/t ss,smls,etc,ext diam>219.1<=355.6mm,ASTM A355 P11",False,same subheading,split,conc-10-stats-2022-1.xlsx,2026-09-07
7304590090,"Tubes,pipes,h-prf,circular cross-sect,alloy steel,o/t ss,seamless,o/t cd/cr,nes",7304590034,"Pipes,std,cc-s,alloy steel,o/t ss,smls,etc,ext diam>219.1<=355.6mm,ASTM A355 P22",False,same subheading,split,conc-10-stats-2022-1.xlsx,2026-09-07
7304590090,"Tubes,pipes,h-prf,circular cross-sect,alloy steel,o/t ss,seamless,o/t cd/cr,nes",7304590035,"Pipes,std,cc-s,alloy steel,o/t ss,smls,etc,ext diam>219.1<=355.6mm,ASTM A355 P91",False,same subheading,split,conc-10-stats-2022-1.xlsx,2026-09-07
7304590090,"Tubes,pipes,h-prf,circular cross-sect,alloy steel,o/t ss,seamless,o/t cd/cr,nes",7304590036,"Pipes,std,cc-s,alloy steel,o/t ss,smls,etc,ext diam>219.1<=355.6mm,ASTM A355 P92",False,same subheading,split,conc-10-stats-2022-1.xlsx,2026-09-07
7304590090,"Tubes,pipes,h-prf,circular cross-sect,alloy steel,o/t ss,seamless,o/t cd/cr,nes",7304590039,"Pipes,std,cc-s,alloy steel,o/t ss,seamless,o/t cd/cr,ext diam>219.1<=355.6mm,nes",False,same subheading,split,conc-10-stats-2022-1.xlsx,2026-09-07
7304590090,"Tubes,pipes,h-prf,circular cross-sect,alloy steel,o/t ss,seamless,o/t cd/cr,nes",7304590041,"Pipes,std,cc-s,alloy steel,o/t ss,smls,etc,ext diam >355.6<=610mm,ASTM A355 P5",False,same subheading,split,conc-10-stats-2022-1.xlsx,2026-09-07
7304590090,"Tubes,pipes,h-prf,circular cross-sect,alloy steel,o/t ss,seamless,o/t cd/cr,nes",7304590042,"Pipes,std,cc-s,alloy steel,o/t ss,smls,etc,ext diam >355.6<=610mm,ASTM A355 P9",False,same subheading,split,conc-10-stats-2022-1.xlsx,2026-09-07
7304590090,"Tubes,pipes,h-prf,circular cross-sect,alloy steel,o/t ss,seamless,o/t cd/cr,nes",7304590043,"Pipes,std,cc-s,alloy steel,o/t ss,smls,etc,ext diam >355.6<=610mm,ASTM A355 P11",False,same subheading,split,conc-10-stats-2022-1.xlsx,2026-09-07
7304590090,"Tubes,pipes,h-prf,circular cross-sect,alloy steel,o/t ss,seamless,o/t cd/cr,nes",7304590044,"Pipes,std,cc-s,alloy steel,o/t ss,smls,etc,ext diam >355.6<=610mm,ASTM A355 P22",False,same subheading,split,conc-10-stats-2022-1.xlsx,2026-09-07
7304590090,"Tubes,pipes,h-prf,circular cross-sect,alloy steel,o/t ss,seamless,o/t cd/cr,nes",7304590045,"Pipes,std,cc-s,alloy steel,o/t ss,smls,etc,ext diam >355.6<=610mm,ASTM A355 P91",False,same subheading,split,conc-10-stats-2022-1.xlsx,2026-09-07
7304590090,"Tubes,pipes,h-prf,circular cross-sect,alloy steel,o/t ss,seamless,o/t cd/cr,nes",7304590046,"Pipes,std,cc-s,alloy steel,o/t ss,smls,etc,ext diam >355.6<=610mm,ASTM A355 P92",False,same subheading,split,conc-10-stats-2022-1.xlsx,2026-09-07
7304590090,"Tubes,pipes,h-prf,circular cross-sect,alloy steel,o/t ss,seamless,o/t cd/cr,nes",7304590049,"Pipes,std,cc-s,alloy steel,o/t ss,seamless,o/t cd/cr,ext diam >355.6<=610mm,nes",False,same subheading,split,conc-10-stats-2022-1.xlsx,2026-09-07
7304590090,"Tubes,pipes,h-prf,circular cross-sect,alloy steel,o/t ss,seamless,o/t cd/cr,nes",7304590051,"Pipes,std,cc-s,alloy steel,o/t ss,smls,o/t cd/cr,ext diam > 610 mm,ASTM A355 P5",False,same subheading,split,conc-10-stats-2022-1.xlsx,2026-09-07
7304590090,"Tubes,pipes,h-prf,circular cross-sect,alloy steel,o/t ss,seamless,o/t cd/cr,nes",7304590052,"Pipes,std,cc-s,alloy steel,o/t ss,smls,o/t cd/cr,ext diam > 610 mm,ASTM A355 P9",False,same subheading,split,conc-10-stats-2022-1.xlsx,2026-09-07
7304590090,"Tubes,pipes,h-prf,circular cross-sect,alloy steel,o/t ss,seamless,o/t cd/cr,nes",7304590053,"Pipes,std,cc-s,alloy steel,o/t ss,smls,o/t cd/cr,ext diam > 610 mm,ASTM A355 P11",False,same subheading,split,conc-10-stats-2022-1.xlsx,2026-09-07
7304590090,"Tubes,pipes,h-prf,circular cross-sect,alloy steel,o/t ss,seamless,o/t cd/cr,nes",7304590054,"Pipes,std,cc-s,alloy steel,o/t ss,smls,o/t cd/cr,ext diam > 610 mm,ASTM A355 P22",False,same subheading,split,conc-10-stats-2022-1.xlsx,2026-09-07
7304590090,"Tubes,pipes,h-prf,circular cross-sect,alloy steel,o/t ss,seamless,o/t cd/cr,nes",7304590055,"Pipes,std,cc-s,alloy steel,o/t ss,smls,o/t cd/cr,ext diam > 610 mm,ASTM A355 P91",False,same subheading,split,conc-10-stats-2022-1.xlsx,2026-09-07
7304590090,"Tubes,pipes,h-prf,circular cross-sect,alloy steel,o/t ss,seamless,o/t cd/cr,nes",7304590056,"Pipes,std,cc-s,alloy steel,o/t ss,smls,o/t cd/cr,ext diam > 610 mm,ASTM A355 P92",False,same subheading,split,conc-10-stats-2022-1.xlsx,2026-09-07
7304590090,"Tubes,pipes,h-prf,circular cross-sect,alloy steel,o/t ss,seamless,o/t cd/cr,nes",7304590059,"Pipes,std,cc-s,alloy steel,o/t ss,seamless,o/t cd/cr,ext diameter > 610 mm, nes",False,same subheading,split,conc-10-stats-2022-1.xlsx,2026-09-07
7304590050,"Mechanical tubes & pipes,circular cross-section,as,o/t ss,seamless,o/t cd/cr,nes",7304590060,"Mechanical tubes & pipes,circular cross-section,as,o/t ss,seamless,o/t cd/cr,nes",False,same subheading,one to one,conc-10-stats-2022-1.xlsx,2026-09-07
7304590090,"Tubes,pipes,h-prf,circular cross-sect,alloy steel,o/t ss,seamless,o/t cd/cr,nes",7304590090,"Tubes,pipes,h-prf,circular cross-sect,alloy steel,o/t ss,seamless,o/t cd/cr,nes",True,same code,split,conc-10-stats-2022-1.xlsx,2026-09-07
7305190012,"Pipe,line,i/nas,API<=X52,welded/riveted/sim,cc-s,diam<=609.6mm,oil/gas pipel,nes",7305190031,"Line pipe,etc.,ext diameter <=610mm,oil/gas pipeline, API grade <= X-52,nes",False,same subheading,merge,conc-10-stats-2022-1.xlsx,2026-09-07
7305190013,"Pipe,line,al/s,API<=X52,welded/riveted/sim,cc-s, diam<=609.6mm,oil/gas pipel,nes",7305190031,"Line pipe,etc.,ext diameter <=610mm,oil/gas pipeline, API grade <= X-52,nes",False,same subheading,merge,conc-10-stats-2022-1.xlsx,2026-09-07
7305190014,"Pipe,line,i/nas,welded/riveted/sim, cc-s,ext diam<=609.6 mm,oil/gas pipeline,nes",7305190032,"Line pipe,etc.,ext diam <=610mm,oil/gas pipeline,API grade >X-52 <X-65,nes",False,same subheading,many to many,conc-10-stats-2022-1.xlsx,2026-09-07
7305190015,"Pipe,line,al/s,welded/riveted/sim, cc-s,ext diam<=609.6 mm, oil/gas pipeline,nes",7305190032,"Line pipe,etc.,ext diam <=610mm,oil/gas pipeline,API grade >X-52 <X-65,nes",False,same subheading,many to many,conc-10-stats-2022-1.xlsx,2026-09-07
7305190014,"Pipe,line,i/nas,welded/riveted/sim, cc-s,ext diam<=609.6 mm,oil/gas pipeline,nes",7305190033,"Line pipe,etc.,ext diam <=610mm,oil/gas pipeline, API grade >X-65 <X-70,nes",False,same subheading,many to many,conc-10-stats-2022-1.xlsx,2026-09-07
7305190015,"Pipe,line,al/s,welded/riveted/sim, cc-s,ext diam<=609.6 mm, oil/gas pipeline,nes",7305190033,"Line pipe,etc.,ext diam <=610mm,oil/gas pipeline, API grade >X-65 <X-70,nes",False,same subheading,many to many,conc-10-stats-2022-1.xlsx,2026-09-07
7305190014,"Pipe,line,i/nas,welded/riveted/sim, cc-s,ext diam<=609.6 mm,oil/gas pipeline,nes",7305190034,"Line pipe,etc.,ext diam <=610mm,oil/gas pipeline,API grade >X-70 <X-80,nes",False,same subheading,many to many,conc-10-stats-2022-1.xlsx,2026-09-07
7305190015,"Pipe,line,al/s,welded/riveted/sim, cc-s,ext diam<=609.6 mm, oil/gas pipeline,nes",7305190034,"Line pipe,etc.,ext diam <=610mm,oil/gas pipeline,API grade >X-70 <X-80,nes",False,same subheading,many to many,conc-10-stats-2022-1.xlsx,2026-09-07
7305190014,"Pipe,line,i/nas,welded/riveted/sim, cc-s,ext diam<=609.6 mm,oil/gas pipeline,nes",7305190039,"Other,line pipe,iron or steel,etc.,welded,ext dia <=610mm,oil/gas pipe,nes",False,same subheading,many to many,conc-10-stats-2022-1.xlsx,2026-09-07
7305190015,"Pipe,line,al/s,welded/riveted/sim, cc-s,ext diam<=609.6 mm, oil/gas pipeline,nes",7305190039,"Other,line pipe,iron or steel,etc.,welded,ext dia <=610mm,oil/gas pipe,nes",False,same subheading,many to many,conc-10-stats-2022-1.xlsx,2026-09-07
7305190022,"Pipe,line,i/nas,API<=X52,wld/riveted/sim,cc-s,diam >609.6mm,oil/gas pipeline,nes",7305190041,"Line pipe,etc.,ext diameter >610 mm,oil/gas pipeline, API grade <= X-52,nes",False,same subheading,merge,conc-10-stats-2022-1.xlsx,2026-09-07
7305190023,"Pipe,line,al/s,API<=X52,wld/riveted/sim,cc-s,diam >609.6mm, oil/gas pipeline,nes",7305190041,"Line pipe,etc.,ext diameter >610 mm,oil/gas pipeline, API grade <= X-52,nes",False,same subheading,merge,conc-10-stats-2022-1.xlsx,2026-09-07
7305190024,"Pipe,line,i/nas, wld/riveted/sim,cc-s, diam >609.6mm, oil/gas pipeline, nes",7305190042,"Line pipe,etc.,ext diam >610 mm,oil/gas pipeline, API grade >X-52 <X-65,nes",False,same subheading,many to many,conc-10-stats-2022-1.xlsx,2026-09-07
7305190025,"Pipe,line,al/s, wld/riveted/sim,cc-s, diam >609.6mm, oil/gas pipeline, nes",7305190042,"Line pipe,etc.,ext diam >610 mm,oil/gas pipeline, API grade >X-52 <X-65,nes",False,same subheading,many to many,conc-10-stats-2022-1.xlsx,2026-09-07
7305190024,"Pipe,line,i/nas, wld/riveted/sim,cc-s, diam >609.6mm, oil/gas pipeline, nes",7305190043,"Line pipe,etc.,ext diam >610 mm,oil/gas pipeline, API grade >X-65 <X-70,nes",False,same subheading,many to many,conc-10-stats-2022-1.xlsx,2026-09-07
7305190025,"Pipe,line,al/s, wld/riveted/sim,cc-s, diam >609.6mm, oil/gas pipeline, nes",7305190043,"Line pipe,etc.,ext diam >610 mm,oil/gas pipeline, API grade >X-65 <X-70,nes",False,same subheading,many to many,conc-10-stats-2022-1.xlsx,2026-09-07
7305190024,"Pipe,line,i/nas, wld/riveted/sim,cc-s, diam >609.6mm, oil/gas pipeline, nes",7305190044,"Line pipe,etc.,ext diam <=610 mm,oil/gas pipeline, API grade >X-70 <X-80,nes",False,same subheading,many to many,conc-10-stats-2022-1.xlsx,2026-09-07
7305190025,"Pipe,line,al/s, wld/riveted/sim,cc-s, diam >609.6mm, oil/gas pipeline, nes",7305190044,"Line pipe,etc.,ext diam <=610 mm,oil/gas pipeline, API grade >X-70 <X-80,nes",False,same subheading,many to many,conc-10-stats-2022-1.xlsx,2026-09-07
7305190024,"Pipe,line,i/nas, wld/riveted/sim,cc-s, diam >609.6mm, oil/gas pipeline, nes",7305190049,"Other,line pipe,iron or steel,etc.,welded,ext dia >610 mm,oil/gas pipe,nes",False,same subheading,many to many,conc-10-stats-2022-1.xlsx,2026-09-07
7305190025,"Pipe,line,al/s, wld/riveted/sim,cc-s, diam >609.6mm, oil/gas pipeline, nes",7305190049,"Other,line pipe,iron or steel,etc.,welded,ext dia >610 mm,oil/gas pipe,nes",False,same subheading,many to many,conc-10-stats-2022-1.xlsx,2026-09-07
7306290011,"Casing,i/s,wld,etc,API H40,J55,K55,f oil/gas drill,ext diam >=114.3<177.8mm,nes",7306290012,"Casings,etc.,oil/gas drill ext diam>=114.3<177.8mm,plain end,API H40,J55,K55,nes",False,same subheading,split,conc-10-stats-2022-1.xlsx,2026-09-07
7306290011,"Casing,i/s,wld,etc,API H40,J55,K55,f oil/gas drill,ext diam >=114.3<177.8mm,nes",7306290013,"Casings,etc.,oil/gas drill ext diam>=114.3<177.8mm,thrd/cpld,API H40,J55,K55,nes",False,same subheading,split,conc-10-stats-2022-1.xlsx,2026-09-07
7306290011,"Casing,i/s,wld,etc,API H40,J55,K55,f oil/gas drill,ext diam >=114.3<177.8mm,nes",7306290014,"Casings,etc.,ext diam>=114.3<177.8mm,p/sp, threaded/cpld,API H40,J55,K55,nes",False,same subheading,split,conc-10-stats-2022-1.xlsx,2026-09-07
7306290019,"Casing,i/s,welded,riveted etc,for oil/gas drilling,ext diam >114.3 <=177.8mm,nes",7306290015,"Casings,etc,oil/gas drill ext diam>=114.3<177.8mm,plain end,API N80,L80,P110,nes",False,same subheading,split,conc-10-stats-2022-1.xlsx,2026-09-07
7306290019,"Casing,i/s,welded,riveted etc,for oil/gas drilling,ext diam >114.3 <=177.8mm,nes",7306290016,"Casings,etc,oil/gas drill ext diam>=114.3<177.8mm,thrd/cpld,API N80,L80,P110,nes",False,same subheading,split,conc-10-stats-2022-1.xlsx,2026-09-07
7306290019,"Casing,i/s,welded,riveted etc,for oil/gas drilling,ext diam >114.3 <=177.8mm,nes",7306290017,"Casings,etc.,ext diam>=114.3<177.8mm,p/sp, threaded/cpld,API N80,L80,P110,nes",False,same subheading,split,conc-10-stats-2022-1.xlsx,2026-09-07
7306290019,"Casing,i/s,welded,riveted etc,for oil/gas drilling,ext diam >114.3 <=177.8mm,nes",7306290019,"Other casing,f dril oil/gas,iron/steel,ext diam>114.3 <=177.8mm,etc.,nes",True,same code,split,conc-10-stats-2022-1.xlsx,2026-09-07
7306290021,"Casing,i/s,wld etc,API H40,J55,K55,for oil/gas drill,ext diam>177.8<=298.4mm,nes",7306290022,"Casings,etc,oil/gas drill,ext diam>117.8 <=298.5mm,plain end,API H40,J55,K55,nes",False,same subheading,split,conc-10-stats-2022-1.xlsx,2026-09-07
7306290021,"Casing,i/s,wld etc,API H40,J55,K55,for oil/gas drill,ext diam>177.8<=298.4mm,nes",7306290023,"Casings,etc,oil/gas drill,ext diam>117.8 <=298.5mm,thrd/cpld,API H40,J55,K55,nes",False,same subheading,split,conc-10-stats-2022-1.xlsx,2026-09-07
7306290021,"Casing,i/s,wld etc,API H40,J55,K55,for oil/gas drill,ext diam>177.8<=298.4mm,nes",7306290024,"Casings,etc.,ext diam>117.8 <=298.5mm,p/sp, threaded/cpld,API H40,J55,K55,nes",False,same subheading,split,conc-10-stats-2022-1.xlsx,2026-09-07
7306290029,"Casing,i/s,wld o/t ss,etc,for oil/gas drill, ext diam >177.8 but<=298.4mm,nes",7306290025,"Casings,etc.,oil/gas drill ext diam>117.8 <=298.5mm,pl/e,API N80,L80,P110,nes",False,same subheading,split,conc-10-stats-2022-1.xlsx,2026-09-07
7306290029,"Casing,i/s,wld o/t ss,etc,for oil/gas drill, ext diam >177.8 but<=298.4mm,nes",7306290026,"Casings,etc.,oil/gas drill,ext diam>117.8 <=298.5,thrd/cpld,API N80,L80,P110,nes",False,same subheading,split,conc-10-stats-2022-1.xlsx,2026-09-07
7306290029,"Casing,i/s,wld o/t ss,etc,for oil/gas drill, ext diam >177.8 but<=298.4mm,nes",7306290027,"Casings,etc.,ext diam>117.8 <=298.5mm,p/sp, threaded/cpld,API N80,L80,P110,nes",False,same subheading,split,conc-10-stats-2022-1.xlsx,2026-09-07
7306290029,"Casing,i/s,wld o/t ss,etc,for oil/gas drill, ext diam >177.8 but<=298.4mm,nes",7306290029,"Other casing,f dril oil/gas,iron/steel,ext diam>117.8 <=298.5mm,etc.,nes",True,same code,split,conc-10-stats-2022-1.xlsx,2026-09-07
7306290031,"Casing,i/s,wld o/t ss,etc,API H40,J55,K55,for oil/gas drill,ext diam>298.4mm,nes",7306290032,"Casings,etc.,oil/gas drill,ext diam >298.5mm,plain end,API H40,J55,K55,nes",False,same subheading,split,conc-10-stats-2022-1.xlsx,2026-09-07
7306290031,"Casing,i/s,wld o/t ss,etc,API H40,J55,K55,for oil/gas drill,ext diam>298.4mm,nes",7306290033,"Casings,etc.,oil/gas drill ext diam >298.5mm,threaded/cpld,API H40,J55,K55,nes",False,same subheading,split,conc-10-stats-2022-1.xlsx,2026-09-07
7306290031,"Casing,i/s,wld o/t ss,etc,API H40,J55,K55,for oil/gas drill,ext diam>298.4mm,nes",7306290034,"Casings,etc.,ext diam >298.5mm,p/sp,threaded and coupled,API H40,J55,K55,nes",False,same subheading,split,conc-10-stats-2022-1.xlsx,2026-09-07
7306290039,"Casing,i/s,wld o/t ss,riveted/sim clos, for oil/gas drill,ext diam >298.4mm, nes",7306290035,"Casings,etc.,oil/gas drill ext diam >298.5mm,plain end,API N80,L80,P110,nes",False,same subheading,split,conc-10-stats-2022-1.xlsx,2026-09-07
7306290039,"Casing,i/s,wld o/t ss,riveted/sim clos, for oil/gas drill,ext diam >298.4mm, nes",7306290036,"Casings,etc.,oil/gas drill,ext diam >298.5 mm,thrd/cpld,API N80,L80,P110,nes",False,same subheading,split,conc-10-stats-2022-1.xlsx,2026-09-07
7306290039,"Casing,i/s,wld o/t ss,riveted/sim clos, for oil/gas drill,ext diam >298.4mm, nes",7306290037,"Casings,etc.,ext diam >298.5 mm,p/sp,threaded/cpld,API N80,L80,P110,nes",False,same subheading,split,conc-10-stats-2022-1.xlsx,2026-09-07
7306290039,"Casing,i/s,wld o/t ss,riveted/sim clos, for oil/gas drill,ext diam >298.4mm, nes",7306290039,"Other casing,for drilling oil/gas,iron/steel,ext diam  >298.5 mm,etc.,nes",True,same code,split,conc-10-stats-2022-1.xlsx,2026-09-07
7306290061,"Tubing,i/s,o/t ss,open/wld/etc,API H40/J55,for oil/gas drill,diam <=406.4mm,nes",7306290042,"Tubing,etc.,oil/gas drill,ext diam <=60.2 mm,plain end,API H40,J55,K55.nes",False,same subheading,split,conc-10-stats-2022-1.xlsx,2026-09-07
7306290061,"Tubing,i/s,o/t ss,open/wld/etc,API H40/J55,for oil/gas drill,diam <=406.4mm,nes",7306290043,"Tubing,etc.,oil/gas drill ext diam <=60.2 mm, threaded/cpld,API H40,J55,K55,nes",False,same subheading,split,conc-10-stats-2022-1.xlsx,2026-09-07
7306290061,"Tubing,i/s,o/t ss,open/wld/etc,API H40/J55,for oil/gas drill,diam <=406.4mm,nes",7306290044,"Tubing,etc.,ext diam <=60.2 mm,p/sp,threaded and coupled,API H40,J55,K55,nes",False,same subheading,split,conc-10-stats-2022-1.xlsx,2026-09-07
7306290069,"Tubing,i/s,o/t ss, open/wld/riveted/sim, for oil/gas drilling,diam <=406.4mm,nes",7306290045,"Tubing,etc.,oil/gas drill ext diam <=60.2 mm, plain end,API N80,L80,P110,nes",False,same subheading,split,conc-10-stats-2022-1.xlsx,2026-09-07
7306290069,"Tubing,i/s,o/t ss, open/wld/riveted/sim, for oil/gas drilling,diam <=406.4mm,nes",7306290046,"Tubing,etc.,oil/gas drill,ext diam <=60.2 mm,thrd/cpld,API N80,L80,P110,nes",False,same subheading,split,conc-10-stats-2022-1.xlsx,2026-09-07
7306290069,"Tubing,i/s,o/t ss, open/wld/riveted/sim, for oil/gas drilling,diam <=406.4mm,nes",7306290047,"Tubing,etc.,ext diam <=60.2 mm,p/sp,threaded/cpld,API N80,L80,P110,nes",False,same subheading,split,conc-10-stats-2022-1.xlsx,2026-09-07
7306290069,"Tubing,i/s,o/t ss, open/wld/riveted/sim, for oil/gas drilling,diam <=406.4mm,nes",7306290049,"Other tubing,for drilling oil/gas,iron/steel,ext diam  <=60.2 mm,etc.,nes",False,same subheading,split,conc-10-stats-2022-1.xlsx,2026-09-07
7306290061,"Tubing,i/s,o/t ss,open/wld/etc,API H40/J55,for oil/gas drill,diam <=406.4mm,nes",7306290052,"Tubing,etc.,oil/gas drill,ext diameter =60.3 mm,plain end,API H40,J55,K55,nes",False,same subheading,split,conc-10-stats-2022-1.xlsx,2026-09-07
7306290061,"Tubing,i/s,o/t ss,open/wld/etc,API H40/J55,for oil/gas drill,diam <=406.4mm,nes",7306290053,"Tubing,etc.,oil/gas drill ext diam =60.3 mm,threaded/cpld,API H40,J55,K55,nes",False,same subheading,split,conc-10-stats-2022-1.xlsx,2026-09-07
7306290061,"Tubing,i/s,o/t ss,open/wld/etc,API H40/J55,for oil/gas drill,diam <=406.4mm,nes",7306290054,"Tubing,etc.,ext diameter =60.3 mmp/sp,threaded and coupled,API H40,J55,K55,nes",False,same subheading,split,conc-10-stats-2022-1.xlsx,2026-09-07
7306290069,"Tubing,i/s,o/t ss, open/wld/riveted/sim, for oil/gas drilling,diam <=406.4mm,nes",7306290055,"Tubing,etc.,oil/gas drill ext diameter =60.3 mm,plain end,API N80,L80,P110,nes",False,same subheading,split,conc-10-stats-2022-1.xlsx,2026-09-07
7306290069,"Tubing,i/s,o/t ss, open/wld/riveted/sim, for oil/gas drilling,diam <=406.4mm,nes",7306290056,"Tubing,etc.,oil/gas drill,ext diam =60.3 mm,threaded/cpld,API N80,L80,P110,nes",False,same subheading,split,conc-10-stats-2022-1.xlsx,2026-09-07
7306290069,"Tubing,i/s,o/t ss, open/wld/riveted/sim, for oil/gas drilling,diam <=406.4mm,nes",7306290057,"Tubing,etc.,ext diameter =60.3 mm,p/sp,threaded & coupled,API N80,L80,P110,nes",False,same subheading,split,conc-10-stats-2022-1.xlsx,2026-09-07
7306290069,"Tubing,i/s,o/t ss, open/wld/riveted/sim, for oil/gas drilling,diam <=406.4mm,nes",7306290059,"Other tubing,for drilling oil/gas,iron/steel,ext diameter =60.3 mm,etc.,nes",False,same subheading,split,conc-10-stats-2022-1.xlsx,2026-09-07
7306290061,"Tubing,i/s,o/t ss,open/wld/etc,API H40/J55,for oil/gas drill,diam <=406.4mm,nes",7306290062,"Tubing,etc.,oil/gas drill,ext diam >60.3 mm<=73 mm,plain end,API H40,J55,K55,nes",False,same subheading,split,conc-10-stats-2022-1.xlsx,2026-09-07
7306290061,"Tubing,i/s,o/t ss,open/wld/etc,API H40/J55,for oil/gas drill,diam <=406.4mm,nes",7306290063,"Tubing,etc.,oil/gas drill,ext diam >60.3 mm<=73 mm,thrd/cpld,API H40,J55,K55,nes",False,same subheading,split,conc-10-stats-2022-1.xlsx,2026-09-07
7306290061,"Tubing,i/s,o/t ss,open/wld/etc,API H40/J55,for oil/gas drill,diam <=406.4mm,nes",7306290064,"Tubing,etc.,ext diam >60.3 mm <=73 mm,p/sp,threaded/cpld ,API H40,J55,K55,nes",False,same subheading,split,conc-10-stats-2022-1.xlsx,2026-09-07
7306290069,"Tubing,i/s,o/t ss, open/wld/riveted/sim, for oil/gas drilling,diam <=406.4mm,nes",7306290065,"Tubing,etc.,oil/gas drill ext diam >60.3 mm <=73 mm,pl/e,API N80,L80,P110,nes",False,same subheading,split,conc-10-stats-2022-1.xlsx,2026-09-07
7306290069,"Tubing,i/s,o/t ss, open/wld/riveted/sim, for oil/gas drilling,diam <=406.4mm,nes",7306290066,"Tubing,etc.,oil/gas drill,ext diam>60.3 mm<=73 mm,thrd/cpld,API N80,L80,P110,nes",False,same subheading,split,conc-10-stats-2022-1.xlsx,2026-09-07
7306290069,"Tubing,i/s,o/t ss, open/wld/riveted/sim, for oil/gas drilling,diam <=406.4mm,nes",7306290067,"Tubing,etc.,ext diam>60.3 mm<=73 mm,p/sp,threaded & coupled,API N80,L80,P110,nes",False,same subheading,split,conc-10-stats-2022-1.xlsx,2026-09-07
7306290069,"Tubing,i/s,o/t ss, open/wld/riveted/sim, for oil/gas drilling,diam <=406.4mm,nes",7306290069,"Other tubing,for drilling oil/gas,iron/steel,ext diameter >60.3 mm <=73 mm,nes",True,same code,split,conc-10-stats-2022-1.xlsx,2026-09-07
7306290061,"Tubing,i/s,o/t ss,open/wld/etc,API H40/J55,for oil/gas drill,diam <=406.4mm,nes",7306290072,"Tubing,etc.,oil/gas drill,ext diameter >73 mm,plain end,API H40,J55,K55,nes",False,same subheading,split,conc-10-stats-2022-1.xlsx,2026-09-07
7306290061,"Tubing,i/s,o/t ss,open/wld/etc,API H40/J55,for oil/gas drill,diam <=406.4mm,nes",7306290073,"Tubing,etc.,oil/gas drill,ext diam >73 mm,threaded & coupled,API H40,J55,K55,nes",False,same subheading,split,conc-10-stats-2022-1.xlsx,2026-09-07
7306290061,"Tubing,i/s,o/t ss,open/wld/etc,API H40/J55,for oil/gas drill,diam <=406.4mm,nes",7306290074,"Tubing,etc.,ext diameter >73 mm,p/sp,threaded & coupled,API H40,J55,K55,nes",False,same subheading,split,conc-10-stats-2022-1.xlsx,2026-09-07
7306290069,"Tubing,i/s,o/t ss, open/wld/riveted/sim, for oil/gas drilling,diam <=406.4mm,nes",7306290075,"Tubing,etc.,oil/gas drill, ext diameter >73 mm,plain end,API N80,L80,P110,nes",False,same subheading,split,conc-10-stats-2022-1.xlsx,2026-09-07
7306290069,"Tubing,i/s,o/t ss, open/wld/riveted/sim, for oil/gas drilling,diam <=406.4mm,nes",7306290076,"Tubing,etc,oil/gas drill,ext diameter >73 mm,threaded/cpld,API N80,L80,P110,nes",False,same subheading,split,conc-10-stats-2022-1.xlsx,2026-09-07
7306290069,"Tubing,i/s,o/t ss, open/wld/riveted/sim, for oil/gas drilling,diam <=406.4mm,nes",7306290077,"Tubing,etc.,ext diameter >73 mm,p/sp,threaded & coupled,API N80,L80,P110,nes",False,same subheading,split,conc-10-stats-2022-1.xlsx,2026-09-07
7306290069,"Tubing,i/s,o/t ss, open/wld/riveted/sim, for oil/gas drilling,diam <=406.4mm,nes",7306290079,"Other tubing,for drilling oil/gas,iron/steel,external diameter >73 mm,nes",False,same subheading,split,conc-10-stats-2022-1.xlsx,2026-09-07
7306300020,"Tubes,pipes & hollow profiles,i/nas,welded,of circ c-sect,ext diam <=114.3mm,nes",7306300041,"Tubes,etc.,ext diam<=60.325mm,struct tubing,ASTM A500,A513,A1085,CSA G40.21,nes",False,same subheading,split,conc-10-stats-2022-1.xlsx,2026-09-07
7306300020,"Tubes,pipes & hollow profiles,i/nas,welded,of circ c-sect,ext diam <=114.3mm,nes",7306300042,"Tubes,pipe & h-prf,etc.,ext diam<= 60.325 mm,piling pipe, of ASTM A252,nes",False,same subheading,split,conc-10-stats-2022-1.xlsx,2026-09-07
7306300020,"Tubes,pipes & hollow profiles,i/nas,welded,of circ c-sect,ext diam <=114.3mm,nes",7306300043,"Tubes,pipe&h-prf,etc.,ext diam<= 60.325mm, electrical metallic tubing,UL 797,nes",False,same subheading,split,conc-10-stats-2022-1.xlsx,2026-09-07
7306300010,"Tubes,pipes & hollow profiles,i/nas,galv,wld,circ c-sect,ext diam <=114.3mm,nes",7306300044,"Tubes,etc.,ext diam<=60.325mm,galv,ASTM A53 A&B,A135, A795,A589,AWWA C200-97,nes",False,same subheading,split,conc-10-stats-2022-1.xlsx,2026-09-07
7306300010,"Tubes,pipes & hollow profiles,i/nas,galv,wld,circ c-sect,ext diam <=114.3mm,nes",7306300045,"Tubes,pipe & hollow profiles,etc.,ext diam<= 60.325 mm,galvanized,other",False,same subheading,split,conc-10-stats-2022-1.xlsx,2026-09-07
7306300020,"Tubes,pipes & hollow profiles,i/nas,welded,of circ c-sect,ext diam <=114.3mm,nes",7306300046,"Tu,etc,ext diam<=60.325mm,Bare/lacq,ASTM A53 A&B,A135,A795,A589,AWWA C200-97,nes",False,same subheading,split,conc-10-stats-2022-1.xlsx,2026-09-07
7306300020,"Tubes,pipes & hollow profiles,i/nas,welded,of circ c-sect,ext diam <=114.3mm,nes",7306300047,"O Tubes,etc.,ext diam<= 60.325 mm,ASTM A53 A&B,A135,A795,A589,AWWA C200-97,nes",False,same subheading,split,conc-10-stats-2022-1.xlsx,2026-09-07
7306300020,"Tubes,pipes & hollow profiles,i/nas,welded,of circ c-sect,ext diam <=114.3mm,nes",7306300049,"Other tubes and hollow pipes,iron or nas,welded,etc.,ext diam<=60.325mm,nes",False,same subheading,split,conc-10-stats-2022-1.xlsx,2026-09-07
7306300020,"Tubes,pipes & hollow profiles,i/nas,welded,of circ c-sect,ext diam <=114.3mm,nes",7306300051,"Tu,etc,ext diam>60.325mm<=168.28mm,struct tu,ASTM A500,A513,A1085,CSA G40.21,nes",False,same subheading,many to many,conc-10-stats-2022-1.xlsx,2026-09-07
7306300030,"Tubes,pipes & h-prf,iron/nas,wld,of circ c-sect,ext diam >114.3mm <=406.4mm,nes",7306300051,"Tu,etc,ext diam>60.325mm<=168.28mm,struct tu,ASTM A500,A513,A1085,CSA G40.21,nes",False,same subheading,many to many,conc-10-stats-2022-1.xlsx,2026-09-07
7306300020,"Tubes,pipes & hollow profiles,i/nas,welded,of circ c-sect,ext diam <=114.3mm,nes",7306300052,"Tubes,etc.,ext diam>60.325 mm <=168.28mm,piling pipe, ASTM A252,nes",False,same subheading,many to many,conc-10-stats-2022-1.xlsx,2026-09-07
7306300030,"Tubes,pipes & h-prf,iron/nas,wld,of circ c-sect,ext diam >114.3mm <=406.4mm,nes",7306300052,"Tubes,etc.,ext diam>60.325 mm <=168.28mm,piling pipe, ASTM A252,nes",False,same subheading,many to many,conc-10-stats-2022-1.xlsx,2026-09-07
7306300020,"Tubes,pipes & hollow profiles,i/nas,welded,of circ c-sect,ext diam <=114.3mm,nes",7306300053,"Tubes,etc.,ext diam>60.325 mm <=168.28mm,electrical metallic tubing,UL 797,nes",False,same subheading,many to many,conc-10-stats-2022-1.xlsx,2026-09-07
7306300030,"Tubes,pipes & h-prf,iron/nas,wld,of circ c-sect,ext diam >114.3mm <=406.4mm,nes",7306300053,"Tubes,etc.,ext diam>60.325 mm <=168.28mm,electrical metallic tubing,UL 797,nes",False,same subheading,many to many,conc-10-stats-2022-1.xlsx,2026-09-07
7306300010,"Tubes,pipes & hollow profiles,i/nas,galv,wld,circ c-sect,ext diam <=114.3mm,nes",7306300054,"Tu,etc,ext diam>60.325<=168.28,galv,ASTM A53A&B,A135,A795,A589,AWWA C200-97,nes",False,same subheading,many to many,conc-10-stats-2022-1.xlsx,2026-09-07
7306300030,"Tubes,pipes & h-prf,iron/nas,wld,of circ c-sect,ext diam >114.3mm <=406.4mm,nes",7306300054,"Tu,etc,ext diam>60.325<=168.28,galv,ASTM A53A&B,A135,A795,A589,AWWA C200-97,nes",False,same subheading,many to many,conc-10-stats-2022-1.xlsx,2026-09-07
7306300010,"Tubes,pipes & hollow profiles,i/nas,galv,wld,circ c-sect,ext diam <=114.3mm,nes",7306300055,"Tubes,etc.,ext diam>60.325 mm <=168.28mm,galvanized, other",False,same subheading,many to many,conc-10-stats-2022-1.xlsx,2026-09-07
7306300030,"Tubes,pipes & h-prf,iron/nas,wld,of circ c-sect,ext diam >114.3mm <=406.4mm,nes",7306300055,"Tubes,etc.,ext diam>60.325 mm <=168.28mm,galvanized, other",False,same subheading,many to many,conc-10-stats-2022-1.xlsx,2026-09-07
7306300020,"Tubes,pipes & hollow profiles,i/nas,welded,of circ c-sect,ext diam <=114.3mm,nes",7306300056,"Tu,etc,ext 60.325<=168.28,bare/lacq,ASTM A53A& B,A135,A795,A589,AWWA C200-97,nes",False,same subheading,many to many,conc-10-stats-2022-1.xlsx,2026-09-07
7306300030,"Tubes,pipes & h-prf,iron/nas,wld,of circ c-sect,ext diam >114.3mm <=406.4mm,nes",7306300056,"Tu,etc,ext 60.325<=168.28,bare/lacq,ASTM A53A& B,A135,A795,A589,AWWA C200-97,nes",False,same subheading,many to many,conc-10-stats-2022-1.xlsx,2026-09-07
7306300020,"Tubes,pipes & hollow profiles,i/nas,welded,of circ c-sect,ext diam <=114.3mm,nes",7306300057,"O tu,etc,ext diam>60.325mm<=168.28mm,ASTM A53A&B,A135,A795,A589,AWWA C200-97,nes",False,same subheading,many to many,conc-10-stats-2022-1.xlsx,2026-09-07
7306300030,"Tubes,pipes & h-prf,iron/nas,wld,of circ c-sect,ext diam >114.3mm <=406.4mm,nes",7306300057,"O tu,etc,ext diam>60.325mm<=168.28mm,ASTM A53A&B,A135,A795,A589,AWWA C200-97,nes",False,same subheading,many to many,conc-10-stats-2022-1.xlsx,2026-09-07
7306300020,"Tubes,pipes & hollow profiles,i/nas,welded,of circ c-sect,ext diam <=114.3mm,nes",7306300059,"O tubes,pipe&h-prf,iron/nas,welded,circ c-sect,ext diam>60.325mm<=168.28mm,Other",False,same subheading,many to many,conc-10-stats-2022-1.xlsx,2026-09-07
7306300030,"Tubes,pipes & h-prf,iron/nas,wld,of circ c-sect,ext diam >114.3mm <=406.4mm,nes",7306300059,"O tubes,pipe&h-prf,iron/nas,welded,circ c-sect,ext diam>60.325mm<=168.28mm,Other",False,same subheading,many to many,conc-10-stats-2022-1.xlsx,2026-09-07
7306300030,"Tubes,pipes & h-prf,iron/nas,wld,of circ c-sect,ext diam >114.3mm <=406.4mm,nes",7306300061,"Tubes,etc.,ext diam>168.28mm<=273.05mm,struct tu,ASTM A500,A513,A1085,CSA G40.21",False,same subheading,split,conc-10-stats-2022-1.xlsx,2026-09-07
7306300030,"Tubes,pipes & h-prf,iron/nas,wld,of circ c-sect,ext diam >114.3mm <=406.4mm,nes",7306300062,"Tubes,pipe & h-prf,etc.,ext diam>168.28mm<=273.05mm,piling pipe, of ASTM A252",False,same subheading,split,conc-10-stats-2022-1.xlsx,2026-09-07
7306300030,"Tubes,pipes & h-prf,iron/nas,wld,of circ c-sect,ext diam >114.3mm <=406.4mm,nes",7306300063,"Tubes,etc.,ext diam>168.28mm<=273.05mm,electrical metallic tubing, of UL 797",False,same subheading,split,conc-10-stats-2022-1.xlsx,2026-09-07
7306300030,"Tubes,pipes & h-prf,iron/nas,wld,of circ c-sect,ext diam >114.3mm <=406.4mm,nes",7306300064,"Tu,etc.,ext diam>168.28mm<=273.05,galv,ASTM A53 A&B,A135,A795,A589,AWWA C200-97",False,same subheading,split,conc-10-stats-2022-1.xlsx,2026-09-07
7306300030,"Tubes,pipes & h-prf,iron/nas,wld,of circ c-sect,ext diam >114.3mm <=406.4mm,nes",7306300065,"Tubes,pipe & h-prf,etc.,ext diam>168.28mm<=273.05mm,galvanized, other",False,same subheading,split,conc-10-stats-2022-1.xlsx,2026-09-07
7306300030,"Tubes,pipes & h-prf,iron/nas,wld,of circ c-sect,ext diam >114.3mm <=406.4mm,nes",7306300066,"Tubes,pipe & h-prf,etc.,bare/lacq,ASTM A53 A&B,A135,A795,A589,AWWA C200-97",False,same subheading,split,conc-10-stats-2022-1.xlsx,2026-09-07
7306300030,"Tubes,pipes & h-prf,iron/nas,wld,of circ c-sect,ext diam >114.3mm <=406.4mm,nes",7306300067,"O tu,etc.,ext diam>168.28mm<=273.05mm,ASTM A53 A&B,A135,A795,A589,AWWA C200-97",False,same subheading,split,conc-10-stats-2022-1.xlsx,2026-09-07
7306300030,"Tubes,pipes & h-prf,iron/nas,wld,of circ c-sect,ext diam >114.3mm <=406.4mm,nes",7306300069,"Other tubes,etc.,ext diam>168.28mm<=273.05mm,nes",False,same subheading,split,conc-10-stats-2022-1.xlsx,2026-09-07
7306300030,"Tubes,pipes & h-prf,iron/nas,wld,of circ c-sect,ext diam >114.3mm <=406.4mm,nes",7306300071,"Tu,etc,ext diam>273.05mm<=406.4mm,struct tub,ASTM A500,A513,A1085,CSA G40.21,nes",False,same subheading,split,conc-10-stats-2022-1.xlsx,2026-09-07
7306300030,"Tubes,pipes & h-prf,iron/nas,wld,of circ c-sect,ext diam >114.3mm <=406.4mm,nes",7306300072,"Tubes,pipe & h-prf,etc,ext diam >273.05mm<=406.4mm,piling pipe,ASTM A252,nes",False,same subheading,split,conc-10-stats-2022-1.xlsx,2026-09-07
7306300030,"Tubes,pipes & h-prf,iron/nas,wld,of circ c-sect,ext diam >114.3mm <=406.4mm,nes",7306300073,"Tubes,etc,ext diam >273.05mm<=406.4mm,electrical metallic tubing, of UL 797,nes",False,same subheading,split,conc-10-stats-2022-1.xlsx,2026-09-07
7306300030,"Tubes,pipes & h-prf,iron/nas,wld,of circ c-sect,ext diam >114.3mm <=406.4mm,nes",7306300074,"Tu,etc,ext diam>273.05mm<=406.4,galv,ASTM A53A&B,A135,A795,A589,AWWA C200-97,nes",False,same subheading,split,conc-10-stats-2022-1.xlsx,2026-09-07
7306300030,"Tubes,pipes & h-prf,iron/nas,wld,of circ c-sect,ext diam >114.3mm <=406.4mm,nes",7306300075,"Tubes,pipe & h-prf,etc,ext diam >273.05mm<=406.4mm,galvanized, other",False,same subheading,split,conc-10-stats-2022-1.xlsx,2026-09-07
7306300030,"Tubes,pipes & h-prf,iron/nas,wld,of circ c-sect,ext diam >114.3mm <=406.4mm,nes",7306300076,"Tubes,pipe & h-prf,etc,bare/lacq,ASTM A53A&B,A135,A795,A589,AWWA C200-97,nes",False,same subheading,split,conc-10-stats-2022-1.xlsx,2026-09-07
7306300030,"Tubes,pipes & h-prf,iron/nas,wld,of circ c-sect,ext diam >114.3mm <=406.4mm,nes",7306300077,"O tu,etc.,ext diam>273.05mm<=406.4mm,ASTM A53A&B,A135,A795,A589,AWWA C200-97,nes",False,same subheading,split,conc-10-stats-2022-1.xlsx,2026-09-07
7306300030,"Tubes,pipes & h-prf,iron/nas,wld,of circ c-sect,ext diam >114.3mm <=406.4mm,nes",7306300079,"Other tubes,etc.,ext diam >273.05mm<=406.4mm,nes",False,same subheading,split,conc-10-stats-2022-1.xlsx,2026-09-07
7306300030,"Tubes,pipes & h-prf,iron/nas,wld,of circ c-sect,ext diam >114.3mm <=406.4mm,nes",7306300081,"Tubes,etc,ext diam>406.4mm,structural tubing,ASTM A500,A513,A1085,CSA G40.21,nes",False,same subheading,split,conc-10-stats-2022-1.xlsx,2026-09-07
7306300030,"Tubes,pipes & h-prf,iron/nas,wld,of circ c-sect,ext diam >114.3mm <=406.4mm,nes",7306300082,"Tubes,etc.,ext diam>406.4mm,piling pipe, of ASTM A252,nes",False,same subheading,split,conc-10-stats-2022-1.xlsx,2026-09-07
7306300030,"Tubes,pipes & h-prf,iron/nas,wld,of circ c-sect,ext diam >114.3mm <=406.4mm,nes",7306300083,"Tubes,etc.,ext diam>406.4mm,electrical metallic tubing, of UL 797 ,nes",False,same subheading,split,conc-10-stats-2022-1.xlsx,2026-09-07
7306300030,"Tubes,pipes & h-prf,iron/nas,wld,of circ c-sect,ext diam >114.3mm <=406.4mm,nes",7306300084,"Tubes,etc.,ext diam>406.4mm,galv,ASTM A53A&B,A135,A795,A589, AWWA C200-97,nes",False,same subheading,split,conc-10-stats-2022-1.xlsx,2026-09-07
7306300030,"Tubes,pipes & h-prf,iron/nas,wld,of circ c-sect,ext diam >114.3mm <=406.4mm,nes",7306300085,"Tubes,etc.,ext diam>406.4mm,galvanized, other",False,same subheading,split,conc-10-stats-2022-1.xlsx,2026-09-07
7306300030,"Tubes,pipes & h-prf,iron/nas,wld,of circ c-sect,ext diam >114.3mm <=406.4mm,nes",7306300086,"Tu,etc.,ext diam>406.4mm,bare/lacq,ASTM A53A&B,A135,A795,A589, AWWA C200-97,nes",False,same subheading,split,conc-10-stats-2022-1.xlsx,2026-09-07
7306300030,"Tubes,pipes & h-prf,iron/nas,wld,of circ c-sect,ext diam >114.3mm <=406.4mm,nes",7306300087,"Other,tubes,etc.,ext diam>406.4mm,ASTM A53A&B,A135,A795,A589, AWWA C200-97,nes",False,same subheading,split,conc-10-stats-2022-1.xlsx,2026-09-07
7306300030,"Tubes,pipes & h-prf,iron/nas,wld,of circ c-sect,ext diam >114.3mm <=406.4mm,nes",7306300089,"Other tubes,etc.,ext diam>406.4mm,nes",False,same subheading,split,conc-10-stats-2022-1.xlsx,2026-09-07
7306610010,"Tubes,pipes & hollow profiles, i/nas, welded,of square/rectangular cross-section",7306610031,"Tubes,pipes & h-prf,galv,wld,sq or rect cross-sect,ext periphery<=812.8 mm",False,same subheading,many to many,conc-10-stats-2022-1.xlsx,2026-09-07
7306610020,"Tubes,pipes & hollow prof,alloy steel,welded,of square/rectangular cross-section",7306610031,"Tubes,pipes & h-prf,galv,wld,sq or rect cross-sect,ext periphery<=812.8 mm",False,same subheading,many to many,conc-10-stats-2022-1.xlsx,2026-09-07
7306610010,"Tubes,pipes & hollow profiles, i/nas, welded,of square/rectangular cross-section",7306610039,"Tubes,pipes & h-prf,galv,wld,sq or rect cross-sect,ext periphery<=812.8 mm,nes",False,same subheading,many to many,conc-10-stats-2022-1.xlsx,2026-09-07
7306610020,"Tubes,pipes & hollow prof,alloy steel,welded,of square/rectangular cross-section",7306610039,"Tubes,pipes & h-prf,galv,wld,sq or rect cross-sect,ext periphery<=812.8 mm,nes",False,same subheading,many to many,conc-10-stats-2022-1.xlsx,2026-09-07
7306610010,"Tubes,pipes & hollow profiles, i/nas, welded,of square/rectangular cross-section",7306610041,"Tubes,pipes & h-prf,galv,wld,sq or rect cross-sect,ext periphery >812.8 mm",False,same subheading,many to many,conc-10-stats-2022-1.xlsx,2026-09-07
7306610020,"Tubes,pipes & hollow prof,alloy steel,welded,of square/rectangular cross-section",7306610041,"Tubes,pipes & h-prf,galv,wld,sq or rect cross-sect,ext periphery >812.8 mm",False,same subheading,many to many,conc-10-stats-2022-1.xlsx,2026-09-07
7306610010,"Tubes,pipes & hollow profiles, i/nas, welded,of square/rectangular cross-section",7306610049,"Tubes,pipes & h-prf,galv,wld,sq or rect cross-sect,ext periphery >812.8 mm, nes",False,same subheading,many to many,conc-10-stats-2022-1.xlsx,2026-09-07
7306610020,"Tubes,pipes & hollow prof,alloy steel,welded,of square/rectangular cross-section",7306610049,"Tubes,pipes & h-prf,galv,wld,sq or rect cross-sect,ext periphery >812.8 mm, nes",False,same subheading,many to many,conc-10-stats-2022-1.xlsx,2026-09-07
7306690010,"Tubes,pipes & hollow prof,i/nas,welded,of non-circ c-sect o/t square/rectangular",7306690031,"Tubes,pipes & hollow profiles,galvanized,welded, ext periphery  <=812.8 mm, nes",False,same subheading,many to many,conc-10-stats-2022-1.xlsx,2026-09-07
7306690020,"Tubes,pipes & hollow prof,alloy steel,welded,of non-circ c-sect o/t square/rect",7306690031,"Tubes,pipes & hollow profiles,galvanized,welded, ext periphery  <=812.8 mm, nes",False,same subheading,many to many,conc-10-stats-2022-1.xlsx,2026-09-07
7306690010,"Tubes,pipes & hollow prof,i/nas,welded,of non-circ c-sect o/t square/rectangular",7306690039,"Other tubes,pipes & hollow profiles,galv,welded, ext periphery  <=812.8 mm, nes",False,same subheading,many to many,conc-10-stats-2022-1.xlsx,2026-09-07
7306690020,"Tubes,pipes & hollow prof,alloy steel,welded,of non-circ c-sect o/t square/rect",7306690039,"Other tubes,pipes & hollow profiles,galv,welded, ext periphery  <=812.8 mm, nes",False,same subheading,many to many,conc-10-stats-2022-1.xlsx,2026-09-07
7306690010,"Tubes,pipes & hollow prof,i/nas,welded,of non-circ c-sect o/t square/rectangular",7306690041,"Tubes,pipes & hollow profiles, galvanized, welded, ext periphery >812.8 mm,nes",False,same subheading,many to many,conc-10-stats-2022-1.xlsx,2026-09-07
7306690020,"Tubes,pipes & hollow prof,alloy steel,welded,of non-circ c-sect o/t square/rect",7306690041,"Tubes,pipes & hollow profiles, galvanized, welded, ext periphery >812.8 mm,nes",False,same subheading,many to many,conc-10-stats-2022-1.xlsx,2026-09-07
7306690010,"Tubes,pipes & hollow prof,i/nas,welded,of non-circ c-sect o/t square/rectangular",7306690049,"Other tubes,pipes & hollow prof, galvanized, welded, ext periphery >812.8 mm,nes",False,same subheading,many to many,conc-10-stats-2022-1.xlsx,2026-09-07
7306690020,"Tubes,pipes & hollow prof,alloy steel,welded,of non-circ c-sect o/t square/rect",7306690049,"Other tubes,pipes & hollow prof, galvanized, welded, ext periphery >812.8 mm,nes",False,same subheading,many to many,conc-10-stats-2022-1.xlsx,2026-09-07
7317000000,"Nails,staples & sim art,o/t art of No 83.05,of iron/steel,o/t art w copper heads",7317000000,"Nails,tacks and sim art,o/t art of No 83.05,of iron/steel,o/t art w copper heads",True,same code,split,conc-10-stats-2022.xlsx,2026-09-07
7318140000,"Screws, self-tapping, iron or steel",7318140000,"Screws, self-tapping, threaded, of iron or steel",True,same code,split,conc-10-stats-2022.xlsx,2026-09-07
7318150010,"Screws, threaded, of iron or steel, whether or not with their nuts/washers, nes",7318150010,"Screws, whether/not with their nuts or washers, threaded, of iron/steel",True,same code,split,conc-10-stats-2022.xlsx,2026-09-07
7318150042,"Bolts,hex head or machine, of iron/steel,threaded,w/n with their nuts or washers",7318150042,"Bolts,hex head or machine, of iron/steel,threaded,w/n with their nuts or washers",True,same code,one to one,conc-10-stats-2022.xlsx,2026-09-07
7318150045,"Bolts, studs, of iron or steel, threaded, w/n with their nuts or washers",7318150045,"Bolts, studs, whether/not with their nuts or washers, threaded, of iron/steel",True,same code,split,conc-10-stats-2022.xlsx,2026-09-07
7318150049,"Bolts, threaded, of iron or steel,whether or not with their nuts or washers, nes",7318150049,"Bolts,nes,o/t hex head/mach/studs,w/n with nuts/washers, threaded, of iron/steel",True,same code,split,conc-10-stats-2022.xlsx,2026-09-07
7318160010,"Nuts, lock, of iron or steel, threaded",7318160010,"Nuts, lock, threaded, of iron or steel",True,same code,split,conc-10-stats-2022.xlsx,2026-09-07
7318160090,"Nuts, threaded, of iron or steel, nes",7318160090,"Nuts, o/t lock, nes, threaded, of iron or steel",True,same code,split,conc-10-stats-2022.xlsx,2026-09-07
7318190000,"Threaded articles of iron or steel, nes",7318190000,"Threaded articles, screws, bolts, nuts and similar articles,of iron or steel,nes",True,same code,split,conc-10-stats-2022.xlsx,2026-09-07
7318220000,"Washers, non threaded, of iron or steel, nes",7318220000,"Washers, non threaded, o/t spring washers and other lock washers, of iron/steel",True,same code,split,conc-10-stats-2022.xlsx,2026-09-07
7318240000,"Cotters and cotter-pins, iron or steel",7318240000,"Cotters and cotter-pins, non threaded, of iron or steel",True,same code,split,conc-10-stats-2022.xlsx,2026-09-07
7318290000,"Non-threaded articles, of iron or steel, nes",7318290000,"Non threaded articles,screws,bolts, nuts and similar articles, of iron/steel,nes",True,same code,split,conc-10-stats-2022.xlsx,2026-09-07
7323990000,"Table,kitchen or other household articles & parts thereof,of iron or steel,nes",7323990010,"Gates, of iron or steel, for confining children or pets",False,same subheading,split,conc-10-stats-2022-1.xlsx,2026-09-07
7323990000,"Table,kitchen or other household articles & parts thereof,of iron or steel,nes",7323990090,"Table,kitchen or other household articles & parts thereof,of iron or steel,nes",False,same subheading,split,conc-10-stats-2022-1.xlsx,2026-09-07
7419911000,"Copper anodes, for electroplating, nfwt cast, moulded,stamped or forged",7419201000,"Anodes, of copper, for electroplating, cast, moulded, stamped or forged, but nfw",False,same heading,one to one,conc-10-stats-2022.xlsx,2026-09-07
7419919100,"Cu art,cast/mld/stamp/frg,but nfw,o/t anodes electpla,f use in CDN manufactures",7419209100,"Articles,of copper,cast,moulded,stamped/forged,but nfw,use Canadian manufactures",False,same heading,one to one,conc-10-stats-2022.xlsx,2026-09-07
7419100000,Chain and parts thereof of copper,7419209900,"Articles,of copper, cast, moulded, stamped or forged, but not further worked,nes",False,same heading,many to many,conc-10-stats-2022.xlsx,2026-09-07
7419919900,"Other articles of copper, nfwt cast, moulded, stamped or forged, nes",7419209900,"Articles,of copper, cast, moulded, stamped or forged, but not further worked,nes",False,same heading,merge,conc-10-stats-2022.xlsx,2026-09-07
7419991000,"Copper anodes, for electroplating, nes",7419801000,"Anodes, of copper, for electroplating, o/t of cast, moulded, stamped or forged",False,same heading,one to one,conc-10-stats-2022.xlsx,2026-09-07
7419992000,"Caskets or coffins, of copper",7419802000,"Caskets or coffins, of copper",False,same heading,one to one,conc-10-stats-2022.xlsx,2026-09-07
7419999040,"Brass plumbing goods, nes",7419809010,"Brass plumbing goods, of copper, not elsewhere specified or included",False,same heading,one to one,conc-10-stats-2022.xlsx,2026-09-07
7419100000,Chain and parts thereof of copper,7419809090,"Articles, of copper, o/t brass plumbing goods, nes",False,same heading,many to many,conc-10-stats-2022.xlsx,2026-09-07
7419999090,"Other articles of copper, nes",7419809090,"Articles, of copper, o/t brass plumbing goods, nes",False,same heading,merge,conc-10-stats-2022.xlsx,2026-09-07
8103900000,"Tantalum and articles thereof, nes",8103910000,"Crucibles, of tantalum",False,same heading,split,conc-10-stats-2022.xlsx,2026-09-07
8103900000,"Tantalum and articles thereof, nes",8103990000,"Ouvrages en tantale, a/q creusets, nda",False,same heading,split,conc-10-stats-2022.xlsx,2026-09-07
8106000000,"Bismuth and articles thereof, including waste and scrap",8106100000,"Bismuth, containing more than 99.99% of bismuth by weight, incl waste and scrap",False,same heading,split,conc-10-stats-2022.xlsx,2026-09-07
8106000000,"Bismuth and articles thereof, including waste and scrap",8106900000,"Bismuth and articles thereof, cntg <= 99.99% of bismuth by weight,incl w/s, nes",False,same heading,split,conc-10-stats-2022.xlsx,2026-09-07
8108900010,"Plates, sheets, strip and foil, titanium, not alloyed, nes",8108900010,"Plates, sheets, strip and foil, titanium, not alloyed, nes",True,same code,split,conc-10-stats-2022.xlsx,2026-09-07
8108900020,"Tubes and pipes, titanium, not alloyed, nes",8108900020,"Tubes and pipes, titanium, not alloyed, nes",True,same code,split,conc-10-stats-2022.xlsx,2026-09-07
8108900090,"Other articles of titanium, nes",8108900090,"Titanium and articles thereof, nes",True,same code,split,conc-10-stats-2022.xlsx,2026-09-07
8109200000,"Zirconium, unwrought; zirconium powders",8109210000,"Zirconium,unwrought,incl powders,cont < 1 part hafnium to 500 parts zirconium wt",False,same heading,split,conc-10-stats-2022.xlsx,2026-09-07
8109200000,"Zirconium, unwrought; zirconium powders",8109290000,"Zirconium,uwrt,incl pdr, o/t cont < 1 part hafnium to 500 parts zirconium wt,nes",False,same heading,split,conc-10-stats-2022.xlsx,2026-09-07
8109300000,Zirconium waste and scrap,8109310000,"Waste & scrap,of zirconium & art t/o,cont < 1 pt hafnium to 500 pts zirconium wt",False,same heading,split,conc-10-stats-2022.xlsx,2026-09-07
8109300000,Zirconium waste and scrap,8109390000,"W/s, of zirconium & art t/o, o/t cont < 1 pt hafnium to 500 pts zirconium wt,nes",False,same heading,split,conc-10-stats-2022.xlsx,2026-09-07
8109900000,"Zirconium and articles thereof, nes",8109910000,"Zirconium & articles t/o,cont < 1 part hafnium to 500 parts zirconium weight,nes",False,same heading,split,conc-10-stats-2022.xlsx,2026-09-07
8109900000,"Zirconium and articles thereof, nes",8109990000,"Zirconium and articles thereof, including waste and scrap, nes",False,same heading,split,conc-10-stats-2022.xlsx,2026-09-07
8112920000,"Germanium,vanadium,gallium,hafnium,indium,niobium & rhenium,unwrought,w/s & pdr",8112310000,"Hafnium and articles thereof, including unwrought, waste and scrap and powders",False,same heading,split,conc-10-stats-2022.xlsx,2026-09-07
8112990000,"Articles of germanium,vanadium,gallium,hafnium,indium,niobium and rhenium,nes",8112390000,"Hafnium and articles thereof, nes, o/t unwrought, waste and scrap, powders",False,same heading,split,conc-10-stats-2022.xlsx,2026-09-07
8112920000,"Germanium,vanadium,gallium,hafnium,indium,niobium & rhenium,unwrought,w/s & pdr",8112410000,"Rhenium and articles thereof, including unwrought, waste and scrap, powders",False,same heading,split,conc-10-stats-2022.xlsx,2026-09-07
8112990000,"Articles of germanium,vanadium,gallium,hafnium,indium,niobium and rhenium,nes",8112490000,"Rhenium and articles thereof, nes, o/t unwrought, waste and scrap, powders",False,same heading,split,conc-10-stats-2022.xlsx,2026-09-07
8107300000,Cadmium waste and scrap,8112610000,"Cadmium and articles thereof, waste and scrap",False,same chapter,one to one,conc-10-stats-2022.xlsx,2026-09-07
8107200000,"Cadmium, unwrought; cadmium powders",8112690000,"Cadmium and articles thereof, nes, o/t waste and scrap",False,same chapter,merge,conc-10-stats-2022.xlsx,2026-09-07
8107900000,"Cadmium and articles thereof, nes",8112690000,"Cadmium and articles thereof, nes, o/t waste and scrap",False,same chapter,merge,conc-10-stats-2022.xlsx,2026-09-07
8112920000,"Germanium,vanadium,gallium,hafnium,indium,niobium & rhenium,unwrought,w/s & pdr",8112920000,"Germanium,vanadium,gallium,indium & niobium,unwrought, incl waste/scrap & powder",True,same code,split,conc-10-stats-2022.xlsx,2026-09-07
8112990000,"Articles of germanium,vanadium,gallium,hafnium,indium,niobium and rhenium,nes",8112990000,"Germanium,vanadium,gallium,indium & niobium,o/t unwrought,waste/scrap and powder",True,same code,split,conc-10-stats-2022.xlsx,2026-09-07
8414809090,"Compressors, nes",8414700000,"Gas-tight biological safety cabinets, whether or not fitted with filters",False,same heading,many to many,conc-10-stats-2022.xlsx,2026-09-07
8421399090,"Filtering or purifying machines and apparatus for gases, nes",8414700000,"Gas-tight biological safety cabinets, whether or not fitted with filters",False,same chapter,many to many,conc-10-stats-2022.xlsx,2026-09-07
8414809090,"Compressors, nes",8414809090,"Air or vacuum pumps, air or other gas compressors and fans",True,same code,split,conc-10-stats-2022.xlsx,2026-09-07
8414909090,"Pts,of air pumps,air/o gas compressors,ventilating/recycling hood incorp fan,nes",8414909090,"Parts,o vacuum pumps,air/o gas comp,fans,blowers,hoods,gas-tight biolog safe cab",True,same code,merge,conc-10-stats-2022.xlsx,2026-09-07
8421990090,"Parts, for filtering or purifying mchy and apparatus for liquids or gases, nes",8414909090,"Parts,o vacuum pumps,air/o gas comp,fans,blowers,hoods,gas-tight biolog safe cab",False,same chapter,many to many,conc-10-stats-2022.xlsx,2026-09-07
8415903000,"Chassis, chassis bases or outer cabinets, for air conditioning machines",8415903000,"Parts, of chassis, chassis bases or outer cabinets, of air conditioning machines",True,same code,split,conc-10-stats-2022.xlsx,2026-09-07
8418501000,"Refrigerating or rerigerating-freezing display counters, cabinets,showcases, etc",8418102000,"Refrigerating-freezing type, fitted w separate ext doors/drawers/comb thereof",False,same heading,split,conc-10-stats-2022.xlsx,2026-09-07
8418501000,"Refrigerating or rerigerating-freezing display counters, cabinets,showcases, etc",8418501000,"Furniture,for storage and display,incorp refrigerating/refrig-freezing equipment",True,same code,split,conc-10-stats-2022.xlsx,2026-09-07
8419190010,"Storage water heaters, non-electric, domestic use",8419120000,"Instantaneous or storage water heaters, of solar",False,same heading,many to many,conc-10-stats-2022.xlsx,2026-09-07
8419190090,"Storage water heaters, non-electric, o/t domestic use",8419120000,"Instantaneous or storage water heaters, of solar",False,same heading,many to many,conc-10-stats-2022.xlsx,2026-09-07
8419190010,"Storage water heaters, non-electric, domestic use",8419190010,"Instantaneous/storage water heaters,for domestic purposes,non-electric,o/t solar",True,same code,split,conc-10-stats-2022.xlsx,2026-09-07
8419190090,"Storage water heaters, non-electric, o/t domestic use",8419190090,"Instantaneous or storage water heaters, non-electric,o/t solar water heaters,nes",True,same code,split,conc-10-stats-2022.xlsx,2026-09-07
8419310000,"Dryers, for agricultural products",8419330000,"Dryers,freeze dry & spray units,app of lyophilization,proc change temp, w/n elec",False,same heading,many to many,conc-10-stats-2022.xlsx,2026-09-07
8419320090,"Dryers for paper pulp, paper or paperboard",8419330000,"Dryers,freeze dry & spray units,app of lyophilization,proc change temp, w/n elec",False,same heading,many to many,conc-10-stats-2022.xlsx,2026-09-07
8419390010,"Dryers, for preparation of food and beverages",8419330000,"Dryers,freeze dry & spray units,app of lyophilization,proc change temp, w/n elec",False,same heading,many to many,conc-10-stats-2022.xlsx,2026-09-07
8419390090,"Dryers, other than of a kind used for domestic purposes, nes",8419330000,"Dryers,freeze dry & spray units,app of lyophilization,proc change temp, w/n elec",False,same heading,many to many,conc-10-stats-2022.xlsx,2026-09-07
8419310000,"Dryers, for agricultural products",8419340000,"Dryers, for agricultural products, proc to change temp, w/n electrically heated",False,same heading,split,conc-10-stats-2022.xlsx,2026-09-07
8419320010,"Dryers, for wood",8419350010,"Dryers, for wood, process involving change of temp,w/n electrically heated",False,same heading,one to one,conc-10-stats-2022.xlsx,2026-09-07
8419320090,"Dryers for paper pulp, paper or paperboard",8419350090,"Dryers,for paper pulp,paper/paperboard,process in change of temp,w/n elec heated",False,same heading,split,conc-10-stats-2022.xlsx,2026-09-07
8419390010,"Dryers, for preparation of food and beverages",8419390010,"Dryers,treatment of mat,proc change of temp,nes,for food and bev,w/n elec heated",True,same code,split,conc-10-stats-2022.xlsx,2026-09-07
8419390090,"Dryers, other than of a kind used for domestic purposes, nes",8419390090,"Dryers,treatment of mat,proc change of temp,o/t food & bev, w/n elec heated, nes",True,same code,split,conc-10-stats-2022.xlsx,2026-09-07
8419900010,"Parts, of machinery and plant, for making paper pulp, paper or paperboard",8419900010,"Parts, of machinery and plant, for making paper pulp, paper or paperboard",True,same code,split,conc-10-stats-2022.xlsx,2026-09-07
8419900020,"Parts, of apparatus, of a type used in restaurants, hotels or similar locations",8419900020,"Parts, of apparatus, of a type used in restaurants, hotels or similar locations",True,same code,split,conc-10-stats-2022.xlsx,2026-09-07
8419900030,"Parts, of medical, surgical or laboratory sterilizers",8419900030,"Parts, of medical, surgical or laboratory sterilizers",True,same code,split,conc-10-stats-2022.xlsx,2026-09-07
8419900090,"Pts,mchy/plant/lab equip,f treat by chang temp & insta/strg wat heat,n-elec,nes",8419900090,"Parts,mchy/plant/lab equip,f treat chang temp and insta/strg wat heat,n-elec,nes",True,same code,split,conc-10-stats-2022.xlsx,2026-09-07
8421392000,Catalytic converters for the motor vehicles of Chapter 87,8421320000,"Catalytic cnvrt/particulate filt,w/n combi, pur/filt exhaust gases int combu eng",False,same heading,merge,conc-10-stats-2022.xlsx,2026-09-07
8421399090,"Filtering or purifying machines and apparatus for gases, nes",8421320000,"Catalytic cnvrt/particulate filt,w/n combi, pur/filt exhaust gases int combu eng",False,same heading,many to many,conc-10-stats-2022.xlsx,2026-09-07
8421399010,Dust extractors or smoke filters for filtering or purifying gases,8421390010,"Filtering/purifying machinery & app, of dust extractors/smoke filters,for gasses",False,same subheading,one to one,conc-10-stats-2022.xlsx,2026-09-07
8421399030,Electrostatic filters (precipitators) for filtering or purifying gases,8421390020,"Filtering/purifying mchy & app, electrostatic filters(precipitators), for gasses",False,same subheading,one to one,conc-10-stats-2022.xlsx,2026-09-07
8421399040,"Industrial gas cleaning equipment, nes",8421390030,"Filtering or purifying machinery and apparatus,industrial gas cleaning equipment",False,same subheading,one to one,conc-10-stats-2022.xlsx,2026-09-07
8421399050,"Gas separation equipment, nes",8421390040,"Filtering or purifying machinery and apparatus, of gas separation equipment",False,same subheading,one to one,conc-10-stats-2022.xlsx,2026-09-07
8421399090,"Filtering or purifying machines and apparatus for gases, nes",8421390090,"Filtering or purifying machinery and apparatus, for gases, nes",False,same subheading,split,conc-10-stats-2022.xlsx,2026-09-07
8421990090,"Parts, for filtering or purifying mchy and apparatus for liquids or gases, nes",8421990090,"Parts, for filtering or purifying mchy and apparatus for liquids or gases, nes",True,same code,split,conc-10-stats-2022.xlsx,2026-09-07
8423900000,Weighing machine weights of all kinds; parts of weighing machinery,8423900000,"Machinery, for weights, of all kinds, including parts of weighing machinery",True,same code,split,conc-10-stats-2022.xlsx,2026-09-07
8428900060,"Industrial robots for lifting, handling, loading or unloading",8428700000,"Industrial robots, for lifting, handling, loading or unloading",False,same heading,one to one,conc-10-stats-2022.xlsx,2026-09-07
8431100090,"Parts, of pulley tackle & hoists o/t skip hoists, winches & capstans, jacks, nes",8431100090,"Parts, of winches and  capstans and of jacks, nes",True,same code,split,conc-10-stats-2022.xlsx,2026-09-07
8431200000,Parts for fork-lift trucks or trucks fitted with lifting or handling equipment,8431200000,"Parts,of fork-lift trucks,o work trucks fit w lifting/handling equip,of No 84.27",True,same code,split,conc-10-stats-2022.xlsx,2026-09-07
8431310010,Parts of lifts,8431310010,"Parts, of lifts",True,same code,split,conc-10-stats-2022.xlsx,2026-09-07
8431310020,Parts of skip hoists,8431310020,"Parts, of skip hoists",True,same code,split,conc-10-stats-2022.xlsx,2026-09-07
8431310030,Parts of escalators,8431310030,"Parts, of escalators",True,same code,split,conc-10-stats-2022.xlsx,2026-09-07
8431390010,Parts of pneumatic or other continuous-action elevators and conveyors,8431390010,"Parts,of pneumatic/o continuous-action elevators & conveyors,of mach of No 84.28",True,same code,split,conc-10-stats-2022.xlsx,2026-09-07
8431390020,Parts of self-propelled crawler mounted pipelayers,8431390020,"Parts, of self-propelled crawler mounted pipelayers, of machinery of No 84.28",True,same code,split,conc-10-stats-2022.xlsx,2026-09-07
8431390090,"Parts of other lifting/handling/loading/unloading machinery, nes",8431390090,"Parts, of other lifting/handling/loading/unloading machinery, of No 84.28, nes",True,same code,split,conc-10-stats-2022.xlsx,2026-09-07
8431430020,"Parts for oil and gas field, boring or sinking machinery",8431430020,"Parts, of boring/sinking mach, for oil and gas field mach, of No 8430.41/8430.49",True,same code,split,conc-10-stats-2022.xlsx,2026-09-07
8431430090,"Parts, for other boring and sinking machinery, nes",8431430090,"Parts, of boring or sinking machinery of No 8430.41 or 8430.49, nes",True,same code,split,conc-10-stats-2022.xlsx,2026-09-07
8431490011,"Parts, of overhead travelling,transporter,gantry,bridge or jib cranes",8431490011,"Parts, of overhead travelling,transporter,gantry,bridge or jib cranes",True,same code,one to one,conc-10-stats-2022.xlsx,2026-09-07
8431490012,"Parts of mobile lifting frames,straddle carriers & work trucks fitted w a crane",8431490012,"Parts,of mobile lift frames,straddle carriers & work tck fit w crane,of No 84.26",True,same code,split,conc-10-stats-2022.xlsx,2026-09-07
8431490019,"Parts of derricks or cranes, nes",8431490019,"Parts, of derricks or cranes, of No 84.26, nes",True,same code,split,conc-10-stats-2022.xlsx,2026-09-07
8431490091,Parts of coal or rock cutters & tunneling machinery,8431490091,"Parts, of coal or rock cutters and tunneling machinery",True,same code,split,conc-10-stats-2022.xlsx,2026-09-07
8431490092,"Parts of backhoes, shovels, clamshells and draglines",8431490092,"Parts of backhoes, shovels, clamshells and draglines",True,same code,one to one,conc-10-stats-2022.xlsx,2026-09-07
8431490099,"Parts,of cranes,work-trucks,shovels & o const machinery,of No 84.29/84.30,nes",8431490099,"Parts, of cranes, work-trucks, shovels and other construction machinery, nes",True,same code,split,conc-10-stats-2022.xlsx,2026-09-07
8438800000,"Machinery,nes,for ind prep/mfr of food/drink,o/t f extraction/prep veg fats/oils",8438800000,"Machinery, nes,f ind prep/mfr of food/drink,o/t f extr/prep veg/microb fats/oils",True,same code,split,conc-10-stats-2022.xlsx,2026-09-07
8441800000,"Machinery for making up paper pulp, paper or paperboard, nes",8441800000,"Machinery,o,for making up paper pulp, paper/paperboard,o/t for moulding articles",True,same code,split,conc-10-stats-2022.xlsx,2026-09-07
8443990090,"Other parts and accessories of printing machinery, nes",8443990090,"Parts and accessories, of printers, copying machines and facsimile machines, nes",True,same code,split,conc-10-stats-2022.xlsx,2026-09-07
8462100090,"Forging machines and hammers, for metalworking, nes",8462110000,"Machines,hot forming,closed die forging machines, incl presses,for working metal",False,same heading,split,conc-10-stats-2022.xlsx,2026-09-07
8462100090,"Forging machines and hammers, for metalworking, nes",8462190000,"Machines,hot forming,f forging & hot hammers,o/t closed die forging,f wrkg metal",False,same heading,split,conc-10-stats-2022.xlsx,2026-09-07
8462210090,"O m/w mach-tls, incl press, bending, straightening, folding, flattening,n/c,nes",8462221000,"Machine-tls, f profile forming, numerically controlled,working metal f flat prod",False,same heading,split,conc-10-stats-2022.xlsx,2026-09-07
8462290000,"Bending/folding/stgting or flattening mach, inc presses, nes, for working metal",8462229000,"Machine-tls,f profile forming,o/t numerically controlled, wrkg metal f flat prod",False,same heading,split,conc-10-stats-2022.xlsx,2026-09-07
8462210010,"Metalworking machine-tools, press brakes, numerically controlled, nes",8462230000,"Machine-tls,for profile forming,numer cntl press brakes,f wrkg metal f flat prod",False,same heading,one to one,conc-10-stats-2022.xlsx,2026-09-07
8462210090,"O m/w mach-tls, incl press, bending, straightening, folding, flattening,n/c,nes",8462240000,"Machine-tls, f profile forming,numer cntl panel benders,f wrkg metal f flat prod",False,same heading,split,conc-10-stats-2022.xlsx,2026-09-07
8462210090,"O m/w mach-tls, incl press, bending, straightening, folding, flattening,n/c,nes",8462250000,"Machine-tools,f profile forming,numer cntl roll forming,f wrkg metal f flat prod",False,same heading,split,conc-10-stats-2022.xlsx,2026-09-07
8462210090,"O m/w mach-tls, incl press, bending, straightening, folding, flattening,n/c,nes",8462260000,"Mach-tls, o numer cntl bendg,fold,stgting/flattening mach,wrkg metal f flat prod",False,same heading,split,conc-10-stats-2022.xlsx,2026-09-07
8462210090,"O m/w mach-tls, incl press, bending, straightening, folding, flattening,n/c,nes",8462291000,"Machine-tools, numer cntl,for bending,fold,stgting/flattening,for wrkg metal,nes",False,same heading,split,conc-10-stats-2022.xlsx,2026-09-07
8462290000,"Bending/folding/stgting or flattening mach, inc presses, nes, for working metal",8462299000,"Machine-tools,o/t numer cntl,for bending,fold,stgting/flattening,wrkg metal,nes",False,same subheading,split,conc-10-stats-2022.xlsx,2026-09-07
8462310000,"Shearing mach,incl presses,n/c,f working met,o/t combined punching/shearing mach",8462320000,"Shearing machines,slitting & cut-to-length lines,f working metal f flat products",False,same heading,many to many,conc-10-stats-2022.xlsx,2026-09-07
8462390000,"Shearing mach,incl presses,for working metal,o/t combined pnch/shearing mach,nes",8462320000,"Shearing machines,slitting & cut-to-length lines,f working metal f flat products",False,same heading,many to many,conc-10-stats-2022.xlsx,2026-09-07
8462310000,"Shearing mach,incl presses,n/c,f working met,o/t combined punching/shearing mach",8462330000,"Shear mach,numer cntl,slitting & cut-to-le lines,working metal for flat products",False,same heading,split,conc-10-stats-2022.xlsx,2026-09-07
8462390000,"Shearing mach,incl presses,for working metal,o/t combined pnch/shearing mach,nes",8462390000,"Shearing machines,o/t comb pnch & shear mach,f wrkg metal for flat products, nes",True,same code,split,conc-10-stats-2022.xlsx,2026-09-07
8462410010,"Punching machines, including presses, for metalworking, numerically controlled",8462420010,"Machine-tools, n/c,f punching,incl comb pnch and shear mach,wrkg metal flat prod",False,same heading,one to one,conc-10-stats-2022.xlsx,2026-09-07
8462410090,"Notching mach, inc presses,inc comb punch/shear mach, n/c,for working metal, nes",8462420090,"Machine-tools, n/c,f notch/nibb,incl comb pnch & shear mach,wrkg metal flat prod",False,same heading,many to many,conc-10-stats-2022.xlsx,2026-09-07
8462991000,"Other metalworking presses, o/t hydraulic, numerically controlled, nes",8462420090,"Machine-tools, n/c,f notch/nibb,incl comb pnch & shear mach,wrkg metal flat prod",False,same heading,many to many,conc-10-stats-2022.xlsx,2026-09-07
8462490000,"Punching/notching mach,incl presses & comb punch/shear mach,nes,f working metal",8462490000,"Mach,o/t n/c,f pnch,notch/nibb,incl comb pnch & shear mach, wrkg metal flat prod",True,same code,many to many,conc-10-stats-2022.xlsx,2026-09-07
8462999010,"Machine-tools, for working metal, used or rebuilt, nes",8462490000,"Mach,o/t n/c,f pnch,notch/nibb,incl comb pnch & shear mach, wrkg metal flat prod",False,same heading,many to many,conc-10-stats-2022.xlsx,2026-09-07
8462999020,"Mechanical machine-tools, for working metal, new, nes",8462490000,"Mach,o/t n/c,f pnch,notch/nibb,incl comb pnch & shear mach, wrkg metal flat prod",False,same heading,many to many,conc-10-stats-2022.xlsx,2026-09-07
8462999090,"Machine-tools, for working metal, new, nes",8462490000,"Mach,o/t n/c,f pnch,notch/nibb,incl comb pnch & shear mach, wrkg metal flat prod",False,same heading,many to many,conc-10-stats-2022.xlsx,2026-09-07
8462100090,"Forging machines and hammers, for metalworking, nes",8462510000,"Machines,n/c,working tube,pipe,hollow sect and bar,o/t presses,for working metal",False,same heading,many to many,conc-10-stats-2022.xlsx,2026-09-07
8462210090,"O m/w mach-tls, incl press, bending, straightening, folding, flattening,n/c,nes",8462510000,"Machines,n/c,working tube,pipe,hollow sect and bar,o/t presses,for working metal",False,same heading,many to many,conc-10-stats-2022.xlsx,2026-09-07
8462310000,"Shearing mach,incl presses,n/c,f working met,o/t combined punching/shearing mach",8462510000,"Machines,n/c,working tube,pipe,hollow sect and bar,o/t presses,for working metal",False,same heading,many to many,conc-10-stats-2022.xlsx,2026-09-07
8462410090,"Notching mach, inc presses,inc comb punch/shear mach, n/c,for working metal, nes",8462510000,"Machines,n/c,working tube,pipe,hollow sect and bar,o/t presses,for working metal",False,same heading,many to many,conc-10-stats-2022.xlsx,2026-09-07
8462100090,"Forging machines and hammers, for metalworking, nes",8462590000,"Mach,o/t n/c,nes, wrkg tube,pipe,hollow sect & bar,o/t presses,for working metal",False,same heading,many to many,conc-10-stats-2022.xlsx,2026-09-07
8462290000,"Bending/folding/stgting or flattening mach, inc presses, nes, for working metal",8462590000,"Mach,o/t n/c,nes, wrkg tube,pipe,hollow sect & bar,o/t presses,for working metal",False,same heading,many to many,conc-10-stats-2022.xlsx,2026-09-07
8462390000,"Shearing mach,incl presses,for working metal,o/t combined pnch/shearing mach,nes",8462590000,"Mach,o/t n/c,nes, wrkg tube,pipe,hollow sect & bar,o/t presses,for working metal",False,same heading,many to many,conc-10-stats-2022.xlsx,2026-09-07
8462490000,"Punching/notching mach,incl presses & comb punch/shear mach,nes,f working metal",8462590000,"Mach,o/t n/c,nes, wrkg tube,pipe,hollow sect & bar,o/t presses,for working metal",False,same heading,many to many,conc-10-stats-2022.xlsx,2026-09-07
8462210090,"O m/w mach-tls, incl press, bending, straightening, folding, flattening,n/c,nes",8462611000,"Machine-tools, hydraulic presses,n/c,f cold metal working,working metal/carbides",False,same heading,many to many,conc-10-stats-2022.xlsx,2026-09-07
8462310000,"Shearing mach,incl presses,n/c,f working met,o/t combined punching/shearing mach",8462611000,"Machine-tools, hydraulic presses,n/c,f cold metal working,working metal/carbides",False,same heading,many to many,conc-10-stats-2022.xlsx,2026-09-07
8462410090,"Notching mach, inc presses,inc comb punch/shear mach, n/c,for working metal, nes",8462611000,"Machine-tools, hydraulic presses,n/c,f cold metal working,working metal/carbides",False,same heading,many to many,conc-10-stats-2022.xlsx,2026-09-07
8462911000,"Metalworking hydraulic presses, numerically controlled",8462611000,"Machine-tools, hydraulic presses,n/c,f cold metal working,working metal/carbides",False,same heading,many to many,conc-10-stats-2022.xlsx,2026-09-07
8462100090,"Forging machines and hammers, for metalworking, nes",8462619000,"Machine-tls, hydraulic presses,o/t n/c,nes,f cold metal wrkg,wrkg metal/carbides",False,same heading,many to many,conc-10-stats-2022.xlsx,2026-09-07
8462290000,"Bending/folding/stgting or flattening mach, inc presses, nes, for working metal",8462619000,"Machine-tls, hydraulic presses,o/t n/c,nes,f cold metal wrkg,wrkg metal/carbides",False,same heading,many to many,conc-10-stats-2022.xlsx,2026-09-07
8462390000,"Shearing mach,incl presses,for working metal,o/t combined pnch/shearing mach,nes",8462619000,"Machine-tls, hydraulic presses,o/t n/c,nes,f cold metal wrkg,wrkg metal/carbides",False,same heading,many to many,conc-10-stats-2022.xlsx,2026-09-07
8462490000,"Punching/notching mach,incl presses & comb punch/shear mach,nes,f working metal",8462619000,"Machine-tls, hydraulic presses,o/t n/c,nes,f cold metal wrkg,wrkg metal/carbides",False,same heading,many to many,conc-10-stats-2022.xlsx,2026-09-07
8462919000,"Metalworking hydraulic presses, other than numerically controlled, nes",8462619000,"Machine-tls, hydraulic presses,o/t n/c,nes,f cold metal wrkg,wrkg metal/carbides",False,same heading,many to many,conc-10-stats-2022.xlsx,2026-09-07
8462210090,"O m/w mach-tls, incl press, bending, straightening, folding, flattening,n/c,nes",8462621000,"Machine-tools,mechanical presses,n/c,f cold metal working,working metal/carbides",False,same heading,many to many,conc-10-stats-2022.xlsx,2026-09-07
8462310000,"Shearing mach,incl presses,n/c,f working met,o/t combined punching/shearing mach",8462621000,"Machine-tools,mechanical presses,n/c,f cold metal working,working metal/carbides",False,same heading,many to many,conc-10-stats-2022.xlsx,2026-09-07
8462410090,"Notching mach, inc presses,inc comb punch/shear mach, n/c,for working metal, nes",8462621000,"Machine-tools,mechanical presses,n/c,f cold metal working,working metal/carbides",False,same heading,many to many,conc-10-stats-2022.xlsx,2026-09-07
8462991000,"Other metalworking presses, o/t hydraulic, numerically controlled, nes",8462621000,"Machine-tools,mechanical presses,n/c,f cold metal working,working metal/carbides",False,same heading,many to many,conc-10-stats-2022.xlsx,2026-09-07
8462100090,"Forging machines and hammers, for metalworking, nes",8462629000,"Mach-tls,mechanical presses,o/t n/c,nes,f cold metal working,wrkg metal/carbides",False,same heading,many to many,conc-10-stats-2022.xlsx,2026-09-07
8462290000,"Bending/folding/stgting or flattening mach, inc presses, nes, for working metal",8462629000,"Mach-tls,mechanical presses,o/t n/c,nes,f cold metal working,wrkg metal/carbides",False,same heading,many to many,conc-10-stats-2022.xlsx,2026-09-07
8462390000,"Shearing mach,incl presses,for working metal,o/t combined pnch/shearing mach,nes",8462629000,"Mach-tls,mechanical presses,o/t n/c,nes,f cold metal working,wrkg metal/carbides",False,same heading,many to many,conc-10-stats-2022.xlsx,2026-09-07
8462490000,"Punching/notching mach,incl presses & comb punch/shear mach,nes,f working metal",8462629000,"Mach-tls,mechanical presses,o/t n/c,nes,f cold metal working,wrkg metal/carbides",False,same heading,many to many,conc-10-stats-2022.xlsx,2026-09-07
8462999010,"Machine-tools, for working metal, used or rebuilt, nes",8462629000,"Mach-tls,mechanical presses,o/t n/c,nes,f cold metal working,wrkg metal/carbides",False,same heading,many to many,conc-10-stats-2022.xlsx,2026-09-07
8462999020,"Mechanical machine-tools, for working metal, new, nes",8462629000,"Mach-tls,mechanical presses,o/t n/c,nes,f cold metal working,wrkg metal/carbides",False,same heading,many to many,conc-10-stats-2022.xlsx,2026-09-07
8462210090,"O m/w mach-tls, incl press, bending, straightening, folding, flattening,n/c,nes",8462631000,"Machine-tools, servo presses,n/c, for cold metal working,working metal/carbides",False,same heading,many to many,conc-10-stats-2022.xlsx,2026-09-07
8462310000,"Shearing mach,incl presses,n/c,f working met,o/t combined punching/shearing mach",8462631000,"Machine-tools, servo presses,n/c, for cold metal working,working metal/carbides",False,same heading,many to many,conc-10-stats-2022.xlsx,2026-09-07
8462410090,"Notching mach, inc presses,inc comb punch/shear mach, n/c,for working metal, nes",8462631000,"Machine-tools, servo presses,n/c, for cold metal working,working metal/carbides",False,same heading,many to many,conc-10-stats-2022.xlsx,2026-09-07
8462991000,"Other metalworking presses, o/t hydraulic, numerically controlled, nes",8462631000,"Machine-tools, servo presses,n/c, for cold metal working,working metal/carbides",False,same heading,many to many,conc-10-stats-2022.xlsx,2026-09-07
8462100090,"Forging machines and hammers, for metalworking, nes",8462639000,"Machine-tools,servo presses,o/t n/c,nes,f cold metal wrkg,working metal/carbides",False,same heading,many to many,conc-10-stats-2022.xlsx,2026-09-07
8462290000,"Bending/folding/stgting or flattening mach, inc presses, nes, for working metal",8462639000,"Machine-tools,servo presses,o/t n/c,nes,f cold metal wrkg,working metal/carbides",False,same heading,many to many,conc-10-stats-2022.xlsx,2026-09-07
8462390000,"Shearing mach,incl presses,for working metal,o/t combined pnch/shearing mach,nes",8462639000,"Machine-tools,servo presses,o/t n/c,nes,f cold metal wrkg,working metal/carbides",False,same heading,many to many,conc-10-stats-2022.xlsx,2026-09-07
8462490000,"Punching/notching mach,incl presses & comb punch/shear mach,nes,f working metal",8462639000,"Machine-tools,servo presses,o/t n/c,nes,f cold metal wrkg,working metal/carbides",False,same heading,many to many,conc-10-stats-2022.xlsx,2026-09-07
8462999010,"Machine-tools, for working metal, used or rebuilt, nes",8462639000,"Machine-tools,servo presses,o/t n/c,nes,f cold metal wrkg,working metal/carbides",False,same heading,many to many,conc-10-stats-2022.xlsx,2026-09-07
8462999090,"Machine-tools, for working metal, new, nes",8462639000,"Machine-tools,servo presses,o/t n/c,nes,f cold metal wrkg,working metal/carbides",False,same heading,many to many,conc-10-stats-2022.xlsx,2026-09-07
8462210090,"O m/w mach-tls, incl press, bending, straightening, folding, flattening,n/c,nes",8462691000,"Machine-tools, of cold metal working presses,n/c, nes,for working metal/carbides",False,same heading,many to many,conc-10-stats-2022.xlsx,2026-09-07
8462310000,"Shearing mach,incl presses,n/c,f working met,o/t combined punching/shearing mach",8462691000,"Machine-tools, of cold metal working presses,n/c, nes,for working metal/carbides",False,same heading,many to many,conc-10-stats-2022.xlsx,2026-09-07
8462410090,"Notching mach, inc presses,inc comb punch/shear mach, n/c,for working metal, nes",8462691000,"Machine-tools, of cold metal working presses,n/c, nes,for working metal/carbides",False,same heading,many to many,conc-10-stats-2022.xlsx,2026-09-07
8462991000,"Other metalworking presses, o/t hydraulic, numerically controlled, nes",8462691000,"Machine-tools, of cold metal working presses,n/c, nes,for working metal/carbides",False,same heading,many to many,conc-10-stats-2022.xlsx,2026-09-07
8462100010,"Die stamping machines, including presses, for metalworking",8462699010,"Machine-tools, of die stamping, of cold metal working presses,for working metal",False,same heading,one to one,conc-10-stats-2022.xlsx,2026-09-07
8462100090,"Forging machines and hammers, for metalworking, nes",8462699090,"Machine-tools,of cold metal working presses,o/t of die stamping,f wrkg metal,nes",False,same heading,many to many,conc-10-stats-2022.xlsx,2026-09-07
8462290000,"Bending/folding/stgting or flattening mach, inc presses, nes, for working metal",8462699090,"Machine-tools,of cold metal working presses,o/t of die stamping,f wrkg metal,nes",False,same heading,many to many,conc-10-stats-2022.xlsx,2026-09-07
8462390000,"Shearing mach,incl presses,for working metal,o/t combined pnch/shearing mach,nes",8462699090,"Machine-tools,of cold metal working presses,o/t of die stamping,f wrkg metal,nes",False,same heading,many to many,conc-10-stats-2022.xlsx,2026-09-07
8462490000,"Punching/notching mach,incl presses & comb punch/shear mach,nes,f working metal",8462699090,"Machine-tools,of cold metal working presses,o/t of die stamping,f wrkg metal,nes",False,same heading,many to many,conc-10-stats-2022.xlsx,2026-09-07
8462999010,"Machine-tools, for working metal, used or rebuilt, nes",8462699090,"Machine-tools,of cold metal working presses,o/t of die stamping,f wrkg metal,nes",False,same heading,many to many,conc-10-stats-2022.xlsx,2026-09-07
8462999090,"Machine-tools, for working metal, new, nes",8462699090,"Machine-tools,of cold metal working presses,o/t of die stamping,f wrkg metal,nes",False,same heading,many to many,conc-10-stats-2022.xlsx,2026-09-07
8462210090,"O m/w mach-tls, incl press, bending, straightening, folding, flattening,n/c,nes",8462901000,"Machine-tools,of forging/hammering,bending,numerically cntl,f working metal, nes",False,same heading,many to many,conc-10-stats-2022.xlsx,2026-09-07
8462310000,"Shearing mach,incl presses,n/c,f working met,o/t combined punching/shearing mach",8462901000,"Machine-tools,of forging/hammering,bending,numerically cntl,f working metal, nes",False,same heading,many to many,conc-10-stats-2022.xlsx,2026-09-07
8462410090,"Notching mach, inc presses,inc comb punch/shear mach, n/c,for working metal, nes",8462901000,"Machine-tools,of forging/hammering,bending,numerically cntl,f working metal, nes",False,same heading,many to many,conc-10-stats-2022.xlsx,2026-09-07
8462911000,"Metalworking hydraulic presses, numerically controlled",8462901000,"Machine-tools,of forging/hammering,bending,numerically cntl,f working metal, nes",False,same heading,many to many,conc-10-stats-2022.xlsx,2026-09-07
8462991000,"Other metalworking presses, o/t hydraulic, numerically controlled, nes",8462901000,"Machine-tools,of forging/hammering,bending,numerically cntl,f working metal, nes",False,same heading,many to many,conc-10-stats-2022.xlsx,2026-09-07
8462100090,"Forging machines and hammers, for metalworking, nes",8462909000,"Machine-tools,of forging/hammering,bending,o/t numerically cntl,f wrkg metal,nes",False,same heading,many to many,conc-10-stats-2022.xlsx,2026-09-07
8462290000,"Bending/folding/stgting or flattening mach, inc presses, nes, for working metal",8462909000,"Machine-tools,of forging/hammering,bending,o/t numerically cntl,f wrkg metal,nes",False,same heading,many to many,conc-10-stats-2022.xlsx,2026-09-07
8462390000,"Shearing mach,incl presses,for working metal,o/t combined pnch/shearing mach,nes",8462909000,"Machine-tools,of forging/hammering,bending,o/t numerically cntl,f wrkg metal,nes",False,same heading,many to many,conc-10-stats-2022.xlsx,2026-09-07
8462490000,"Punching/notching mach,incl presses & comb punch/shear mach,nes,f working metal",8462909000,"Machine-tools,of forging/hammering,bending,o/t numerically cntl,f wrkg metal,nes",False,same heading,many to many,conc-10-stats-2022.xlsx,2026-09-07
8462919000,"Metalworking hydraulic presses, other than numerically controlled, nes",8462909000,"Machine-tools,of forging/hammering,bending,o/t numerically cntl,f wrkg metal,nes",False,same heading,many to many,conc-10-stats-2022.xlsx,2026-09-07
8462999010,"Machine-tools, for working metal, used or rebuilt, nes",8462909000,"Machine-tools,of forging/hammering,bending,o/t numerically cntl,f wrkg metal,nes",False,same heading,many to many,conc-10-stats-2022.xlsx,2026-09-07
8462999020,"Mechanical machine-tools, for working metal, new, nes",8462909000,"Machine-tools,of forging/hammering,bending,o/t numerically cntl,f wrkg metal,nes",False,same heading,many to many,conc-10-stats-2022.xlsx,2026-09-07
8462999090,"Machine-tools, for working metal, new, nes",8462909000,"Machine-tools,of forging/hammering,bending,o/t numerically cntl,f wrkg metal,nes",False,same heading,many to many,conc-10-stats-2022.xlsx,2026-09-07
8463900000,"Machine-tools for working metal or cermets, without removing material, nes",8463900000,"Machine-tools for working metal or cermets, without removing material, nes",True,same code,split,conc-10-stats-2022.xlsx,2026-09-07
8465990011,"Lathes, for wood working",8465990011,"Log splitters, for working wood",True,same code,one to one,conc-10-stats-2022.xlsx,2026-09-07
8465990012,"Debarkers, for wood working",8465990012,"Chippers, for working wood",True,same code,one to one,conc-10-stats-2022.xlsx,2026-09-07
8465990019,"Machine-tools, for wood working, nes",8465990019,"Machine-tools, for wood working, o/t lathes/debarkers,nes",True,same code,split,conc-10-stats-2022.xlsx,2026-09-07
8465990090,"Machine-tools, for working cork/bone/rubber/plastics/sim hard materials, nes",8465990090,"Machine-tools, for working cork/bone/rubber/plastics/sim hard materials, nes",True,same code,split,conc-10-stats-2022.xlsx,2026-09-07
8466941000,"Bed,base,table column,cradle,frame,bolster,etc, for mach of Nos 84.62 or 84.63",8466941000,"Parts,of bed,base,table column,cradle,frame,bolster,etc,for mach Nos 84.62/84.63",True,same code,split,conc-10-stats-2022.xlsx,2026-09-07
8466949000,"Parts and accessories, nes, for metalworking machines of No 84.62 or 84.63",8466949000,"Parts and accessories, nes, for metalworking machines of No 84.62 or 84.63",True,same code,split,conc-10-stats-2022.xlsx,2026-09-07
8473210000,"Parts & accessories,of electronic calculating mach of No 8470.10/8470.21/8470.29",8473210000,"Parts & accessories,of electronic calculating mach of No 8470.10/8470.21/8470.29",True,same code,split,conc-10-stats-2022.xlsx,2026-09-07
8473290000,"Parts and accessories, of calculating and accounting machines of No 84.70, nes",8473290000,"Parts and accessories, of machines of No 84.70, nes",True,same code,split,conc-10-stats-2022.xlsx,2026-09-07
8473302000,Printed circuit assemblies of the machines of heading 84.71,8473302000,"Parts and access,for printed circuit assemblies of the machines of No 84.71",True,same code,split,conc-10-stats-2022.xlsx,2026-09-07
8473303000,"Parts & accessories, of printed circuit assemblies, for machines of No 84.71",8473303000,"Pts & access,f printed circuit asy,incl face plates and lock latches,of No 84.71",True,same code,split,conc-10-stats-2022.xlsx,2026-09-07
8473309000,"Pts & access f: adpm,units t/o,magnt/opt readers,mach f transcr/process data,nes",8473309000,"Pts & access, f adpm,units t/o,magnt/opt readers,mach f transcr/process data,nes",True,same code,split,conc-10-stats-2022.xlsx,2026-09-07
8473400000,"Parts and accessories, of office machines of No 84.72",8473400000,"Parts and accessories, of office machines, of No 84.72",True,same code,split,conc-10-stats-2022.xlsx,2026-09-07
8473501000,"Printed crt asy,equally suit for use w mach of two or more Nos 84.70 to 84.72",8473501000,"Pts & access, f printed circuit asy,use w mach of two/more of Nos 84.70 to 84.72",True,same code,split,conc-10-stats-2022.xlsx,2026-09-07
8473502000,"Pts & access,of printed circuit asy,f use w mach of two/more Nos 84.70 to 84.72",8473502000,"P&a,of ptd crt asy,incl face plts & lock latches,u w mach of >=2 Nos 84.70-84.72",True,same code,split,conc-10-stats-2022.xlsx,2026-09-07
8473509000,"Printed crt asy,equally suit for use w mach of two/more Nos 84.70 to 84.72,nda",8473509000,"Parts and accessories,for use w machines of two/more of Nos 84.70 to 84.72,nes",True,same code,split,conc-10-stats-2022.xlsx,2026-09-07
8475290000,"Machines for mfg or hot wrkg glass/glassware, o/t for mfg optical fib & preforms",8475290000,"Machines for mfg or hot wrkg glass/glassware, o/t for mfg optical fib & preforms",True,same code,split,conc-10-stats-2022.xlsx,2026-09-07
8475900000,Parts of glass working machines,8475900000,"Parts, of machine,f assg elec/electrn lamps in gls env/mach f wrkg gls/glassware",True,same code,split,conc-10-stats-2022.xlsx,2026-09-07
8476900000,"Parts, of automatic goods-vending machine",8476900000,"Parts, of automatic goods-vending machines, including money-changing machines",True,same code,split,conc-10-stats-2022.xlsx,2026-09-07
8477800000,"Machinery for working rubber/plastics/manufacture of products from these mat,nes",8477800000,"Machinery,nes,for working rubber/plastics/manufacture of products from these mat",True,same code,split,conc-10-stats-2022.xlsx,2026-09-07
8477901000,"Base, bed, platen, clamp cyl, ram-inj/castings,etc, for rbr/plas wkng machinery",8477901000,"Parts, of base,bed,platen,clamp cyl,ram-inj/castings,etc, for rbr/plas wkng mach",True,same code,split,conc-10-stats-2022.xlsx,2026-09-07
8477902090,"Barrel screws for various other machinery, nes",8477902090,"Parts,of barrel screws,o/t extruders,wrkg rubber/plas/mfg of prod from these mat",True,same code,split,conc-10-stats-2022.xlsx,2026-09-07
8477903000,"Hydraulic asy consis of least two foll: manifold,valves,pump,etc, for machinery",8477903000,"Parts, hydraulic asy consis least two foll,manifold,valves,pump,etc, f machinery",True,same code,split,conc-10-stats-2022.xlsx,2026-09-07
8477909090,"Other parts, for other various machinery, nes",8477909090,"Parts, for other various machinery, nes",True,same code,split,conc-10-stats-2022.xlsx,2026-09-07
8438800000,"Machinery,nes,for ind prep/mfr of food/drink,o/t f extraction/prep veg fats/oils",8479200000,"Machinery, for extr/prep of animal/fixed veg/microbial fats/oils, indiv function",False,same chapter,many to many,conc-10-stats-2022.xlsx,2026-09-07
8479200000,"Machinery for the extraction/prep of animal/fixed fats/oil,nes,having indiv func",8479200000,"Machinery, for extr/prep of animal/fixed veg/microbial fats/oils, indiv function",True,same code,merge,conc-10-stats-2022.xlsx,2026-09-07
8479810000,"Mach for treating metal, inc electric wire coil-winders, nes, having indiv func",8479810000,"Machines,for treating metal,inc electric wire coil-winders,nes,having indiv func",True,same code,split,conc-10-stats-2022.xlsx,2026-09-07
8479810000,"Mach for treating metal, inc electric wire coil-winders, nes, having indiv func",8479830000,"Machines, of cold isostatic presses, nes, having individual functions",False,same heading,many to many,conc-10-stats-2022.xlsx,2026-09-07
8479893000,Mach f fert from fish/fish waste;mech dev f cntl compstn of strlzng/clean sol etc,8479830000,"Machines, of cold isostatic presses, nes, having individual functions",False,same heading,many to many,conc-10-stats-2022.xlsx,2026-09-07
8479899090,"Machines and mechanical appliances having individual functions, nes",8479830000,"Machines, of cold isostatic presses, nes, having individual functions",False,same heading,many to many,conc-10-stats-2022.xlsx,2026-09-07
8479891000,"Machines and mechanical appliances having individual functions, nes",8479891000,"Machines, of aircraft flow jet eng start units,arti fog/smoke gen,ect,indiv func",True,same code,split,conc-10-stats-2022.xlsx,2026-09-07
8479893000,Mach f fert from fish/fish waste;mech dev f cntl compstn of strlzng/clean sol etc,8479893000,"Mach, man fert fish/waste;mech cntl compstn strlzng/clean sol,food/bev/hospitals",True,same code,split,conc-10-stats-2022.xlsx,2026-09-07
8479899090,"Machines and mechanical appliances having individual functions, nes",8479899090,"Mach and mech appliances, o/t prod petroleum/gas/motor veh maint,indiv func, nes",True,same code,split,conc-10-stats-2022.xlsx,2026-09-07
8479909090,"Parts, of machines and mechanical appliances, having individual functions, nes",8479909090,"Parts, of machines and mechanical appliances, having individual functions, nes",True,same code,split,conc-10-stats-2022.xlsx,2026-09-07
8463900000,"Machine-tools for working metal or cermets, without removing material, nes",8485100000,"Machines, for additive manufacturing/3D printing, by metal deposit",False,same chapter,split,conc-10-stats-2022.xlsx,2026-09-07
8477800000,"Machinery for working rubber/plastics/manufacture of products from these mat,nes",8485200000,"Machines, for additive manufacturing/3D printing, by plastics or rubber deposit",False,same chapter,split,conc-10-stats-2022.xlsx,2026-09-07
8475290000,"Machines for mfg or hot wrkg glass/glassware, o/t for mfg optical fib & preforms",8485300000,"Machines, for additive mfg/3D print, by plaster, cement, ceramics/glass deposit",False,same chapter,many to many,conc-10-stats-2022.xlsx,2026-09-07
8479891000,"Machines and mechanical appliances having individual functions, nes",8485300000,"Machines, for additive mfg/3D print, by plaster, cement, ceramics/glass deposit",False,same chapter,many to many,conc-10-stats-2022.xlsx,2026-09-07
8479899090,"Machines and mechanical appliances having individual functions, nes",8485300000,"Machines, for additive mfg/3D print, by plaster, cement, ceramics/glass deposit",False,same chapter,many to many,conc-10-stats-2022.xlsx,2026-09-07
8441800000,"Machinery for making up paper pulp, paper or paperboard, nes",8485800000,"Machines, for additive manufacturing, also referred to as 3D printing, nes",False,same chapter,many to many,conc-10-stats-2022.xlsx,2026-09-07
8465990019,"Machine-tools, for wood working, nes",8485800000,"Machines, for additive manufacturing, also referred to as 3D printing, nes",False,same chapter,many to many,conc-10-stats-2022.xlsx,2026-09-07
8465990090,"Machine-tools, for working cork/bone/rubber/plastics/sim hard materials, nes",8485800000,"Machines, for additive manufacturing, also referred to as 3D printing, nes",False,same chapter,many to many,conc-10-stats-2022.xlsx,2026-09-07
8479891000,"Machines and mechanical appliances having individual functions, nes",8485800000,"Machines, for additive manufacturing, also referred to as 3D printing, nes",False,same chapter,many to many,conc-10-stats-2022.xlsx,2026-09-07
8479893000,Mach f fert from fish/fish waste;mech dev f cntl compstn of strlzng/clean sol etc,8485800000,"Machines, for additive manufacturing, also referred to as 3D printing, nes",False,same chapter,many to many,conc-10-stats-2022.xlsx,2026-09-07
8479899090,"Machines and mechanical appliances having individual functions, nes",8485800000,"Machines, for additive manufacturing, also referred to as 3D printing, nes",False,same chapter,many to many,conc-10-stats-2022.xlsx,2026-09-07
8466941000,"Bed,base,table column,cradle,frame,bolster,etc, for mach of Nos 84.62 or 84.63",8485901000,"Parts, for bed,base,table,column,cradle,etc,f machines of additive mfg/3D print",False,same chapter,split,conc-10-stats-2022.xlsx,2026-09-07
8477901000,"Base, bed, platen, clamp cyl, ram-inj/castings,etc, for rbr/plas wkng machinery",8485902000,"Parts,for base,bed,platen,clamp,cylinder,etc, f machines additive mfg/3D print",False,same chapter,split,conc-10-stats-2022.xlsx,2026-09-07
8477902090,"Barrel screws for various other machinery, nes",8485903000,"Parts, of barrel screws, for machines of additive manufacturing or 3D printing",False,same chapter,split,conc-10-stats-2022.xlsx,2026-09-07
8477903000,"Hydraulic asy consis of least two foll: manifold,valves,pump,etc, for machinery",8485904000,"Parts,hydraulic asy consis least two,manifold,valves,etc,f mach add mfg/3D print",False,same chapter,split,conc-10-stats-2022.xlsx,2026-09-07
8466949000,"Parts and accessories, nes, for metalworking machines of No 84.62 or 84.63",8485909000,"Parts, for machines of additive manufacturing or 3D printing, nes",False,same chapter,many to many,conc-10-stats-2022.xlsx,2026-09-07
8475900000,Parts of glass working machines,8485909000,"Parts, for machines of additive manufacturing or 3D printing, nes",False,same chapter,many to many,conc-10-stats-2022.xlsx,2026-09-07
8477909090,"Other parts, for other various machinery, nes",8485909000,"Parts, for machines of additive manufacturing or 3D printing, nes",False,same chapter,many to many,conc-10-stats-2022.xlsx,2026-09-07
8479909090,"Parts, of machines and mechanical appliances, having individual functions, nes",8485909000,"Parts, for machines of additive manufacturing or 3D printing, nes",False,same chapter,many to many,conc-10-stats-2022.xlsx,2026-09-07
8486900000,"Parts & accessories,of machines & apparatus specified in Note 9 (C) to Chapter",8486900000,"Parts & accessories,of machines & apparatus specified in Note 11 (C) to Chapter",True,same code,split,conc-10-stats-2022.xlsx,2026-09-07
8501310090,"DC generators, of an output <=750 W",8501310090,"DC generators, electric, o/t photovoltaic generators, of an output <= 750 W",True,same code,split,conc-10-stats-2022.xlsx,2026-09-07
8501322000,"DC motors,output > 750W <=75kW,use as mech pwr f elec pwrd veh of No 8703.80/90",8501322000,"DC motors,incl DC gen,f mech pwr f elec pwrd veh No 8703.80/90,otpt >750W <=75kW",True,same code,split,conc-10-stats-2022.xlsx,2026-09-07
8501329090,"DC motors, nes, of an output > 750 W but <= 75 kW",8501329090,"DC motors,electric,o/t photovoltaic generators,of an output > 750 W < =75 kW,nes",True,same code,split,conc-10-stats-2022.xlsx,2026-09-07
8501330000,"DC motors, DC generators, electric, of an output > 75 kW but <= 375 kW",8501330000,"DC motors,incl DC gen,electric,o/t photovoltaic gen,output > 75 kW  but <=375 kW",True,same code,split,conc-10-stats-2022.xlsx,2026-09-07
8501340030,"DC generators, of an output exceeding 375 kW",8501340030,"DC generators,electric,o/t photovoltaic generators,of an output exceeding 375 kW",True,same code,split,conc-10-stats-2022.xlsx,2026-09-07
8501340040,"DC motors, of an output exceeding 375 kW",8501340040,"DC motors, electric, o/t photovoltaic generators, of an output exceeding 375 kW",True,same code,split,conc-10-stats-2022.xlsx,2026-09-07
8501610000,"AC generators, alternators, electric, of an output not exceeding 75 kVA",8501610000,"AC generators(alternators),electric,o/t photovoltaic generators,output <= 75 kVA",True,same code,split,conc-10-stats-2022.xlsx,2026-09-07
8501620000,"AC generators, alternators, electric, of an output > 75 kVA <= 375 kVA",8501620000,"AC gen(alternators),electric,o/t photovoltaic gen, output >75 kVA  but <=375 kVA",True,same code,split,conc-10-stats-2022.xlsx,2026-09-07
8501630000,"AC generators, alternators, electric, of output > 375 kVA <= 750 kVA",8501630000,"AC gen(alternators),electric,o/t photovoltaic gen,output > 375 kVA but <=750 kVA",True,same code,split,conc-10-stats-2022.xlsx,2026-09-07
8501640010,"AC generators, alternators, of an output > 750 kVA, for the mfr of generator sets",8501640010,"AC gen(alternators),electric,o/t photovoltaic gen,manu of gen sets,otpt >750 kVA",True,same code,split,conc-10-stats-2022.xlsx,2026-09-07
8501640090,"AC generators, alternators, of an output > 750 kVA, nes",8501640090,"AC gen(alternators), electric, o/t photovoltaic gen, of an output > 750 kVA, nes",True,same code,split,conc-10-stats-2022.xlsx,2026-09-07
8501310090,"DC generators, of an output <=750 W",8501710000,"DC generators, electric, photovoltaic, of an output not exceeding 50 W",False,same heading,split,conc-10-stats-2022.xlsx,2026-09-07
8501310090,"DC generators, of an output <=750 W",8501720000,"DC generators,electric, photovoltaic, of an output exceeding 50 W",False,same heading,many to many,conc-10-stats-2022.xlsx,2026-09-07
8501322000,"DC motors,output > 750W <=75kW,use as mech pwr f elec pwrd veh of No 8703.80/90",8501720000,"DC generators,electric, photovoltaic, of an output exceeding 50 W",False,same heading,many to many,conc-10-stats-2022.xlsx,2026-09-07
8501329090,"DC motors, nes, of an output > 750 W but <= 75 kW",8501720000,"DC generators,electric, photovoltaic, of an output exceeding 50 W",False,same heading,many to many,conc-10-stats-2022.xlsx,2026-09-07
8501330000,"DC motors, DC generators, electric, of an output > 75 kW but <= 375 kW",8501720000,"DC generators,electric, photovoltaic, of an output exceeding 50 W",False,same heading,many to many,conc-10-stats-2022.xlsx,2026-09-07
8501340030,"DC generators, of an output exceeding 375 kW",8501720000,"DC generators,electric, photovoltaic, of an output exceeding 50 W",False,same heading,many to many,conc-10-stats-2022.xlsx,2026-09-07
8501340040,"DC motors, of an output exceeding 375 kW",8501720000,"DC generators,electric, photovoltaic, of an output exceeding 50 W",False,same heading,many to many,conc-10-stats-2022.xlsx,2026-09-07
8501610000,"AC generators, alternators, electric, of an output not exceeding 75 kVA",8501800000,"AC generators (alternators), electric, photovoltaic",False,same heading,many to many,conc-10-stats-2022.xlsx,2026-09-07
8501620000,"AC generators, alternators, electric, of an output > 75 kVA <= 375 kVA",8501800000,"AC generators (alternators), electric, photovoltaic",False,same heading,many to many,conc-10-stats-2022.xlsx,2026-09-07
8501630000,"AC generators, alternators, electric, of output > 375 kVA <= 750 kVA",8501800000,"AC generators (alternators), electric, photovoltaic",False,same heading,many to many,conc-10-stats-2022.xlsx,2026-09-07
8501640010,"AC generators, alternators, of an output > 750 kVA, for the mfr of generator sets",8501800000,"AC generators (alternators), electric, photovoltaic",False,same heading,many to many,conc-10-stats-2022.xlsx,2026-09-07
8501640090,"AC generators, alternators, of an output > 750 kVA, nes",8501800000,"AC generators (alternators), electric, photovoltaic",False,same heading,many to many,conc-10-stats-2022.xlsx,2026-09-07
8504409091,"Battery chargers, non commercial, nes",8504409041,"Battery chargers, USB type from AC source",False,same subheading,many to many,conc-10-stats-2022-1.xlsx,2026-09-07
8504409092,"Battery chargers, commercial, nes",8504409041,"Battery chargers, USB type from AC source",False,same subheading,many to many,conc-10-stats-2022-1.xlsx,2026-09-07
8504409091,"Battery chargers, non commercial, nes",8504409042,"Battery chargers, USB type from DC source",False,same subheading,many to many,conc-10-stats-2022-1.xlsx,2026-09-07
8504409092,"Battery chargers, commercial, nes",8504409042,"Battery chargers, USB type from DC source",False,same subheading,many to many,conc-10-stats-2022-1.xlsx,2026-09-07
8504409091,"Battery chargers, non commercial, nes",8504409049,"Battery chargers, nes",False,same subheading,many to many,conc-10-stats-2022-1.xlsx,2026-09-07
8504409092,"Battery chargers, commercial, nes",8504409049,"Battery chargers, nes",False,same subheading,many to many,conc-10-stats-2022-1.xlsx,2026-09-07
8504901000,Printed circuit assemblies for static converters or other inductors,8504901000,"Parts,of printed circuit assemblies for goods of subheadings 8504.40 and 8504.90",True,same code,split,conc-10-stats-2022.xlsx,2026-09-07
8504909081,Parts of electric transformers having a power handling capacity < 500 kVA,8504909081,"Parts, of electric transformers, having a power handling capacity < 500 kVA",True,same code,split,conc-10-stats-2022.xlsx,2026-09-07
8504909082,Parts of electric transformers having a power handling capacity >= 500 kVA,8504909082,"Parts, of electric transformers, having a power handling capacity >= 500 kVA",True,same code,split,conc-10-stats-2022.xlsx,2026-09-07
8504909090,"Parts, of electrical transformers, static converters and inductors, nes",8504909090,"Parts, of electrical transformers, static converters and inductors, nes",True,same code,split,conc-10-stats-2022.xlsx,2026-09-07
8507401000,"Elec nickel-iron accum, incl sep, w/n rect, for elec pwrd veh of No 8703.80/90",8507802000,"Electric accum, nes,incl separators, w/n rect,for elec pwrd veh of No 8703.80/90",False,same heading,merge,conc-10-stats-2022.xlsx,2026-09-07
8507802000,"Electric accum, incl sep, w/n rect, for elec pwrd veh of No 8703.80/90, nes",8507802000,"Electric accum, nes,incl separators, w/n rect,for elec pwrd veh of No 8703.80/90",True,same code,merge,conc-10-stats-2022.xlsx,2026-09-07
8507409000,"Electric nickel-iron accumulators, including sep, w/n rect, incl square, nes",8507809000,"Electric accumulators,incl separators,whether or not rectangular,incl square,nes",False,same heading,merge,conc-10-stats-2022.xlsx,2026-09-07
8507809000,"Electric accumulators,incl separators,whether or not rectangular,incl square,nes",8507809000,"Electric accumulators,incl separators,whether or not rectangular,incl square,nes",True,same code,merge,conc-10-stats-2022.xlsx,2026-09-07
8509902000,"Parts,f manufacture of goods of No 85.09 & goods of No 8509.40.90 or 8509.80.90",8509902000,"Parts,f manufacture of goods of No 85.09 & goods of No 8509.40.90 or 8509.80.90",True,same code,split,conc-10-stats-2022.xlsx,2026-09-07
8509909000,Parts of grape crushers or ultrasonic vaporizers for domestic purposes,8509909000,"Parts,electro-mechanical dom appl,w self-contained elec motor, o/t No 85.08, nes",True,same code,split,conc-10-stats-2022.xlsx,2026-09-07
8514100000,Industrial or laboratory electric resistance heated furnaces and ovens,8514110000,"Furnaces and ovens, of hot isostatic presses, resistance heated, electric",False,same heading,split,conc-10-stats-2022.xlsx,2026-09-07
8514100000,Industrial or laboratory electric resistance heated furnaces and ovens,8514190000,"Furnaces and ovens,of resistance heated,electric,o/t hot isostatic presses",False,same heading,split,conc-10-stats-2022.xlsx,2026-09-07
8514300000,"Industrial or laboratory electric furnaces and ovens, nes",8514310000,"Furances and ovens, of electron beam, of industrial/laboratory equipment",False,same heading,split,conc-10-stats-2022.xlsx,2026-09-07
8514300000,"Industrial or laboratory electric furnaces and ovens, nes",8514320000,"Furances and ovens, of plasma and vacuum arc, of industrial/laboratory equipment",False,same heading,split,conc-10-stats-2022.xlsx,2026-09-07
8514300000,"Industrial or laboratory electric furnaces and ovens, nes",8514390000,"Furnaces and ovens, for Industrial/laboratory,electric ,nes, o/t plasma & vacuum",False,same heading,split,conc-10-stats-2022.xlsx,2026-09-07
8516904000,Printed circuit assemblies for domestic microwave ovens,8516904000,"Parts, for printed circuit assemblies for domestic microwave ovens",True,same code,split,conc-10-stats-2022.xlsx,2026-09-07
8516906000,"Top surface panels,w/n with htg elements or controls, for ovens or cookers, dom",8516906000,"Parts, f top surface panels,w/n with htg elements/controls,for ovens/cookers,dom",True,same code,split,conc-10-stats-2022.xlsx,2026-09-07
8516909070,Parts for ovens or cookers,8516909070,"Parts, for ovens or cookers, for domestic purposes",True,same code,split,conc-10-stats-2022.xlsx,2026-09-07
8516909090,"Pts,of elec insta/strg wat & imm heat,elec htg app,electro-thermic appl dom,nes",8516909090,"Pts, of elec insta/strg wat & imm heat,elec htg app,electro-thermic appl dom,nes",True,same code,split,conc-10-stats-2022.xlsx,2026-09-07
8517120030,"Telephones, for cellular networks",8517130000,"Smartphones, for cellular networks or for other wireless networks",False,same heading,one to one,conc-10-stats-2022.xlsx,2026-09-07
8517120090,"Telephones, for wireless networks, nes",8517140000,"Telephones, o/t smartphones, for cellular networks/for other wireless networks",False,same heading,one to one,conc-10-stats-2022.xlsx,2026-09-07
8517700000,"Pts,of tel sets & app f trans/recep vce/img/data,o/t Nos 84.43/85.25/85.27/85.28",8517710000,"Parts,of aerials & aerial reflectors of all kinds,parts suitable f use therewith",False,same heading,split,conc-10-stats-2022.xlsx,2026-09-07
8517700000,"Pts,of tel sets & app f trans/recep vce/img/data,o/t Nos 84.43/85.25/85.27/85.28",8517790000,"Pts,of tel set,smartphones,etc,o/t aerials & refl,app f trans/recep vce/img/data",False,same heading,split,conc-10-stats-2022.xlsx,2026-09-07
8518900000,"Parts,of microphones,stands;loudspkr;head/earphones;audio-frqcy ampli;ampli sets",8518900000,"Parts,of microphones,stands;loudspkr;head/earphones;audio-frqcy ampli;ampli sets",True,same code,split,conc-10-stats-2022.xlsx,2026-09-07
8519500000,Telephone answering machines,8519810000,"Sound recording/reproducing apparatus,using magnetic/optical/semiconductor media",False,same heading,many to many,conc-10-stats-2022.xlsx,2026-09-07
8519810000,"Sound recording/reproducing apparatus,using magnetic/optical/semiconductor media",8519810000,"Sound recording/reproducing apparatus,using magnetic/optical/semiconductor media",True,same code,merge,conc-10-stats-2022.xlsx,2026-09-07
8519500000,Telephone answering machines,8519890000,"Sound recording or reproducing apparatus, nes",False,same heading,many to many,conc-10-stats-2022.xlsx,2026-09-07
8519890000,"Sound recording or reproducing apparatus, nes",8519890000,"Sound recording or reproducing apparatus, nes",True,same code,merge,conc-10-stats-2022.xlsx,2026-09-07
8522100000,Pickup cartridges for turntables or record-players,8522100000,"Parts and acces,of pickup cartridges,f use solely/princ w app of Nos 85.19/85.21",True,same code,split,conc-10-stats-2022.xlsx,2026-09-07
8522901000,Printed circuit assemblies for apparatus of headings 85.19 to 85.21,8522901000,"Parts and acces,f printed circuit assemblies for apparatus of Nos 85.19 or 85.21",True,same code,split,conc-10-stats-2022.xlsx,2026-09-07
8522909000,"Parts and accessories, for sound/video recording/reproducing apparatus, nes",8522909000,"Parts & acces,f sound/video recording/reproducing app,o/t pick-up cartridges,nes",True,same code,split,conc-10-stats-2022.xlsx,2026-09-07
8708299990,"Parts and accessories,of bodies,for the motor vehicles of Nos 87.01 to 87.05,nes",8524111000,"Flat panel disp modules,of LCD,w out drivers/control crt, f auto Nos 87.01-87.05",False,different chapter,many to many,conc-10-stats-2022.xlsx,2026-09-07
8708999919,"Parts & accessories,for motor vehicles for the transport of persons of No 87.03",8524111000,"Flat panel disp modules,of LCD,w out drivers/control crt, f auto Nos 87.01-87.05",False,different chapter,many to many,conc-10-stats-2022.xlsx,2026-09-07
8708999999,"Parts and accessories, for the motor vehicles of Nos 87.01 to 87.05, nes",8524111000,"Flat panel disp modules,of LCD,w out drivers/control crt, f auto Nos 87.01-87.05",False,different chapter,many to many,conc-10-stats-2022.xlsx,2026-09-07
8509909000,Parts of grape crushers or ultrasonic vaporizers for domestic purposes,8524112000,"Replacement parts,LCD,o/t u in goods of tariff item Nos 8509.40.90 or 8509.80.90",False,same chapter,split,conc-10-stats-2022.xlsx,2026-09-07
8415903000,"Chassis, chassis bases or outer cabinets, for air conditioning machines",8524119000,"Flat panel disp module,LCD,w out driv/cntl crt,w/n incorp touch-sens screens,nes",False,different chapter,many to many,conc-10-stats-2022.xlsx,2026-09-07
8419900010,"Parts, of machinery and plant, for making paper pulp, paper or paperboard",8524119000,"Flat panel disp module,LCD,w out driv/cntl crt,w/n incorp touch-sens screens,nes",False,different chapter,many to many,conc-10-stats-2022.xlsx,2026-09-07
8419900020,"Parts, of apparatus, of a type used in restaurants, hotels or similar locations",8524119000,"Flat panel disp module,LCD,w out driv/cntl crt,w/n incorp touch-sens screens,nes",False,different chapter,many to many,conc-10-stats-2022.xlsx,2026-09-07
8419900030,"Parts, of medical, surgical or laboratory sterilizers",8524119000,"Flat panel disp module,LCD,w out driv/cntl crt,w/n incorp touch-sens screens,nes",False,different chapter,many to many,conc-10-stats-2022.xlsx,2026-09-07
8419900090,"Pts,mchy/plant/lab equip,f treat by chang temp & insta/strg wat heat,n-elec,nes",8524119000,"Flat panel disp module,LCD,w out driv/cntl crt,w/n incorp touch-sens screens,nes",False,different chapter,many to many,conc-10-stats-2022.xlsx,2026-09-07
8423900000,Weighing machine weights of all kinds; parts of weighing machinery,8524119000,"Flat panel disp module,LCD,w out driv/cntl crt,w/n incorp touch-sens screens,nes",False,different chapter,many to many,conc-10-stats-2022.xlsx,2026-09-07
8431100090,"Parts, of pulley tackle & hoists o/t skip hoists, winches & capstans, jacks, nes",8524119000,"Flat panel disp module,LCD,w out driv/cntl crt,w/n incorp touch-sens screens,nes",False,different chapter,many to many,conc-10-stats-2022.xlsx,2026-09-07
8431200000,Parts for fork-lift trucks or trucks fitted with lifting or handling equipment,8524119000,"Flat panel disp module,LCD,w out driv/cntl crt,w/n incorp touch-sens screens,nes",False,different chapter,many to many,conc-10-stats-2022.xlsx,2026-09-07
8431310010,Parts of lifts,8524119000,"Flat panel disp module,LCD,w out driv/cntl crt,w/n incorp touch-sens screens,nes",False,different chapter,many to many,conc-10-stats-2022.xlsx,2026-09-07
8431310020,Parts of skip hoists,8524119000,"Flat panel disp module,LCD,w out driv/cntl crt,w/n incorp touch-sens screens,nes",False,different chapter,many to many,conc-10-stats-2022.xlsx,2026-09-07
8431310030,Parts of escalators,8524119000,"Flat panel disp module,LCD,w out driv/cntl crt,w/n incorp touch-sens screens,nes",False,different chapter,many to many,conc-10-stats-2022.xlsx,2026-09-07
8431390010,Parts of pneumatic or other continuous-action elevators and conveyors,8524119000,"Flat panel disp module,LCD,w out driv/cntl crt,w/n incorp touch-sens screens,nes",False,different chapter,many to many,conc-10-stats-2022.xlsx,2026-09-07
8431390020,Parts of self-propelled crawler mounted pipelayers,8524119000,"Flat panel disp module,LCD,w out driv/cntl crt,w/n incorp touch-sens screens,nes",False,different chapter,many to many,conc-10-stats-2022.xlsx,2026-09-07
8431390090,"Parts of other lifting/handling/loading/unloading machinery, nes",8524119000,"Flat panel disp module,LCD,w out driv/cntl crt,w/n incorp touch-sens screens,nes",False,different chapter,many to many,conc-10-stats-2022.xlsx,2026-09-07
8431430020,"Parts for oil and gas field, boring or sinking machinery",8524119000,"Flat panel disp module,LCD,w out driv/cntl crt,w/n incorp touch-sens screens,nes",False,different chapter,many to many,conc-10-stats-2022.xlsx,2026-09-07
8431430090,"Parts, for other boring and sinking machinery, nes",8524119000,"Flat panel disp module,LCD,w out driv/cntl crt,w/n incorp touch-sens screens,nes",False,different chapter,many to many,conc-10-stats-2022.xlsx,2026-09-07
8431490012,"Parts of mobile lifting frames,straddle carriers & work trucks fitted w a crane",8524119000,"Flat panel disp module,LCD,w out driv/cntl crt,w/n incorp touch-sens screens,nes",False,different chapter,many to many,conc-10-stats-2022.xlsx,2026-09-07
8431490019,"Parts of derricks or cranes, nes",8524119000,"Flat panel disp module,LCD,w out driv/cntl crt,w/n incorp touch-sens screens,nes",False,different chapter,many to many,conc-10-stats-2022.xlsx,2026-09-07
8431490091,Parts of coal or rock cutters & tunneling machinery,8524119000,"Flat panel disp module,LCD,w out driv/cntl crt,w/n incorp touch-sens screens,nes",False,different chapter,many to many,conc-10-stats-2022.xlsx,2026-09-07
8431490099,"Parts,of cranes,work-trucks,shovels & o const machinery,of No 84.29/84.30,nes",8524119000,"Flat panel disp module,LCD,w out driv/cntl crt,w/n incorp touch-sens screens,nes",False,different chapter,many to many,conc-10-stats-2022.xlsx,2026-09-07
8443990090,"Other parts and accessories of printing machinery, nes",8524119000,"Flat panel disp module,LCD,w out driv/cntl crt,w/n incorp touch-sens screens,nes",False,different chapter,many to many,conc-10-stats-2022.xlsx,2026-09-07
8473210000,"Parts & accessories,of electronic calculating mach of No 8470.10/8470.21/8470.29",8524119000,"Flat panel disp module,LCD,w out driv/cntl crt,w/n incorp touch-sens screens,nes",False,different chapter,many to many,conc-10-stats-2022.xlsx,2026-09-07
8473290000,"Parts and accessories, of calculating and accounting machines of No 84.70, nes",8524119000,"Flat panel disp module,LCD,w out driv/cntl crt,w/n incorp touch-sens screens,nes",False,different chapter,many to many,conc-10-stats-2022.xlsx,2026-09-07
8473302000,Printed circuit assemblies of the machines of heading 84.71,8524119000,"Flat panel disp module,LCD,w out driv/cntl crt,w/n incorp touch-sens screens,nes",False,different chapter,many to many,conc-10-stats-2022.xlsx,2026-09-07
8473303000,"Parts & accessories, of printed circuit assemblies, for machines of No 84.71",8524119000,"Flat panel disp module,LCD,w out driv/cntl crt,w/n incorp touch-sens screens,nes",False,different chapter,many to many,conc-10-stats-2022.xlsx,2026-09-07
8473309000,"Pts & access f: adpm,units t/o,magnt/opt readers,mach f transcr/process data,nes",8524119000,"Flat panel disp module,LCD,w out driv/cntl crt,w/n incorp touch-sens screens,nes",False,different chapter,many to many,conc-10-stats-2022.xlsx,2026-09-07
8473400000,"Parts and accessories, of office machines of No 84.72",8524119000,"Flat panel disp module,LCD,w out driv/cntl crt,w/n incorp touch-sens screens,nes",False,different chapter,many to many,conc-10-stats-2022.xlsx,2026-09-07
8473501000,"Printed crt asy,equally suit for use w mach of two or more Nos 84.70 to 84.72",8524119000,"Flat panel disp module,LCD,w out driv/cntl crt,w/n incorp touch-sens screens,nes",False,different chapter,many to many,conc-10-stats-2022.xlsx,2026-09-07
8473502000,"Pts & access,of printed circuit asy,f use w mach of two/more Nos 84.70 to 84.72",8524119000,"Flat panel disp module,LCD,w out driv/cntl crt,w/n incorp touch-sens screens,nes",False,different chapter,many to many,conc-10-stats-2022.xlsx,2026-09-07
8473509000,"Printed crt asy,equally suit for use w mach of two/more Nos 84.70 to 84.72,nda",8524119000,"Flat panel disp module,LCD,w out driv/cntl crt,w/n incorp touch-sens screens,nes",False,different chapter,many to many,conc-10-stats-2022.xlsx,2026-09-07
8476900000,"Parts, of automatic goods-vending machine",8524119000,"Flat panel disp module,LCD,w out driv/cntl crt,w/n incorp touch-sens screens,nes",False,different chapter,many to many,conc-10-stats-2022.xlsx,2026-09-07
8486900000,"Parts & accessories,of machines & apparatus specified in Note 9 (C) to Chapter",8524119000,"Flat panel disp module,LCD,w out driv/cntl crt,w/n incorp touch-sens screens,nes",False,different chapter,many to many,conc-10-stats-2022.xlsx,2026-09-07
8504901000,Printed circuit assemblies for static converters or other inductors,8524119000,"Flat panel disp module,LCD,w out driv/cntl crt,w/n incorp touch-sens screens,nes",False,same chapter,many to many,conc-10-stats-2022.xlsx,2026-09-07
8504909081,Parts of electric transformers having a power handling capacity < 500 kVA,8524119000,"Flat panel disp module,LCD,w out driv/cntl crt,w/n incorp touch-sens screens,nes",False,same chapter,many to many,conc-10-stats-2022.xlsx,2026-09-07
8504909082,Parts of electric transformers having a power handling capacity >= 500 kVA,8524119000,"Flat panel disp module,LCD,w out driv/cntl crt,w/n incorp touch-sens screens,nes",False,same chapter,many to many,conc-10-stats-2022.xlsx,2026-09-07
8504909090,"Parts, of electrical transformers, static converters and inductors, nes",8524119000,"Flat panel disp module,LCD,w out driv/cntl crt,w/n incorp touch-sens screens,nes",False,same chapter,many to many,conc-10-stats-2022.xlsx,2026-09-07
8509902000,"Parts,f manufacture of goods of No 85.09 & goods of No 8509.40.90 or 8509.80.90",8524119000,"Flat panel disp module,LCD,w out driv/cntl crt,w/n incorp touch-sens screens,nes",False,same chapter,many to many,conc-10-stats-2022.xlsx,2026-09-07
8516904000,Printed circuit assemblies for domestic microwave ovens,8524119000,"Flat panel disp module,LCD,w out driv/cntl crt,w/n incorp touch-sens screens,nes",False,same chapter,many to many,conc-10-stats-2022.xlsx,2026-09-07
8516906000,"Top surface panels,w/n with htg elements or controls, for ovens or cookers, dom",8524119000,"Flat panel disp module,LCD,w out driv/cntl crt,w/n incorp touch-sens screens,nes",False,same chapter,many to many,conc-10-stats-2022.xlsx,2026-09-07
8516909070,Parts for ovens or cookers,8524119000,"Flat panel disp module,LCD,w out driv/cntl crt,w/n incorp touch-sens screens,nes",False,same chapter,many to many,conc-10-stats-2022.xlsx,2026-09-07
8516909090,"Pts,of elec insta/strg wat & imm heat,elec htg app,electro-thermic appl dom,nes",8524119000,"Flat panel disp module,LCD,w out driv/cntl crt,w/n incorp touch-sens screens,nes",False,same chapter,many to many,conc-10-stats-2022.xlsx,2026-09-07
8517700000,"Pts,of tel sets & app f trans/recep vce/img/data,o/t Nos 84.43/85.25/85.27/85.28",8524119000,"Flat panel disp module,LCD,w out driv/cntl crt,w/n incorp touch-sens screens,nes",False,same chapter,many to many,conc-10-stats-2022.xlsx,2026-09-07
8522901000,Printed circuit assemblies for apparatus of headings 85.19 to 85.21,8524119000,"Flat panel disp module,LCD,w out driv/cntl crt,w/n incorp touch-sens screens,nes",False,same chapter,many to many,conc-10-stats-2022.xlsx,2026-09-07
8522909000,"Parts and accessories, for sound/video recording/reproducing apparatus, nes",8524119000,"Flat panel disp module,LCD,w out driv/cntl crt,w/n incorp touch-sens screens,nes",False,same chapter,many to many,conc-10-stats-2022.xlsx,2026-09-07
8529901000,Parts for printed circuit assemblies,8524119000,"Flat panel disp module,LCD,w out driv/cntl crt,w/n incorp touch-sens screens,nes",False,same chapter,many to many,conc-10-stats-2022.xlsx,2026-09-07
8529903100,"Combinations of parts of tv receivers, video process & ampli syst, tuners, etc",8524119000,"Flat panel disp module,LCD,w out driv/cntl crt,w/n incorp touch-sens screens,nes",False,same chapter,many to many,conc-10-stats-2022.xlsx,2026-09-07
8529903900,"Parts of of tv receivers,video process & ampli syst, tuners, tuner cntl,etc, nes",8524119000,"Flat panel disp module,LCD,w out driv/cntl crt,w/n incorp touch-sens screens,nes",False,same chapter,many to many,conc-10-stats-2022.xlsx,2026-09-07
8529905000,"Parts, including face plates and lock latches, for printed circuit assemblies",8524119000,"Flat panel disp module,LCD,w out driv/cntl crt,w/n incorp touch-sens screens,nes",False,same chapter,many to many,conc-10-stats-2022.xlsx,2026-09-07
8529906000,"Parts of goods of heading 85.25 or 85.27, o/t parts of cellular telephones, nes",8524119000,"Flat panel disp module,LCD,w out driv/cntl crt,w/n incorp touch-sens screens,nes",False,same chapter,many to many,conc-10-stats-2022.xlsx,2026-09-07
8529909000,"Parts for apparatus of headings 85.25 to 85.28, nes",8524119000,"Flat panel disp module,LCD,w out driv/cntl crt,w/n incorp touch-sens screens,nes",False,same chapter,many to many,conc-10-stats-2022.xlsx,2026-09-07
8543900000,"Parts,of electrical machines & app,having individual functions,nes in Chapter 85",8524119000,"Flat panel disp module,LCD,w out driv/cntl crt,w/n incorp touch-sens screens,nes",False,same chapter,many to many,conc-10-stats-2022.xlsx,2026-09-07
8708299100,"P&a of bodies,for veterinary units & mfr fire fighting vehicles,pts for tractors",8524119000,"Flat panel disp module,LCD,w out driv/cntl crt,w/n incorp touch-sens screens,nes",False,different chapter,many to many,conc-10-stats-2022.xlsx,2026-09-07
8708999100,"Pts,f trac No 87.01,o/t road/etc & afmket gas tanks;p&a vet & fire fight veh,nes",8524119000,"Flat panel disp module,LCD,w out driv/cntl crt,w/n incorp touch-sens screens,nes",False,different chapter,many to many,conc-10-stats-2022.xlsx,2026-09-07
8714100000,"Motorcycle parts, including mopeds, nes",8524119000,"Flat panel disp module,LCD,w out driv/cntl crt,w/n incorp touch-sens screens,nes",False,different chapter,many to many,conc-10-stats-2022.xlsx,2026-09-07
8714200000,"Parts of carriages for disabled persons, nes",8524119000,"Flat panel disp module,LCD,w out driv/cntl crt,w/n incorp touch-sens screens,nes",False,different chapter,many to many,conc-10-stats-2022.xlsx,2026-09-07
8714999000,"Parts and accessories, of bicycles, other cycles or side-cars, nes",8524119000,"Flat panel disp module,LCD,w out driv/cntl crt,w/n incorp touch-sens screens,nes",False,different chapter,many to many,conc-10-stats-2022.xlsx,2026-09-07
8803300000,"Parts of airplanes or helicopters, nes",8524119000,"Flat panel disp module,LCD,w out driv/cntl crt,w/n incorp touch-sens screens,nes",False,different chapter,many to many,conc-10-stats-2022.xlsx,2026-09-07
8803900000,"Parts of balloons, dirigibles, gliders, spacecraft, satellites, etc, nes",8524119000,"Flat panel disp module,LCD,w out driv/cntl crt,w/n incorp touch-sens screens,nes",False,different chapter,many to many,conc-10-stats-2022.xlsx,2026-09-07
9015900000,"P&a,f surveying/hydrographic/ocean/hydrol/meteo/geoph inst & appl & rangefinders",8524119000,"Flat panel disp module,LCD,w out driv/cntl crt,w/n incorp touch-sens screens,nes",False,different chapter,many to many,conc-10-stats-2022.xlsx,2026-09-07
9017900000,Parts and accessories for use with the apparatus of No 90.17,8524119000,"Flat panel disp module,LCD,w out driv/cntl crt,w/n incorp touch-sens screens,nes",False,different chapter,many to many,conc-10-stats-2022.xlsx,2026-09-07
9018119100,Printed circuit assemblies for electro-cardiographs,8524119000,"Flat panel disp module,LCD,w out driv/cntl crt,w/n incorp touch-sens screens,nes",False,different chapter,many to many,conc-10-stats-2022.xlsx,2026-09-07
9018119900,"Parts and accessories for electro-cardiographs, nes",8524119000,"Flat panel disp module,LCD,w out driv/cntl crt,w/n incorp touch-sens screens,nes",False,different chapter,many to many,conc-10-stats-2022.xlsx,2026-09-07
9018120000,Electro-diagnostic ultrasonic scanning apparatus,8524119000,"Flat panel disp module,LCD,w out driv/cntl crt,w/n incorp touch-sens screens,nes",False,different chapter,many to many,conc-10-stats-2022.xlsx,2026-09-07
9018130000,Electro-diagnostic magnetic resonance imaging apparatus,8524119000,"Flat panel disp module,LCD,w out driv/cntl crt,w/n incorp touch-sens screens,nes",False,different chapter,many to many,conc-10-stats-2022.xlsx,2026-09-07
9018140000,Electro-diagnostic scinitigraphic apparatus,8524119000,"Flat panel disp module,LCD,w out driv/cntl crt,w/n incorp touch-sens screens,nes",False,different chapter,many to many,conc-10-stats-2022.xlsx,2026-09-07
9018191010,"Patient monitoring sys cmplt,incorp func such as monitor temp,blood pres & pulse",8524119000,"Flat panel disp module,LCD,w out driv/cntl crt,w/n incorp touch-sens screens,nes",False,different chapter,many to many,conc-10-stats-2022.xlsx,2026-09-07
9018191090,"Patient monitoring systems, o/t complete, nes",8524119000,"Flat panel disp module,LCD,w out driv/cntl crt,w/n incorp touch-sens screens,nes",False,different chapter,many to many,conc-10-stats-2022.xlsx,2026-09-07
9018199010,"Apparatus for functional exploratory examination, parts and accessories thereof",8524119000,"Flat panel disp module,LCD,w out driv/cntl crt,w/n incorp touch-sens screens,nes",False,different chapter,many to many,conc-10-stats-2022.xlsx,2026-09-07
9018199090,"Electro-diagnostic apparatus, nes",8524119000,"Flat panel disp module,LCD,w out driv/cntl crt,w/n incorp touch-sens screens,nes",False,different chapter,many to many,conc-10-stats-2022.xlsx,2026-09-07
9018200000,Ultra-violet or infra red ray apparatus,8524119000,"Flat panel disp module,LCD,w out driv/cntl crt,w/n incorp touch-sens screens,nes",False,different chapter,many to many,conc-10-stats-2022.xlsx,2026-09-07
9018410000,Dental drill engines,8524119000,"Flat panel disp module,LCD,w out driv/cntl crt,w/n incorp touch-sens screens,nes",False,different chapter,many to many,conc-10-stats-2022.xlsx,2026-09-07
9018490000,"Instruments and appliances, used in dental science, nes",8524119000,"Flat panel disp module,LCD,w out driv/cntl crt,w/n incorp touch-sens screens,nes",False,different chapter,many to many,conc-10-stats-2022.xlsx,2026-09-07
9018500000,"Ophthalmic instruments and appliances, nes",8524119000,"Flat panel disp module,LCD,w out driv/cntl crt,w/n incorp touch-sens screens,nes",False,different chapter,many to many,conc-10-stats-2022.xlsx,2026-09-07
9018901000,Defibrillators,8524119000,"Flat panel disp module,LCD,w out driv/cntl crt,w/n incorp touch-sens screens,nes",False,different chapter,many to many,conc-10-stats-2022.xlsx,2026-09-07
9018902000,Printed circuit assemblies for defibrillators,8524119000,"Flat panel disp module,LCD,w out driv/cntl crt,w/n incorp touch-sens screens,nes",False,different chapter,many to many,conc-10-stats-2022.xlsx,2026-09-07
9018909083,Parts and accessories for electro-surgical instruments and appliances,8524119000,"Flat panel disp module,LCD,w out driv/cntl crt,w/n incorp touch-sens screens,nes",False,different chapter,many to many,conc-10-stats-2022.xlsx,2026-09-07
9018909084,Parts and accessories or dialysis instruments and appliances,8524119000,"Flat panel disp module,LCD,w out driv/cntl crt,w/n incorp touch-sens screens,nes",False,different chapter,many to many,conc-10-stats-2022.xlsx,2026-09-07
9018909085,Parts and accessories for other electro-medical instruments and appliances,8524119000,"Flat panel disp module,LCD,w out driv/cntl crt,w/n incorp touch-sens screens,nes",False,different chapter,many to many,conc-10-stats-2022.xlsx,2026-09-07
9018909089,"Parts & accessories,of instruments & appl for medical/surgical/vet sciences,nes",8524119000,"Flat panel disp module,LCD,w out driv/cntl crt,w/n incorp touch-sens screens,nes",False,different chapter,many to many,conc-10-stats-2022.xlsx,2026-09-07
9019100010,Mechano-therapy appl; pwr-op message appl; psychological aptitude-testing app,8524119000,"Flat panel disp module,LCD,w out driv/cntl crt,w/n incorp touch-sens screens,nes",False,different chapter,many to many,conc-10-stats-2022.xlsx,2026-09-07
9019100020,"Massage apparatus, manually operated",8524119000,"Flat panel disp module,LCD,w out driv/cntl crt,w/n incorp touch-sens screens,nes",False,different chapter,many to many,conc-10-stats-2022.xlsx,2026-09-07
9019200000,"Ozone, oxygen or aerosol therapy, artifical resptn/other therapeutic resptn app",8524119000,"Flat panel disp module,LCD,w out driv/cntl crt,w/n incorp touch-sens screens,nes",False,different chapter,many to many,conc-10-stats-2022.xlsx,2026-09-07
9022901000,"Radiation generator units, including parts and accessories",8524119000,"Flat panel disp module,LCD,w out driv/cntl crt,w/n incorp touch-sens screens,nes",False,different chapter,many to many,conc-10-stats-2022.xlsx,2026-09-07
9022902000,"Radiation beam delivery units, including parts and accessories",8524119000,"Flat panel disp module,LCD,w out driv/cntl crt,w/n incorp touch-sens screens,nes",False,different chapter,many to many,conc-10-stats-2022.xlsx,2026-09-07
9022909000,"Parts and accessories, for apparatus based on alpha/beta/gamma radiation,etc,nes",8524119000,"Flat panel disp module,LCD,w out driv/cntl crt,w/n incorp touch-sens screens,nes",False,different chapter,many to many,conc-10-stats-2022.xlsx,2026-09-07
9025900000,"Pts & access,f hydrometers,sim floating inst,thermo,pyrometers,baro,hygro,psychr",8524119000,"Flat panel disp module,LCD,w out driv/cntl crt,w/n incorp touch-sens screens,nes",False,different chapter,many to many,conc-10-stats-2022.xlsx,2026-09-07
9029900000,"P&a,of revol/prod counters,taximeters,pedometers,tachometers,stroboscopes,etc",8524119000,"Flat panel disp module,LCD,w out driv/cntl crt,w/n incorp touch-sens screens,nes",False,different chapter,many to many,conc-10-stats-2022.xlsx,2026-09-07
9030900000,"P&a,for oscillos,spectrum analyzers,instr f meas/chk elec qty or meas/detect rad",8524119000,"Flat panel disp module,LCD,w out driv/cntl crt,w/n incorp touch-sens screens,nes",False,different chapter,many to many,conc-10-stats-2022.xlsx,2026-09-07
9032900000,"Parts & accessories,for automatic regulating/controlling instruments & apparatus",8524119000,"Flat panel disp module,LCD,w out driv/cntl crt,w/n incorp touch-sens screens,nes",False,different chapter,many to many,conc-10-stats-2022.xlsx,2026-09-07
9033000000,"Parts & accessories,f mach/appliances/instruments/apparatus of Chapter 90, nes",8524119000,"Flat panel disp module,LCD,w out driv/cntl crt,w/n incorp touch-sens screens,nes",False,different chapter,many to many,conc-10-stats-2022.xlsx,2026-09-07
9114900000,"Clock or watch parts, nes",8524119000,"Flat panel disp module,LCD,w out driv/cntl crt,w/n incorp touch-sens screens,nes",False,different chapter,many to many,conc-10-stats-2022.xlsx,2026-09-07
9504300080,"P&a,f games,op coins/banknotes/bank cards/tokens/o,o/t billards/auto bowl equip",8524119000,"Flat panel disp module,LCD,w out driv/cntl crt,w/n incorp touch-sens screens,nes",False,different chapter,many to many,conc-10-stats-2022.xlsx,2026-09-07
9504500080,"Parts & accessories, of video game consoles & machines, o/t those of No 9504.30",8524119000,"Flat panel disp module,LCD,w out driv/cntl crt,w/n incorp touch-sens screens,nes",False,different chapter,many to many,conc-10-stats-2022.xlsx,2026-09-07
9504900090,"Games, operated by coins/banknotes/bank cards/tokens/other means of payment, nes",8524119000,"Flat panel disp module,LCD,w out driv/cntl crt,w/n incorp touch-sens screens,nes",False,different chapter,many to many,conc-10-stats-2022.xlsx,2026-09-07
9506910010,Exercise bicycle,8524119000,"Flat panel disp module,LCD,w out driv/cntl crt,w/n incorp touch-sens screens,nes",False,different chapter,many to many,conc-10-stats-2022.xlsx,2026-09-07
9506910090,"Articles & equipment for general physical exercise, gymnastics or athletics, nes",8524119000,"Flat panel disp module,LCD,w out driv/cntl crt,w/n incorp touch-sens screens,nes",False,different chapter,many to many,conc-10-stats-2022.xlsx,2026-09-07
8708299990,"Parts and accessories,of bodies,for the motor vehicles of Nos 87.01 to 87.05,nes",8524121000,"Flat panel disp module,of OLED,w out drivers/control crt, f auto Nos 87.01-87.05",False,different chapter,many to many,conc-10-stats-2022.xlsx,2026-09-07
8708999919,"Parts & accessories,for motor vehicles for the transport of persons of No 87.03",8524121000,"Flat panel disp module,of OLED,w out drivers/control crt, f auto Nos 87.01-87.05",False,different chapter,many to many,conc-10-stats-2022.xlsx,2026-09-07
8708999999,"Parts and accessories, for the motor vehicles of Nos 87.01 to 87.05, nes",8524121000,"Flat panel disp module,of OLED,w out drivers/control crt, f auto Nos 87.01-87.05",False,different chapter,many to many,conc-10-stats-2022.xlsx,2026-09-07
8509909000,Parts of grape crushers or ultrasonic vaporizers for domestic purposes,8524122000,"Replacement parts, OLED, o/t u in goods of tariff item Nos 8509.40.90/8509.80.90",False,same chapter,split,conc-10-stats-2022.xlsx,2026-09-07
8415903000,"Chassis, chassis bases or outer cabinets, for air conditioning machines",8524129000,"Flat panel disp module,OLED,w out driv/cntl crt,w/n incorp touch-sens screen,nes",False,different chapter,many to many,conc-10-stats-2022.xlsx,2026-09-07
8419900010,"Parts, of machinery and plant, for making paper pulp, paper or paperboard",8524129000,"Flat panel disp module,OLED,w out driv/cntl crt,w/n incorp touch-sens screen,nes",False,different chapter,many to many,conc-10-stats-2022.xlsx,2026-09-07
8419900020,"Parts, of apparatus, of a type used in restaurants, hotels or similar locations",8524129000,"Flat panel disp module,OLED,w out driv/cntl crt,w/n incorp touch-sens screen,nes",False,different chapter,many to many,conc-10-stats-2022.xlsx,2026-09-07
8419900030,"Parts, of medical, surgical or laboratory sterilizers",8524129000,"Flat panel disp module,OLED,w out driv/cntl crt,w/n incorp touch-sens screen,nes",False,different chapter,many to many,conc-10-stats-2022.xlsx,2026-09-07
8419900090,"Pts,mchy/plant/lab equip,f treat by chang temp & insta/strg wat heat,n-elec,nes",8524129000,"Flat panel disp module,OLED,w out driv/cntl crt,w/n incorp touch-sens screen,nes",False,different chapter,many to many,conc-10-stats-2022.xlsx,2026-09-07
8423900000,Weighing machine weights of all kinds; parts of weighing machinery,8524129000,"Flat panel disp module,OLED,w out driv/cntl crt,w/n incorp touch-sens screen,nes",False,different chapter,many to many,conc-10-stats-2022.xlsx,2026-09-07
8431100090,"Parts, of pulley tackle & hoists o/t skip hoists, winches & capstans, jacks, nes",8524129000,"Flat panel disp module,OLED,w out driv/cntl crt,w/n incorp touch-sens screen,nes",False,different chapter,many to many,conc-10-stats-2022.xlsx,2026-09-07
8431200000,Parts for fork-lift trucks or trucks fitted with lifting or handling equipment,8524129000,"Flat panel disp module,OLED,w out driv/cntl crt,w/n incorp touch-sens screen,nes",False,different chapter,many to many,conc-10-stats-2022.xlsx,2026-09-07
8431310010,Parts of lifts,8524129000,"Flat panel disp module,OLED,w out driv/cntl crt,w/n incorp touch-sens screen,nes",False,different chapter,many to many,conc-10-stats-2022.xlsx,2026-09-07
8431310020,Parts of skip hoists,8524129000,"Flat panel disp module,OLED,w out driv/cntl crt,w/n incorp touch-sens screen,nes",False,different chapter,many to many,conc-10-stats-2022.xlsx,2026-09-07
8431310030,Parts of escalators,8524129000,"Flat panel disp module,OLED,w out driv/cntl crt,w/n incorp touch-sens screen,nes",False,different chapter,many to many,conc-10-stats-2022.xlsx,2026-09-07
8431390010,Parts of pneumatic or other continuous-action elevators and conveyors,8524129000,"Flat panel disp module,OLED,w out driv/cntl crt,w/n incorp touch-sens screen,nes",False,different chapter,many to many,conc-10-stats-2022.xlsx,2026-09-07
8431390020,Parts of self-propelled crawler mounted pipelayers,8524129000,"Flat panel disp module,OLED,w out driv/cntl crt,w/n incorp touch-sens screen,nes",False,different chapter,many to many,conc-10-stats-2022.xlsx,2026-09-07
8431390090,"Parts of other lifting/handling/loading/unloading machinery, nes",8524129000,"Flat panel disp module,OLED,w out driv/cntl crt,w/n incorp touch-sens screen,nes",False,different chapter,many to many,conc-10-stats-2022.xlsx,2026-09-07
8431430020,"Parts for oil and gas field, boring or sinking machinery",8524129000,"Flat panel disp module,OLED,w out driv/cntl crt,w/n incorp touch-sens screen,nes",False,different chapter,many to many,conc-10-stats-2022.xlsx,2026-09-07
8431430090,"Parts, for other boring and sinking machinery, nes",8524129000,"Flat panel disp module,OLED,w out driv/cntl crt,w/n incorp touch-sens screen,nes",False,different chapter,many to many,conc-10-stats-2022.xlsx,2026-09-07
8431490012,"Parts of mobile lifting frames,straddle carriers & work trucks fitted w a crane",8524129000,"Flat panel disp module,OLED,w out driv/cntl crt,w/n incorp touch-sens screen,nes",False,different chapter,many to many,conc-10-stats-2022.xlsx,2026-09-07
8431490019,"Parts of derricks or cranes, nes",8524129000,"Flat panel disp module,OLED,w out driv/cntl crt,w/n incorp touch-sens screen,nes",False,different chapter,many to many,conc-10-stats-2022.xlsx,2026-09-07
8431490091,Parts of coal or rock cutters & tunneling machinery,8524129000,"Flat panel disp module,OLED,w out driv/cntl crt,w/n incorp touch-sens screen,nes",False,different chapter,many to many,conc-10-stats-2022.xlsx,2026-09-07
8431490099,"Parts,of cranes,work-trucks,shovels & o const machinery,of No 84.29/84.30,nes",8524129000,"Flat panel disp module,OLED,w out driv/cntl crt,w/n incorp touch-sens screen,nes",False,different chapter,many to many,conc-10-stats-2022.xlsx,2026-09-07
8443990090,"Other parts and accessories of printing machinery, nes",8524129000,"Flat panel disp module,OLED,w out driv/cntl crt,w/n incorp touch-sens screen,nes",False,different chapter,many to many,conc-10-stats-2022.xlsx,2026-09-07
8473210000,"Parts & accessories,of electronic calculating mach of No 8470.10/8470.21/8470.29",8524129000,"Flat panel disp module,OLED,w out driv/cntl crt,w/n incorp touch-sens screen,nes",False,different chapter,many to many,conc-10-stats-2022.xlsx,2026-09-07
8473290000,"Parts and accessories, of calculating and accounting machines of No 84.70, nes",8524129000,"Flat panel disp module,OLED,w out driv/cntl crt,w/n incorp touch-sens screen,nes",False,different chapter,many to many,conc-10-stats-2022.xlsx,2026-09-07
8473302000,Printed circuit assemblies of the machines of heading 84.71,8524129000,"Flat panel disp module,OLED,w out driv/cntl crt,w/n incorp touch-sens screen,nes",False,different chapter,many to many,conc-10-stats-2022.xlsx,2026-09-07
8473303000,"Parts & accessories, of printed circuit assemblies, for machines of No 84.71",8524129000,"Flat panel disp module,OLED,w out driv/cntl crt,w/n incorp touch-sens screen,nes",False,different chapter,many to many,conc-10-stats-2022.xlsx,2026-09-07
8473309000,"Pts & access f: adpm,units t/o,magnt/opt readers,mach f transcr/process data,nes",8524129000,"Flat panel disp module,OLED,w out driv/cntl crt,w/n incorp touch-sens screen,nes",False,different chapter,many to many,conc-10-stats-2022.xlsx,2026-09-07
8473400000,"Parts and accessories, of office machines of No 84.72",8524129000,"Flat panel disp module,OLED,w out driv/cntl crt,w/n incorp touch-sens screen,nes",False,different chapter,many to many,conc-10-stats-2022.xlsx,2026-09-07
8473501000,"Printed crt asy,equally suit for use w mach of two or more Nos 84.70 to 84.72",8524129000,"Flat panel disp module,OLED,w out driv/cntl crt,w/n incorp touch-sens screen,nes",False,different chapter,many to many,conc-10-stats-2022.xlsx,2026-09-07
8473502000,"Pts & access,of printed circuit asy,f use w mach of two/more Nos 84.70 to 84.72",8524129000,"Flat panel disp module,OLED,w out driv/cntl crt,w/n incorp touch-sens screen,nes",False,different chapter,many to many,conc-10-stats-2022.xlsx,2026-09-07
8473509000,"Printed crt asy,equally suit for use w mach of two/more Nos 84.70 to 84.72,nda",8524129000,"Flat panel disp module,OLED,w out driv/cntl crt,w/n incorp touch-sens screen,nes",False,different chapter,many to many,conc-10-stats-2022.xlsx,2026-09-07
8476900000,"Parts, of automatic goods-vending machine",8524129000,"Flat panel disp module,OLED,w out driv/cntl crt,w/n incorp touch-sens screen,nes",False,different chapter,many to many,conc-10-stats-2022.xlsx,2026-09-07
8486900000,"Parts & accessories,of machines & apparatus specified in Note 9 (C) to Chapter",8524129000,"Flat panel disp module,OLED,w out driv/cntl crt,w/n incorp touch-sens screen,nes",False,different chapter,many to many,conc-10-stats-2022.xlsx,2026-09-07
8504901000,Printed circuit assemblies for static converters or other inductors,8524129000,"Flat panel disp module,OLED,w out driv/cntl crt,w/n incorp touch-sens screen,nes",False,same chapter,many to many,conc-10-stats-2022.xlsx,2026-09-07
8504909081,Parts of electric transformers having a power handling capacity < 500 kVA,8524129000,"Flat panel disp module,OLED,w out driv/cntl crt,w/n incorp touch-sens screen,nes",False,same chapter,many to many,conc-10-stats-2022.xlsx,2026-09-07
8504909082,Parts of electric transformers having a power handling capacity >= 500 kVA,8524129000,"Flat panel disp module,OLED,w out driv/cntl crt,w/n incorp touch-sens screen,nes",False,same chapter,many to many,conc-10-stats-2022.xlsx,2026-09-07
8504909090,"Parts, of electrical transformers, static converters and inductors, nes",8524129000,"Flat panel disp module,OLED,w out driv/cntl crt,w/n incorp touch-sens screen,nes",False,same chapter,many to many,conc-10-stats-2022.xlsx,2026-09-07
8509902000,"Parts,f manufacture of goods of No 85.09 & goods of No 8509.40.90 or 8509.80.90",8524129000,"Flat panel disp module,OLED,w out driv/cntl crt,w/n incorp touch-sens screen,nes",False,same chapter,many to many,conc-10-stats-2022.xlsx,2026-09-07
8516904000,Printed circuit assemblies for domestic microwave ovens,8524129000,"Flat panel disp module,OLED,w out driv/cntl crt,w/n incorp touch-sens screen,nes",False,same chapter,many to many,conc-10-stats-2022.xlsx,2026-09-07
8516906000,"Top surface panels,w/n with htg elements or controls, for ovens or cookers, dom",8524129000,"Flat panel disp module,OLED,w out driv/cntl crt,w/n incorp touch-sens screen,nes",False,same chapter,many to many,conc-10-stats-2022.xlsx,2026-09-07
8516909070,Parts for ovens or cookers,8524129000,"Flat panel disp module,OLED,w out driv/cntl crt,w/n incorp touch-sens screen,nes",False,same chapter,many to many,conc-10-stats-2022.xlsx,2026-09-07
8516909090,"Pts,of elec insta/strg wat & imm heat,elec htg app,electro-thermic appl dom,nes",8524129000,"Flat panel disp module,OLED,w out driv/cntl crt,w/n incorp touch-sens screen,nes",False,same chapter,many to many,conc-10-stats-2022.xlsx,2026-09-07
8517700000,"Pts,of tel sets & app f trans/recep vce/img/data,o/t Nos 84.43/85.25/85.27/85.28",8524129000,"Flat panel disp module,OLED,w out driv/cntl crt,w/n incorp touch-sens screen,nes",False,same chapter,many to many,conc-10-stats-2022.xlsx,2026-09-07
8522901000,Printed circuit assemblies for apparatus of headings 85.19 to 85.21,8524129000,"Flat panel disp module,OLED,w out driv/cntl crt,w/n incorp touch-sens screen,nes",False,same chapter,many to many,conc-10-stats-2022.xlsx,2026-09-07
8522909000,"Parts and accessories, for sound/video recording/reproducing apparatus, nes",8524129000,"Flat panel disp module,OLED,w out driv/cntl crt,w/n incorp touch-sens screen,nes",False,same chapter,many to many,conc-10-stats-2022.xlsx,2026-09-07
8529901000,Parts for printed circuit assemblies,8524129000,"Flat panel disp module,OLED,w out driv/cntl crt,w/n incorp touch-sens screen,nes",False,same chapter,many to many,conc-10-stats-2022.xlsx,2026-09-07
8529903100,"Combinations of parts of tv receivers, video process & ampli syst, tuners, etc",8524129000,"Flat panel disp module,OLED,w out driv/cntl crt,w/n incorp touch-sens screen,nes",False,same chapter,many to many,conc-10-stats-2022.xlsx,2026-09-07
8529903900,"Parts of of tv receivers,video process & ampli syst, tuners, tuner cntl,etc, nes",8524129000,"Flat panel disp module,OLED,w out driv/cntl crt,w/n incorp touch-sens screen,nes",False,same chapter,many to many,conc-10-stats-2022.xlsx,2026-09-07
8529905000,"Parts, including face plates and lock latches, for printed circuit assemblies",8524129000,"Flat panel disp module,OLED,w out driv/cntl crt,w/n incorp touch-sens screen,nes",False,same chapter,many to many,conc-10-stats-2022.xlsx,2026-09-07
8529906000,"Parts of goods of heading 85.25 or 85.27, o/t parts of cellular telephones, nes",8524129000,"Flat panel disp module,OLED,w out driv/cntl crt,w/n incorp touch-sens screen,nes",False,same chapter,many to many,conc-10-stats-2022.xlsx,2026-09-07
8529909000,"Parts for apparatus of headings 85.25 to 85.28, nes",8524129000,"Flat panel disp module,OLED,w out driv/cntl crt,w/n incorp touch-sens screen,nes",False,same chapter,many to many,conc-10-stats-2022.xlsx,2026-09-07
8543900000,"Parts,of electrical machines & app,having individual functions,nes in Chapter 85",8524129000,"Flat panel disp module,OLED,w out driv/cntl crt,w/n incorp touch-sens screen,nes",False,same chapter,many to many,conc-10-stats-2022.xlsx,2026-09-07
8708299100,"P&a of bodies,for veterinary units & mfr fire fighting vehicles,pts for tractors",8524129000,"Flat panel disp module,OLED,w out driv/cntl crt,w/n incorp touch-sens screen,nes",False,different chapter,many to many,conc-10-stats-2022.xlsx,2026-09-07
8708999100,"Pts,f trac No 87.01,o/t road/etc & afmket gas tanks;p&a vet & fire fight veh,nes",8524129000,"Flat panel disp module,OLED,w out driv/cntl crt,w/n incorp touch-sens screen,nes",False,different chapter,many to many,conc-10-stats-2022.xlsx,2026-09-07
8714100000,"Motorcycle parts, including mopeds, nes",8524129000,"Flat panel disp module,OLED,w out driv/cntl crt,w/n incorp touch-sens screen,nes",False,different chapter,many to many,conc-10-stats-2022.xlsx,2026-09-07
8714200000,"Parts of carriages for disabled persons, nes",8524129000,"Flat panel disp module,OLED,w out driv/cntl crt,w/n incorp touch-sens screen,nes",False,different chapter,many to many,conc-10-stats-2022.xlsx,2026-09-07
8714999000,"Parts and accessories, of bicycles, other cycles or side-cars, nes",8524129000,"Flat panel disp module,OLED,w out driv/cntl crt,w/n incorp touch-sens screen,nes",False,different chapter,many to many,conc-10-stats-2022.xlsx,2026-09-07
8803300000,"Parts of airplanes or helicopters, nes",8524129000,"Flat panel disp module,OLED,w out driv/cntl crt,w/n incorp touch-sens screen,nes",False,different chapter,many to many,conc-10-stats-2022.xlsx,2026-09-07
8803900000,"Parts of balloons, dirigibles, gliders, spacecraft, satellites, etc, nes",8524129000,"Flat panel disp module,OLED,w out driv/cntl crt,w/n incorp touch-sens screen,nes",False,different chapter,many to many,conc-10-stats-2022.xlsx,2026-09-07
9015900000,"P&a,f surveying/hydrographic/ocean/hydrol/meteo/geoph inst & appl & rangefinders",8524129000,"Flat panel disp module,OLED,w out driv/cntl crt,w/n incorp touch-sens screen,nes",False,different chapter,many to many,conc-10-stats-2022.xlsx,2026-09-07
9017900000,Parts and accessories for use with the apparatus of No 90.17,8524129000,"Flat panel disp module,OLED,w out driv/cntl crt,w/n incorp touch-sens screen,nes",False,different chapter,many to many,conc-10-stats-2022.xlsx,2026-09-07
9018119100,Printed circuit assemblies for electro-cardiographs,8524129000,"Flat panel disp module,OLED,w out driv/cntl crt,w/n incorp touch-sens screen,nes",False,different chapter,many to many,conc-10-stats-2022.xlsx,2026-09-07
9018119900,"Parts and accessories for electro-cardiographs, nes",8524129000,"Flat panel disp module,OLED,w out driv/cntl crt,w/n incorp touch-sens screen,nes",False,different chapter,many to many,conc-10-stats-2022.xlsx,2026-09-07
9018120000,Electro-diagnostic ultrasonic scanning apparatus,8524129000,"Flat panel disp module,OLED,w out driv/cntl crt,w/n incorp touch-sens screen,nes",False,different chapter,many to many,conc-10-stats-2022.xlsx,2026-09-07
9018130000,Electro-diagnostic magnetic resonance imaging apparatus,8524129000,"Flat panel disp module,OLED,w out driv/cntl crt,w/n incorp touch-sens screen,nes",False,different chapter,many to many,conc-10-stats-2022.xlsx,2026-09-07
9018140000,Electro-diagnostic scinitigraphic apparatus,8524129000,"Flat panel disp module,OLED,w out driv/cntl crt,w/n incorp touch-sens screen,nes",False,different chapter,many to many,conc-10-stats-2022.xlsx,2026-09-07
9018191010,"Patient monitoring sys cmplt,incorp func such as monitor temp,blood pres & pulse",8524129000,"Flat panel disp module,OLED,w out driv/cntl crt,w/n incorp touch-sens screen,nes",False,different chapter,many to many,conc-10-stats-2022.xlsx,2026-09-07
9018191090,"Patient monitoring systems, o/t complete, nes",8524129000,"Flat panel disp module,OLED,w out driv/cntl crt,w/n incorp touch-sens screen,nes",False,different chapter,many to many,conc-10-stats-2022.xlsx,2026-09-07
9018199010,"Apparatus for functional exploratory examination, parts and accessories thereof",8524129000,"Flat panel disp module,OLED,w out driv/cntl crt,w/n incorp touch-sens screen,nes",False,different chapter,many to many,conc-10-stats-2022.xlsx,2026-09-07
9018199090,"Electro-diagnostic apparatus, nes",8524129000,"Flat panel disp module,OLED,w out driv/cntl crt,w/n incorp touch-sens screen,nes",False,different chapter,many to many,conc-10-stats-2022.xlsx,2026-09-07
9018200000,Ultra-violet or infra red ray apparatus,8524129000,"Flat panel disp module,OLED,w out driv/cntl crt,w/n incorp touch-sens screen,nes",False,different chapter,many to many,conc-10-stats-2022.xlsx,2026-09-07
9018410000,Dental drill engines,8524129000,"Flat panel disp module,OLED,w out driv/cntl crt,w/n incorp touch-sens screen,nes",False,different chapter,many to many,conc-10-stats-2022.xlsx,2026-09-07
9018490000,"Instruments and appliances, used in dental science, nes",8524129000,"Flat panel disp module,OLED,w out driv/cntl crt,w/n incorp touch-sens screen,nes",False,different chapter,many to many,conc-10-stats-2022.xlsx,2026-09-07
9018500000,"Ophthalmic instruments and appliances, nes",8524129000,"Flat panel disp module,OLED,w out driv/cntl crt,w/n incorp touch-sens screen,nes",False,different chapter,many to many,conc-10-stats-2022.xlsx,2026-09-07
9018901000,Defibrillators,8524129000,"Flat panel disp module,OLED,w out driv/cntl crt,w/n incorp touch-sens screen,nes",False,different chapter,many to many,conc-10-stats-2022.xlsx,2026-09-07
9018902000,Printed circuit assemblies for defibrillators,8524129000,"Flat panel disp module,OLED,w out driv/cntl crt,w/n incorp touch-sens screen,nes",False,different chapter,many to many,conc-10-stats-2022.xlsx,2026-09-07
9018909083,Parts and accessories for electro-surgical instruments and appliances,8524129000,"Flat panel disp module,OLED,w out driv/cntl crt,w/n incorp touch-sens screen,nes",False,different chapter,many to many,conc-10-stats-2022.xlsx,2026-09-07
9018909084,Parts and accessories or dialysis instruments and appliances,8524129000,"Flat panel disp module,OLED,w out driv/cntl crt,w/n incorp touch-sens screen,nes",False,different chapter,many to many,conc-10-stats-2022.xlsx,2026-09-07
9018909085,Parts and accessories for other electro-medical instruments and appliances,8524129000,"Flat panel disp module,OLED,w out driv/cntl crt,w/n incorp touch-sens screen,nes",False,different chapter,many to many,conc-10-stats-2022.xlsx,2026-09-07
9018909089,"Parts & accessories,of instruments & appl for medical/surgical/vet sciences,nes",8524129000,"Flat panel disp module,OLED,w out driv/cntl crt,w/n incorp touch-sens screen,nes",False,different chapter,many to many,conc-10-stats-2022.xlsx,2026-09-07
9019100010,Mechano-therapy appl; pwr-op message appl; psychological aptitude-testing app,8524129000,"Flat panel disp module,OLED,w out driv/cntl crt,w/n incorp touch-sens screen,nes",False,different chapter,many to many,conc-10-stats-2022.xlsx,2026-09-07
9019100020,"Massage apparatus, manually operated",8524129000,"Flat panel disp module,OLED,w out driv/cntl crt,w/n incorp touch-sens screen,nes",False,different chapter,many to many,conc-10-stats-2022.xlsx,2026-09-07
9019200000,"Ozone, oxygen or aerosol therapy, artifical resptn/other therapeutic resptn app",8524129000,"Flat panel disp module,OLED,w out driv/cntl crt,w/n incorp touch-sens screen,nes",False,different chapter,many to many,conc-10-stats-2022.xlsx,2026-09-07
9022901000,"Radiation generator units, including parts and accessories",8524129000,"Flat panel disp module,OLED,w out driv/cntl crt,w/n incorp touch-sens screen,nes",False,different chapter,many to many,conc-10-stats-2022.xlsx,2026-09-07
9022902000,"Radiation beam delivery units, including parts and accessories",8524129000,"Flat panel disp module,OLED,w out driv/cntl crt,w/n incorp touch-sens screen,nes",False,different chapter,many to many,conc-10-stats-2022.xlsx,2026-09-07
9022909000,"Parts and accessories, for apparatus based on alpha/beta/gamma radiation,etc,nes",8524129000,"Flat panel disp module,OLED,w out driv/cntl crt,w/n incorp touch-sens screen,nes",False,different chapter,many to many,conc-10-stats-2022.xlsx,2026-09-07
9025900000,"Pts & access,f hydrometers,sim floating inst,thermo,pyrometers,baro,hygro,psychr",8524129000,"Flat panel disp module,OLED,w out driv/cntl crt,w/n incorp touch-sens screen,nes",False,different chapter,many to many,conc-10-stats-2022.xlsx,2026-09-07
9029900000,"P&a,of revol/prod counters,taximeters,pedometers,tachometers,stroboscopes,etc",8524129000,"Flat panel disp module,OLED,w out driv/cntl crt,w/n incorp touch-sens screen,nes",False,different chapter,many to many,conc-10-stats-2022.xlsx,2026-09-07
9030900000,"P&a,for oscillos,spectrum analyzers,instr f meas/chk elec qty or meas/detect rad",8524129000,"Flat panel disp module,OLED,w out driv/cntl crt,w/n incorp touch-sens screen,nes",False,different chapter,many to many,conc-10-stats-2022.xlsx,2026-09-07
9032900000,"Parts & accessories,for automatic regulating/controlling instruments & apparatus",8524129000,"Flat panel disp module,OLED,w out driv/cntl crt,w/n incorp touch-sens screen,nes",False,different chapter,many to many,conc-10-stats-2022.xlsx,2026-09-07
9033000000,"Parts & accessories,f mach/appliances/instruments/apparatus of Chapter 90, nes",8524129000,"Flat panel disp module,OLED,w out driv/cntl crt,w/n incorp touch-sens screen,nes",False,different chapter,many to many,conc-10-stats-2022.xlsx,2026-09-07
9114900000,"Clock or watch parts, nes",8524129000,"Flat panel disp module,OLED,w out driv/cntl crt,w/n incorp touch-sens screen,nes",False,different chapter,many to many,conc-10-stats-2022.xlsx,2026-09-07
9504300080,"P&a,f games,op coins/banknotes/bank cards/tokens/o,o/t billards/auto bowl equip",8524129000,"Flat panel disp module,OLED,w out driv/cntl crt,w/n incorp touch-sens screen,nes",False,different chapter,many to many,conc-10-stats-2022.xlsx,2026-09-07
9504500080,"Parts & accessories, of video game consoles & machines, o/t those of No 9504.30",8524129000,"Flat panel disp module,OLED,w out driv/cntl crt,w/n incorp touch-sens screen,nes",False,different chapter,many to many,conc-10-stats-2022.xlsx,2026-09-07
9504900090,"Games, operated by coins/banknotes/bank cards/tokens/other means of payment, nes",8524129000,"Flat panel disp module,OLED,w out driv/cntl crt,w/n incorp touch-sens screen,nes",False,different chapter,many to many,conc-10-stats-2022.xlsx,2026-09-07
9506910010,Exercise bicycle,8524129000,"Flat panel disp module,OLED,w out driv/cntl crt,w/n incorp touch-sens screen,nes",False,different chapter,many to many,conc-10-stats-2022.xlsx,2026-09-07
9506910090,"Articles & equipment for general physical exercise, gymnastics or athletics, nes",8524129000,"Flat panel disp module,OLED,w out driv/cntl crt,w/n incorp touch-sens screen,nes",False,different chapter,many to many,conc-10-stats-2022.xlsx,2026-09-07
8708299990,"Parts and accessories,of bodies,for the motor vehicles of Nos 87.01 to 87.05,nes",8524191000,"Flat panel display modules,w out drivers/control crt,f auto Nos 87.01-87.05, nes",False,different chapter,many to many,conc-10-stats-2022.xlsx,2026-09-07
8708999919,"Parts & accessories,for motor vehicles for the transport of persons of No 87.03",8524191000,"Flat panel display modules,w out drivers/control crt,f auto Nos 87.01-87.05, nes",False,different chapter,many to many,conc-10-stats-2022.xlsx,2026-09-07
8708999999,"Parts and accessories, for the motor vehicles of Nos 87.01 to 87.05, nes",8524191000,"Flat panel display modules,w out drivers/control crt,f auto Nos 87.01-87.05, nes",False,different chapter,many to many,conc-10-stats-2022.xlsx,2026-09-07
8509909000,Parts of grape crushers or ultrasonic vaporizers for domestic purposes,8524192000,"Replacement parts,o/t used in goods of tariff item Nos 8509.40.90/8509.80.90,nes",False,same chapter,split,conc-10-stats-2022.xlsx,2026-09-07
8415903000,"Chassis, chassis bases or outer cabinets, for air conditioning machines",8524199000,"Flat panel display modules,w out driv/cntl crt,w/n incorp touch-sens screens,nes",False,different chapter,many to many,conc-10-stats-2022.xlsx,2026-09-07
8419900010,"Parts, of machinery and plant, for making paper pulp, paper or paperboard",8524199000,"Flat panel display modules,w out driv/cntl crt,w/n incorp touch-sens screens,nes",False,different chapter,many to many,conc-10-stats-2022.xlsx,2026-09-07
8419900020,"Parts, of apparatus, of a type used in restaurants, hotels or similar locations",8524199000,"Flat panel display modules,w out driv/cntl crt,w/n incorp touch-sens screens,nes",False,different chapter,many to many,conc-10-stats-2022.xlsx,2026-09-07
8419900030,"Parts, of medical, surgical or laboratory sterilizers",8524199000,"Flat panel display modules,w out driv/cntl crt,w/n incorp touch-sens screens,nes",False,different chapter,many to many,conc-10-stats-2022.xlsx,2026-09-07
8419900090,"Pts,mchy/plant/lab equip,f treat by chang temp & insta/strg wat heat,n-elec,nes",8524199000,"Flat panel display modules,w out driv/cntl crt,w/n incorp touch-sens screens,nes",False,different chapter,many to many,conc-10-stats-2022.xlsx,2026-09-07
8423900000,Weighing machine weights of all kinds; parts of weighing machinery,8524199000,"Flat panel display modules,w out driv/cntl crt,w/n incorp touch-sens screens,nes",False,different chapter,many to many,conc-10-stats-2022.xlsx,2026-09-07
8431100090,"Parts, of pulley tackle & hoists o/t skip hoists, winches & capstans, jacks, nes",8524199000,"Flat panel display modules,w out driv/cntl crt,w/n incorp touch-sens screens,nes",False,different chapter,many to many,conc-10-stats-2022.xlsx,2026-09-07
8431200000,Parts for fork-lift trucks or trucks fitted with lifting or handling equipment,8524199000,"Flat panel display modules,w out driv/cntl crt,w/n incorp touch-sens screens,nes",False,different chapter,many to many,conc-10-stats-2022.xlsx,2026-09-07
8431310010,Parts of lifts,8524199000,"Flat panel display modules,w out driv/cntl crt,w/n incorp touch-sens screens,nes",False,different chapter,many to many,conc-10-stats-2022.xlsx,2026-09-07
8431310020,Parts of skip hoists,8524199000,"Flat panel display modules,w out driv/cntl crt,w/n incorp touch-sens screens,nes",False,different chapter,many to many,conc-10-stats-2022.xlsx,2026-09-07
8431310030,Parts of escalators,8524199000,"Flat panel display modules,w out driv/cntl crt,w/n incorp touch-sens screens,nes",False,different chapter,many to many,conc-10-stats-2022.xlsx,2026-09-07
8431390010,Parts of pneumatic or other continuous-action elevators and conveyors,8524199000,"Flat panel display modules,w out driv/cntl crt,w/n incorp touch-sens screens,nes",False,different chapter,many to many,conc-10-stats-2022.xlsx,2026-09-07
8431390020,Parts of self-propelled crawler mounted pipelayers,8524199000,"Flat panel display modules,w out driv/cntl crt,w/n incorp touch-sens screens,nes",False,different chapter,many to many,conc-10-stats-2022.xlsx,2026-09-07
8431390090,"Parts of other lifting/handling/loading/unloading machinery, nes",8524199000,"Flat panel display modules,w out driv/cntl crt,w/n incorp touch-sens screens,nes",False,different chapter,many to many,conc-10-stats-2022.xlsx,2026-09-07
8431430020,"Parts for oil and gas field, boring or sinking machinery",8524199000,"Flat panel display modules,w out driv/cntl crt,w/n incorp touch-sens screens,nes",False,different chapter,many to many,conc-10-stats-2022.xlsx,2026-09-07
8431430090,"Parts, for other boring and sinking machinery, nes",8524199000,"Flat panel display modules,w out driv/cntl crt,w/n incorp touch-sens screens,nes",False,different chapter,many to many,conc-10-stats-2022.xlsx,2026-09-07
8431490012,"Parts of mobile lifting frames,straddle carriers & work trucks fitted w a crane",8524199000,"Flat panel display modules,w out driv/cntl crt,w/n incorp touch-sens screens,nes",False,different chapter,many to many,conc-10-stats-2022.xlsx,2026-09-07
8431490019,"Parts of derricks or cranes, nes",8524199000,"Flat panel display modules,w out driv/cntl crt,w/n incorp touch-sens screens,nes",False,different chapter,many to many,conc-10-stats-2022.xlsx,2026-09-07
8431490091,Parts of coal or rock cutters & tunneling machinery,8524199000,"Flat panel display modules,w out driv/cntl crt,w/n incorp touch-sens screens,nes",False,different chapter,many to many,conc-10-stats-2022.xlsx,2026-09-07
8431490099,"Parts,of cranes,work-trucks,shovels & o const machinery,of No 84.29/84.30,nes",8524199000,"Flat panel display modules,w out driv/cntl crt,w/n incorp touch-sens screens,nes",False,different chapter,many to many,conc-10-stats-2022.xlsx,2026-09-07
8443990090,"Other parts and accessories of printing machinery, nes",8524199000,"Flat panel display modules,w out driv/cntl crt,w/n incorp touch-sens screens,nes",False,different chapter,many to many,conc-10-stats-2022.xlsx,2026-09-07
8473210000,"Parts & accessories,of electronic calculating mach of No 8470.10/8470.21/8470.29",8524199000,"Flat panel display modules,w out driv/cntl crt,w/n incorp touch-sens screens,nes",False,different chapter,many to many,conc-10-stats-2022.xlsx,2026-09-07
8473290000,"Parts and accessories, of calculating and accounting machines of No 84.70, nes",8524199000,"Flat panel display modules,w out driv/cntl crt,w/n incorp touch-sens screens,nes",False,different chapter,many to many,conc-10-stats-2022.xlsx,2026-09-07
8473302000,Printed circuit assemblies of the machines of heading 84.71,8524199000,"Flat panel display modules,w out driv/cntl crt,w/n incorp touch-sens screens,nes",False,different chapter,many to many,conc-10-stats-2022.xlsx,2026-09-07
8473303000,"Parts & accessories, of printed circuit assemblies, for machines of No 84.71",8524199000,"Flat panel display modules,w out driv/cntl crt,w/n incorp touch-sens screens,nes",False,different chapter,many to many,conc-10-stats-2022.xlsx,2026-09-07
8473309000,"Pts & access f: adpm,units t/o,magnt/opt readers,mach f transcr/process data,nes",8524199000,"Flat panel display modules,w out driv/cntl crt,w/n incorp touch-sens screens,nes",False,different chapter,many to many,conc-10-stats-2022.xlsx,2026-09-07
8473400000,"Parts and accessories, of office machines of No 84.72",8524199000,"Flat panel display modules,w out driv/cntl crt,w/n incorp touch-sens screens,nes",False,different chapter,many to many,conc-10-stats-2022.xlsx,2026-09-07
8473501000,"Printed crt asy,equally suit for use w mach of two or more Nos 84.70 to 84.72",8524199000,"Flat panel display modules,w out driv/cntl crt,w/n incorp touch-sens screens,nes",False,different chapter,many to many,conc-10-stats-2022.xlsx,2026-09-07
8473502000,"Pts & access,of printed circuit asy,f use w mach of two/more Nos 84.70 to 84.72",8524199000,"Flat panel display modules,w out driv/cntl crt,w/n incorp touch-sens screens,nes",False,different chapter,many to many,conc-10-stats-2022.xlsx,2026-09-07
8473509000,"Printed crt asy,equally suit for use w mach of two/more Nos 84.70 to 84.72,nda",8524199000,"Flat panel display modules,w out driv/cntl crt,w/n incorp touch-sens screens,nes",False,different chapter,many to many,conc-10-stats-2022.xlsx,2026-09-07
8476900000,"Parts, of automatic goods-vending machine",8524199000,"Flat panel display modules,w out driv/cntl crt,w/n incorp touch-sens screens,nes",False,different chapter,many to many,conc-10-stats-2022.xlsx,2026-09-07
8486900000,"Parts & accessories,of machines & apparatus specified in Note 9 (C) to Chapter",8524199000,"Flat panel display modules,w out driv/cntl crt,w/n incorp touch-sens screens,nes",False,different chapter,many to many,conc-10-stats-2022.xlsx,2026-09-07
8504901000,Printed circuit assemblies for static converters or other inductors,8524199000,"Flat panel display modules,w out driv/cntl crt,w/n incorp touch-sens screens,nes",False,same chapter,many to many,conc-10-stats-2022.xlsx,2026-09-07
8504909081,Parts of electric transformers having a power handling capacity < 500 kVA,8524199000,"Flat panel display modules,w out driv/cntl crt,w/n incorp touch-sens screens,nes",False,same chapter,many to many,conc-10-stats-2022.xlsx,2026-09-07
8504909082,Parts of electric transformers having a power handling capacity >= 500 kVA,8524199000,"Flat panel display modules,w out driv/cntl crt,w/n incorp touch-sens screens,nes",False,same chapter,many to many,conc-10-stats-2022.xlsx,2026-09-07
8504909090,"Parts, of electrical transformers, static converters and inductors, nes",8524199000,"Flat panel display modules,w out driv/cntl crt,w/n incorp touch-sens screens,nes",False,same chapter,many to many,conc-10-stats-2022.xlsx,2026-09-07
8509902000,"Parts,f manufacture of goods of No 85.09 & goods of No 8509.40.90 or 8509.80.90",8524199000,"Flat panel display modules,w out driv/cntl crt,w/n incorp touch-sens screens,nes",False,same chapter,many to many,conc-10-stats-2022.xlsx,2026-09-07
8516904000,Printed circuit assemblies for domestic microwave ovens,8524199000,"Flat panel display modules,w out driv/cntl crt,w/n incorp touch-sens screens,nes",False,same chapter,many to many,conc-10-stats-2022.xlsx,2026-09-07
8516906000,"Top surface panels,w/n with htg elements or controls, for ovens or cookers, dom",8524199000,"Flat panel display modules,w out driv/cntl crt,w/n incorp touch-sens screens,nes",False,same chapter,many to many,conc-10-stats-2022.xlsx,2026-09-07
8516909070,Parts for ovens or cookers,8524199000,"Flat panel display modules,w out driv/cntl crt,w/n incorp touch-sens screens,nes",False,same chapter,many to many,conc-10-stats-2022.xlsx,2026-09-07
8516909090,"Pts,of elec insta/strg wat & imm heat,elec htg app,electro-thermic appl dom,nes",8524199000,"Flat panel display modules,w out driv/cntl crt,w/n incorp touch-sens screens,nes",False,same chapter,many to many,conc-10-stats-2022.xlsx,2026-09-07
8517700000,"Pts,of tel sets & app f trans/recep vce/img/data,o/t Nos 84.43/85.25/85.27/85.28",8524199000,"Flat panel display modules,w out driv/cntl crt,w/n incorp touch-sens screens,nes",False,same chapter,many to many,conc-10-stats-2022.xlsx,2026-09-07
8522901000,Printed circuit assemblies for apparatus of headings 85.19 to 85.21,8524199000,"Flat panel display modules,w out driv/cntl crt,w/n incorp touch-sens screens,nes",False,same chapter,many to many,conc-10-stats-2022.xlsx,2026-09-07
8522909000,"Parts and accessories, for sound/video recording/reproducing apparatus, nes",8524199000,"Flat panel display modules,w out driv/cntl crt,w/n incorp touch-sens screens,nes",False,same chapter,many to many,conc-10-stats-2022.xlsx,2026-09-07
8529901000,Parts for printed circuit assemblies,8524199000,"Flat panel display modules,w out driv/cntl crt,w/n incorp touch-sens screens,nes",False,same chapter,many to many,conc-10-stats-2022.xlsx,2026-09-07
8529903100,"Combinations of parts of tv receivers, video process & ampli syst, tuners, etc",8524199000,"Flat panel display modules,w out driv/cntl crt,w/n incorp touch-sens screens,nes",False,same chapter,many to many,conc-10-stats-2022.xlsx,2026-09-07
8529903900,"Parts of of tv receivers,video process & ampli syst, tuners, tuner cntl,etc, nes",8524199000,"Flat panel display modules,w out driv/cntl crt,w/n incorp touch-sens screens,nes",False,same chapter,many to many,conc-10-stats-2022.xlsx,2026-09-07
8529905000,"Parts, including face plates and lock latches, for printed circuit assemblies",8524199000,"Flat panel display modules,w out driv/cntl crt,w/n incorp touch-sens screens,nes",False,same chapter,many to many,conc-10-stats-2022.xlsx,2026-09-07
8529906000,"Parts of goods of heading 85.25 or 85.27, o/t parts of cellular telephones, nes",8524199000,"Flat panel display modules,w out driv/cntl crt,w/n incorp touch-sens screens,nes",False,same chapter,many to many,conc-10-stats-2022.xlsx,2026-09-07
8529909000,"Parts for apparatus of headings 85.25 to 85.28, nes",8524199000,"Flat panel display modules,w out driv/cntl crt,w/n incorp touch-sens screens,nes",False,same chapter,many to many,conc-10-stats-2022.xlsx,2026-09-07
8543900000,"Parts,of electrical machines & app,having individual functions,nes in Chapter 85",8524199000,"Flat panel display modules,w out driv/cntl crt,w/n incorp touch-sens screens,nes",False,same chapter,many to many,conc-10-stats-2022.xlsx,2026-09-07
8708299100,"P&a of bodies,for veterinary units & mfr fire fighting vehicles,pts for tractors",8524199000,"Flat panel display modules,w out driv/cntl crt,w/n incorp touch-sens screens,nes",False,different chapter,many to many,conc-10-stats-2022.xlsx,2026-09-07
8708999100,"Pts,f trac No 87.01,o/t road/etc & afmket gas tanks;p&a vet & fire fight veh,nes",8524199000,"Flat panel display modules,w out driv/cntl crt,w/n incorp touch-sens screens,nes",False,different chapter,many to many,conc-10-stats-2022.xlsx,2026-09-07
8714100000,"Motorcycle parts, including mopeds, nes",8524199000,"Flat panel display modules,w out driv/cntl crt,w/n incorp touch-sens screens,nes",False,different chapter,many to many,conc-10-stats-2022.xlsx,2026-09-07
8714200000,"Parts of carriages for disabled persons, nes",8524199000,"Flat panel display modules,w out driv/cntl crt,w/n incorp touch-sens screens,nes",False,different chapter,many to many,conc-10-stats-2022.xlsx,2026-09-07
8714999000,"Parts and accessories, of bicycles, other cycles or side-cars, nes",8524199000,"Flat panel display modules,w out driv/cntl crt,w/n incorp touch-sens screens,nes",False,different chapter,many to many,conc-10-stats-2022.xlsx,2026-09-07
8803300000,"Parts of airplanes or helicopters, nes",8524199000,"Flat panel display modules,w out driv/cntl crt,w/n incorp touch-sens screens,nes",False,different chapter,many to many,conc-10-stats-2022.xlsx,2026-09-07
8803900000,"Parts of balloons, dirigibles, gliders, spacecraft, satellites, etc, nes",8524199000,"Flat panel display modules,w out driv/cntl crt,w/n incorp touch-sens screens,nes",False,different chapter,many to many,conc-10-stats-2022.xlsx,2026-09-07
9015900000,"P&a,f surveying/hydrographic/ocean/hydrol/meteo/geoph inst & appl & rangefinders",8524199000,"Flat panel display modules,w out driv/cntl crt,w/n incorp touch-sens screens,nes",False,different chapter,many to many,conc-10-stats-2022.xlsx,2026-09-07
9017900000,Parts and accessories for use with the apparatus of No 90.17,8524199000,"Flat panel display modules,w out driv/cntl crt,w/n incorp touch-sens screens,nes",False,different chapter,many to many,conc-10-stats-2022.xlsx,2026-09-07
9018119100,Printed circuit assemblies for electro-cardiographs,8524199000,"Flat panel display modules,w out driv/cntl crt,w/n incorp touch-sens screens,nes",False,different chapter,many to many,conc-10-stats-2022.xlsx,2026-09-07
9018119900,"Parts and accessories for electro-cardiographs, nes",8524199000,"Flat panel display modules,w out driv/cntl crt,w/n incorp touch-sens screens,nes",False,different chapter,many to many,conc-10-stats-2022.xlsx,2026-09-07
9018120000,Electro-diagnostic ultrasonic scanning apparatus,8524199000,"Flat panel display modules,w out driv/cntl crt,w/n incorp touch-sens screens,nes",False,different chapter,many to many,conc-10-stats-2022.xlsx,2026-09-07
9018130000,Electro-diagnostic magnetic resonance imaging apparatus,8524199000,"Flat panel display modules,w out driv/cntl crt,w/n incorp touch-sens screens,nes",False,different chapter,many to many,conc-10-stats-2022.xlsx,2026-09-07
9018140000,Electro-diagnostic scinitigraphic apparatus,8524199000,"Flat panel display modules,w out driv/cntl crt,w/n incorp touch-sens screens,nes",False,different chapter,many to many,conc-10-stats-2022.xlsx,2026-09-07
9018191010,"Patient monitoring sys cmplt,incorp func such as monitor temp,blood pres & pulse",8524199000,"Flat panel display modules,w out driv/cntl crt,w/n incorp touch-sens screens,nes",False,different chapter,many to many,conc-10-stats-2022.xlsx,2026-09-07
9018191090,"Patient monitoring systems, o/t complete, nes",8524199000,"Flat panel display modules,w out driv/cntl crt,w/n incorp touch-sens screens,nes",False,different chapter,many to many,conc-10-stats-2022.xlsx,2026-09-07
9018199010,"Apparatus for functional exploratory examination, parts and accessories thereof",8524199000,"Flat panel display modules,w out driv/cntl crt,w/n incorp touch-sens screens,nes",False,different chapter,many to many,conc-10-stats-2022.xlsx,2026-09-07
9018199090,"Electro-diagnostic apparatus, nes",8524199000,"Flat panel display modules,w out driv/cntl crt,w/n incorp touch-sens screens,nes",False,different chapter,many to many,conc-10-stats-2022.xlsx,2026-09-07
9018200000,Ultra-violet or infra red ray apparatus,8524199000,"Flat panel display modules,w out driv/cntl crt,w/n incorp touch-sens screens,nes",False,different chapter,many to many,conc-10-stats-2022.xlsx,2026-09-07
9018410000,Dental drill engines,8524199000,"Flat panel display modules,w out driv/cntl crt,w/n incorp touch-sens screens,nes",False,different chapter,many to many,conc-10-stats-2022.xlsx,2026-09-07
9018490000,"Instruments and appliances, used in dental science, nes",8524199000,"Flat panel display modules,w out driv/cntl crt,w/n incorp touch-sens screens,nes",False,different chapter,many to many,conc-10-stats-2022.xlsx,2026-09-07
9018500000,"Ophthalmic instruments and appliances, nes",8524199000,"Flat panel display modules,w out driv/cntl crt,w/n incorp touch-sens screens,nes",False,different chapter,many to many,conc-10-stats-2022.xlsx,2026-09-07
9018901000,Defibrillators,8524199000,"Flat panel display modules,w out driv/cntl crt,w/n incorp touch-sens screens,nes",False,different chapter,many to many,conc-10-stats-2022.xlsx,2026-09-07
9018902000,Printed circuit assemblies for defibrillators,8524199000,"Flat panel display modules,w out driv/cntl crt,w/n incorp touch-sens screens,nes",False,different chapter,many to many,conc-10-stats-2022.xlsx,2026-09-07
9018909083,Parts and accessories for electro-surgical instruments and appliances,8524199000,"Flat panel display modules,w out driv/cntl crt,w/n incorp touch-sens screens,nes",False,different chapter,many to many,conc-10-stats-2022.xlsx,2026-09-07
9018909084,Parts and accessories or dialysis instruments and appliances,8524199000,"Flat panel display modules,w out driv/cntl crt,w/n incorp touch-sens screens,nes",False,different chapter,many to many,conc-10-stats-2022.xlsx,2026-09-07
9018909085,Parts and accessories for other electro-medical instruments and appliances,8524199000,"Flat panel display modules,w out driv/cntl crt,w/n incorp touch-sens screens,nes",False,different chapter,many to many,conc-10-stats-2022.xlsx,2026-09-07
9018909089,"Parts & accessories,of instruments & appl for medical/surgical/vet sciences,nes",8524199000,"Flat panel display modules,w out driv/cntl crt,w/n incorp touch-sens screens,nes",False,different chapter,many to many,conc-10-stats-2022.xlsx,2026-09-07
9019100010,Mechano-therapy appl; pwr-op message appl; psychological aptitude-testing app,8524199000,"Flat panel display modules,w out driv/cntl crt,w/n incorp touch-sens screens,nes",False,different chapter,many to many,conc-10-stats-2022.xlsx,2026-09-07
9019100020,"Massage apparatus, manually operated",8524199000,"Flat panel display modules,w out driv/cntl crt,w/n incorp touch-sens screens,nes",False,different chapter,many to many,conc-10-stats-2022.xlsx,2026-09-07
9019200000,"Ozone, oxygen or aerosol therapy, artifical resptn/other therapeutic resptn app",8524199000,"Flat panel display modules,w out driv/cntl crt,w/n incorp touch-sens screens,nes",False,different chapter,many to many,conc-10-stats-2022.xlsx,2026-09-07
9022901000,"Radiation generator units, including parts and accessories",8524199000,"Flat panel display modules,w out driv/cntl crt,w/n incorp touch-sens screens,nes",False,different chapter,many to many,conc-10-stats-2022.xlsx,2026-09-07
9022902000,"Radiation beam delivery units, including parts and accessories",8524199000,"Flat panel display modules,w out driv/cntl crt,w/n incorp touch-sens screens,nes",False,different chapter,many to many,conc-10-stats-2022.xlsx,2026-09-07
9022909000,"Parts and accessories, for apparatus based on alpha/beta/gamma radiation,etc,nes",8524199000,"Flat panel display modules,w out driv/cntl crt,w/n incorp touch-sens screens,nes",False,different chapter,many to many,conc-10-stats-2022.xlsx,2026-09-07
9025900000,"Pts & access,f hydrometers,sim floating inst,thermo,pyrometers,baro,hygro,psychr",8524199000,"Flat panel display modules,w out driv/cntl crt,w/n incorp touch-sens screens,nes",False,different chapter,many to many,conc-10-stats-2022.xlsx,2026-09-07
9029900000,"P&a,of revol/prod counters,taximeters,pedometers,tachometers,stroboscopes,etc",8524199000,"Flat panel display modules,w out driv/cntl crt,w/n incorp touch-sens screens,nes",False,different chapter,many to many,conc-10-stats-2022.xlsx,2026-09-07
9030900000,"P&a,for oscillos,spectrum analyzers,instr f meas/chk elec qty or meas/detect rad",8524199000,"Flat panel display modules,w out driv/cntl crt,w/n incorp touch-sens screens,nes",False,different chapter,many to many,conc-10-stats-2022.xlsx,2026-09-07
9032900000,"Parts & accessories,for automatic regulating/controlling instruments & apparatus",8524199000,"Flat panel display modules,w out driv/cntl crt,w/n incorp touch-sens screens,nes",False,different chapter,many to many,conc-10-stats-2022.xlsx,2026-09-07
9033000000,"Parts & accessories,f mach/appliances/instruments/apparatus of Chapter 90, nes",8524199000,"Flat panel display modules,w out driv/cntl crt,w/n incorp touch-sens screens,nes",False,different chapter,many to many,conc-10-stats-2022.xlsx,2026-09-07
9114900000,"Clock or watch parts, nes",8524199000,"Flat panel display modules,w out driv/cntl crt,w/n incorp touch-sens screens,nes",False,different chapter,many to many,conc-10-stats-2022.xlsx,2026-09-07
9504300080,"P&a,f games,op coins/banknotes/bank cards/tokens/o,o/t billards/auto bowl equip",8524199000,"Flat panel display modules,w out driv/cntl crt,w/n incorp touch-sens screens,nes",False,different chapter,many to many,conc-10-stats-2022.xlsx,2026-09-07
9504500080,"Parts & accessories, of video game consoles & machines, o/t those of No 9504.30",8524199000,"Flat panel display modules,w out driv/cntl crt,w/n incorp touch-sens screens,nes",False,different chapter,many to many,conc-10-stats-2022.xlsx,2026-09-07
9504900090,"Games, operated by coins/banknotes/bank cards/tokens/other means of payment, nes",8524199000,"Flat panel display modules,w out driv/cntl crt,w/n incorp touch-sens screens,nes",False,different chapter,many to many,conc-10-stats-2022.xlsx,2026-09-07
9506910010,Exercise bicycle,8524199000,"Flat panel display modules,w out driv/cntl crt,w/n incorp touch-sens screens,nes",False,different chapter,many to many,conc-10-stats-2022.xlsx,2026-09-07
9506910090,"Articles & equipment for general physical exercise, gymnastics or athletics, nes",8524199000,"Flat panel display modules,w out driv/cntl crt,w/n incorp touch-sens screens,nes",False,different chapter,many to many,conc-10-stats-2022.xlsx,2026-09-07
8708299990,"Parts and accessories,of bodies,for the motor vehicles of Nos 87.01 to 87.05,nes",8524911000,"Flat panel disp modules,LCD,w/n incorp touch-sens screens,f Nos 87.01-87.05, nes",False,different chapter,many to many,conc-10-stats-2022.xlsx,2026-09-07
8708999919,"Parts & accessories,for motor vehicles for the transport of persons of No 87.03",8524911000,"Flat panel disp modules,LCD,w/n incorp touch-sens screens,f Nos 87.01-87.05, nes",False,different chapter,many to many,conc-10-stats-2022.xlsx,2026-09-07
8708999999,"Parts and accessories, for the motor vehicles of Nos 87.01 to 87.05, nes",8524911000,"Flat panel disp modules,LCD,w/n incorp touch-sens screens,f Nos 87.01-87.05, nes",False,different chapter,many to many,conc-10-stats-2022.xlsx,2026-09-07
8509909000,Parts of grape crushers or ultrasonic vaporizers for domestic purposes,8524912000,"Replacement parts,LCD, o/t u in goods tariff item Nos 8509.40.90/8509.80.90, nes",False,same chapter,split,conc-10-stats-2022.xlsx,2026-09-07
8415903000,"Chassis, chassis bases or outer cabinets, for air conditioning machines",8524919000,"Flat panel display modules,of LCD,w/n incorporating touch-sensitive screens, nes",False,different chapter,many to many,conc-10-stats-2022.xlsx,2026-09-07
8419900010,"Parts, of machinery and plant, for making paper pulp, paper or paperboard",8524919000,"Flat panel display modules,of LCD,w/n incorporating touch-sensitive screens, nes",False,different chapter,many to many,conc-10-stats-2022.xlsx,2026-09-07
8419900020,"Parts, of apparatus, of a type used in restaurants, hotels or similar locations",8524919000,"Flat panel display modules,of LCD,w/n incorporating touch-sensitive screens, nes",False,different chapter,many to many,conc-10-stats-2022.xlsx,2026-09-07
8419900030,"Parts, of medical, surgical or laboratory sterilizers",8524919000,"Flat panel display modules,of LCD,w/n incorporating touch-sensitive screens, nes",False,different chapter,many to many,conc-10-stats-2022.xlsx,2026-09-07
8419900090,"Pts,mchy/plant/lab equip,f treat by chang temp & insta/strg wat heat,n-elec,nes",8524919000,"Flat panel display modules,of LCD,w/n incorporating touch-sensitive screens, nes",False,different chapter,many to many,conc-10-stats-2022.xlsx,2026-09-07
8423900000,Weighing machine weights of all kinds; parts of weighing machinery,8524919000,"Flat panel display modules,of LCD,w/n incorporating touch-sensitive screens, nes",False,different chapter,many to many,conc-10-stats-2022.xlsx,2026-09-07
8431100090,"Parts, of pulley tackle & hoists o/t skip hoists, winches & capstans, jacks, nes",8524919000,"Flat panel display modules,of LCD,w/n incorporating touch-sensitive screens, nes",False,different chapter,many to many,conc-10-stats-2022.xlsx,2026-09-07
8431200000,Parts for fork-lift trucks or trucks fitted with lifting or handling equipment,8524919000,"Flat panel display modules,of LCD,w/n incorporating touch-sensitive screens, nes",False,different chapter,many to many,conc-10-stats-2022.xlsx,2026-09-07
8431310010,Parts of lifts,8524919000,"Flat panel display modules,of LCD,w/n incorporating touch-sensitive screens, nes",False,different chapter,many to many,conc-10-stats-2022.xlsx,2026-09-07
8431310020,Parts of skip hoists,8524919000,"Flat panel display modules,of LCD,w/n incorporating touch-sensitive screens, nes",False,different chapter,many to many,conc-10-stats-2022.xlsx,2026-09-07
8431310030,Parts of escalators,8524919000,"Flat panel display modules,of LCD,w/n incorporating touch-sensitive screens, nes",False,different chapter,many to many,conc-10-stats-2022.xlsx,2026-09-07
8431390010,Parts of pneumatic or other continuous-action elevators and conveyors,8524919000,"Flat panel display modules,of LCD,w/n incorporating touch-sensitive screens, nes",False,different chapter,many to many,conc-10-stats-2022.xlsx,2026-09-07
8431390020,Parts of self-propelled crawler mounted pipelayers,8524919000,"Flat panel display modules,of LCD,w/n incorporating touch-sensitive screens, nes",False,different chapter,many to many,conc-10-stats-2022.xlsx,2026-09-07
8431390090,"Parts of other lifting/handling/loading/unloading machinery, nes",8524919000,"Flat panel display modules,of LCD,w/n incorporating touch-sensitive screens, nes",False,different chapter,many to many,conc-10-stats-2022.xlsx,2026-09-07
8431430020,"Parts for oil and gas field, boring or sinking machinery",8524919000,"Flat panel display modules,of LCD,w/n incorporating touch-sensitive screens, nes",False,different chapter,many to many,conc-10-stats-2022.xlsx,2026-09-07
8431430090,"Parts, for other boring and sinking machinery, nes",8524919000,"Flat panel display modules,of LCD,w/n incorporating touch-sensitive screens, nes",False,different chapter,many to many,conc-10-stats-2022.xlsx,2026-09-07
8431490012,"Parts of mobile lifting frames,straddle carriers & work trucks fitted w a crane",8524919000,"Flat panel display modules,of LCD,w/n incorporating touch-sensitive screens, nes",False,different chapter,many to many,conc-10-stats-2022.xlsx,2026-09-07
8431490019,"Parts of derricks or cranes, nes",8524919000,"Flat panel display modules,of LCD,w/n incorporating touch-sensitive screens, nes",False,different chapter,many to many,conc-10-stats-2022.xlsx,2026-09-07
8431490091,Parts of coal or rock cutters & tunneling machinery,8524919000,"Flat panel display modules,of LCD,w/n incorporating touch-sensitive screens, nes",False,different chapter,many to many,conc-10-stats-2022.xlsx,2026-09-07
8431490099,"Parts,of cranes,work-trucks,shovels & o const machinery,of No 84.29/84.30,nes",8524919000,"Flat panel display modules,of LCD,w/n incorporating touch-sensitive screens, nes",False,different chapter,many to many,conc-10-stats-2022.xlsx,2026-09-07
8443990090,"Other parts and accessories of printing machinery, nes",8524919000,"Flat panel display modules,of LCD,w/n incorporating touch-sensitive screens, nes",False,different chapter,many to many,conc-10-stats-2022.xlsx,2026-09-07
8473210000,"Parts & accessories,of electronic calculating mach of No 8470.10/8470.21/8470.29",8524919000,"Flat panel display modules,of LCD,w/n incorporating touch-sensitive screens, nes",False,different chapter,many to many,conc-10-stats-2022.xlsx,2026-09-07
8473290000,"Parts and accessories, of calculating and accounting machines of No 84.70, nes",8524919000,"Flat panel display modules,of LCD,w/n incorporating touch-sensitive screens, nes",False,different chapter,many to many,conc-10-stats-2022.xlsx,2026-09-07
8473302000,Printed circuit assemblies of the machines of heading 84.71,8524919000,"Flat panel display modules,of LCD,w/n incorporating touch-sensitive screens, nes",False,different chapter,many to many,conc-10-stats-2022.xlsx,2026-09-07
8473303000,"Parts & accessories, of printed circuit assemblies, for machines of No 84.71",8524919000,"Flat panel display modules,of LCD,w/n incorporating touch-sensitive screens, nes",False,different chapter,many to many,conc-10-stats-2022.xlsx,2026-09-07
8473309000,"Pts & access f: adpm,units t/o,magnt/opt readers,mach f transcr/process data,nes",8524919000,"Flat panel display modules,of LCD,w/n incorporating touch-sensitive screens, nes",False,different chapter,many to many,conc-10-stats-2022.xlsx,2026-09-07
8473400000,"Parts and accessories, of office machines of No 84.72",8524919000,"Flat panel display modules,of LCD,w/n incorporating touch-sensitive screens, nes",False,different chapter,many to many,conc-10-stats-2022.xlsx,2026-09-07
8473501000,"Printed crt asy,equally suit for use w mach of two or more Nos 84.70 to 84.72",8524919000,"Flat panel display modules,of LCD,w/n incorporating touch-sensitive screens, nes",False,different chapter,many to many,conc-10-stats-2022.xlsx,2026-09-07
8473502000,"Pts & access,of printed circuit asy,f use w mach of two/more Nos 84.70 to 84.72",8524919000,"Flat panel display modules,of LCD,w/n incorporating touch-sensitive screens, nes",False,different chapter,many to many,conc-10-stats-2022.xlsx,2026-09-07
8473509000,"Printed crt asy,equally suit for use w mach of two/more Nos 84.70 to 84.72,nda",8524919000,"Flat panel display modules,of LCD,w/n incorporating touch-sensitive screens, nes",False,different chapter,many to many,conc-10-stats-2022.xlsx,2026-09-07
8476900000,"Parts, of automatic goods-vending machine",8524919000,"Flat panel display modules,of LCD,w/n incorporating touch-sensitive screens, nes",False,different chapter,many to many,conc-10-stats-2022.xlsx,2026-09-07
8486900000,"Parts & accessories,of machines & apparatus specified in Note 9 (C) to Chapter",8524919000,"Flat panel display modules,of LCD,w/n incorporating touch-sensitive screens, nes",False,different chapter,many to many,conc-10-stats-2022.xlsx,2026-09-07
8504901000,Printed circuit assemblies for static converters or other inductors,8524919000,"Flat panel display modules,of LCD,w/n incorporating touch-sensitive screens, nes",False,same chapter,many to many,conc-10-stats-2022.xlsx,2026-09-07
8504909081,Parts of electric transformers having a power handling capacity < 500 kVA,8524919000,"Flat panel display modules,of LCD,w/n incorporating touch-sensitive screens, nes",False,same chapter,many to many,conc-10-stats-2022.xlsx,2026-09-07
8504909082,Parts of electric transformers having a power handling capacity >= 500 kVA,8524919000,"Flat panel display modules,of LCD,w/n incorporating touch-sensitive screens, nes",False,same chapter,many to many,conc-10-stats-2022.xlsx,2026-09-07
8504909090,"Parts, of electrical transformers, static converters and inductors, nes",8524919000,"Flat panel display modules,of LCD,w/n incorporating touch-sensitive screens, nes",False,same chapter,many to many,conc-10-stats-2022.xlsx,2026-09-07
8509902000,"Parts,f manufacture of goods of No 85.09 & goods of No 8509.40.90 or 8509.80.90",8524919000,"Flat panel display modules,of LCD,w/n incorporating touch-sensitive screens, nes",False,same chapter,many to many,conc-10-stats-2022.xlsx,2026-09-07
8516904000,Printed circuit assemblies for domestic microwave ovens,8524919000,"Flat panel display modules,of LCD,w/n incorporating touch-sensitive screens, nes",False,same chapter,many to many,conc-10-stats-2022.xlsx,2026-09-07
8516906000,"Top surface panels,w/n with htg elements or controls, for ovens or cookers, dom",8524919000,"Flat panel display modules,of LCD,w/n incorporating touch-sensitive screens, nes",False,same chapter,many to many,conc-10-stats-2022.xlsx,2026-09-07
8516909070,Parts for ovens or cookers,8524919000,"Flat panel display modules,of LCD,w/n incorporating touch-sensitive screens, nes",False,same chapter,many to many,conc-10-stats-2022.xlsx,2026-09-07
8516909090,"Pts,of elec insta/strg wat & imm heat,elec htg app,electro-thermic appl dom,nes",8524919000,"Flat panel display modules,of LCD,w/n incorporating touch-sensitive screens, nes",False,same chapter,many to many,conc-10-stats-2022.xlsx,2026-09-07
8517700000,"Pts,of tel sets & app f trans/recep vce/img/data,o/t Nos 84.43/85.25/85.27/85.28",8524919000,"Flat panel display modules,of LCD,w/n incorporating touch-sensitive screens, nes",False,same chapter,many to many,conc-10-stats-2022.xlsx,2026-09-07
8522901000,Printed circuit assemblies for apparatus of headings 85.19 to 85.21,8524919000,"Flat panel display modules,of LCD,w/n incorporating touch-sensitive screens, nes",False,same chapter,many to many,conc-10-stats-2022.xlsx,2026-09-07
8522909000,"Parts and accessories, for sound/video recording/reproducing apparatus, nes",8524919000,"Flat panel display modules,of LCD,w/n incorporating touch-sensitive screens, nes",False,same chapter,many to many,conc-10-stats-2022.xlsx,2026-09-07
8529901000,Parts for printed circuit assemblies,8524919000,"Flat panel display modules,of LCD,w/n incorporating touch-sensitive screens, nes",False,same chapter,many to many,conc-10-stats-2022.xlsx,2026-09-07
8529903100,"Combinations of parts of tv receivers, video process & ampli syst, tuners, etc",8524919000,"Flat panel display modules,of LCD,w/n incorporating touch-sensitive screens, nes",False,same chapter,many to many,conc-10-stats-2022.xlsx,2026-09-07
8529903900,"Parts of of tv receivers,video process & ampli syst, tuners, tuner cntl,etc, nes",8524919000,"Flat panel display modules,of LCD,w/n incorporating touch-sensitive screens, nes",False,same chapter,many to many,conc-10-stats-2022.xlsx,2026-09-07
8529905000,"Parts, including face plates and lock latches, for printed circuit assemblies",8524919000,"Flat panel display modules,of LCD,w/n incorporating touch-sensitive screens, nes",False,same chapter,many to many,conc-10-stats-2022.xlsx,2026-09-07
8529906000,"Parts of goods of heading 85.25 or 85.27, o/t parts of cellular telephones, nes",8524919000,"Flat panel display modules,of LCD,w/n incorporating touch-sensitive screens, nes",False,same chapter,many to many,conc-10-stats-2022.xlsx,2026-09-07
8529909000,"Parts for apparatus of headings 85.25 to 85.28, nes",8524919000,"Flat panel display modules,of LCD,w/n incorporating touch-sensitive screens, nes",False,same chapter,many to many,conc-10-stats-2022.xlsx,2026-09-07
8543900000,"Parts,of electrical machines & app,having individual functions,nes in Chapter 85",8524919000,"Flat panel display modules,of LCD,w/n incorporating touch-sensitive screens, nes",False,same chapter,many to many,conc-10-stats-2022.xlsx,2026-09-07
8708299100,"P&a of bodies,for veterinary units & mfr fire fighting vehicles,pts for tractors",8524919000,"Flat panel display modules,of LCD,w/n incorporating touch-sensitive screens, nes",False,different chapter,many to many,conc-10-stats-2022.xlsx,2026-09-07
8708999100,"Pts,f trac No 87.01,o/t road/etc & afmket gas tanks;p&a vet & fire fight veh,nes",8524919000,"Flat panel display modules,of LCD,w/n incorporating touch-sensitive screens, nes",False,different chapter,many to many,conc-10-stats-2022.xlsx,2026-09-07
8714100000,"Motorcycle parts, including mopeds, nes",8524919000,"Flat panel display modules,of LCD,w/n incorporating touch-sensitive screens, nes",False,different chapter,many to many,conc-10-stats-2022.xlsx,2026-09-07
8714200000,"Parts of carriages for disabled persons, nes",8524919000,"Flat panel display modules,of LCD,w/n incorporating touch-sensitive screens, nes",False,different chapter,many to many,conc-10-stats-2022.xlsx,2026-09-07
8714999000,"Parts and accessories, of bicycles, other cycles or side-cars, nes",8524919000,"Flat panel display modules,of LCD,w/n incorporating touch-sensitive screens, nes",False,different chapter,many to many,conc-10-stats-2022.xlsx,2026-09-07
8803300000,"Parts of airplanes or helicopters, nes",8524919000,"Flat panel display modules,of LCD,w/n incorporating touch-sensitive screens, nes",False,different chapter,many to many,conc-10-stats-2022.xlsx,2026-09-07
8803900000,"Parts of balloons, dirigibles, gliders, spacecraft, satellites, etc, nes",8524919000,"Flat panel display modules,of LCD,w/n incorporating touch-sensitive screens, nes",False,different chapter,many to many,conc-10-stats-2022.xlsx,2026-09-07
9015900000,"P&a,f surveying/hydrographic/ocean/hydrol/meteo/geoph inst & appl & rangefinders",8524919000,"Flat panel display modules,of LCD,w/n incorporating touch-sensitive screens, nes",False,different chapter,many to many,conc-10-stats-2022.xlsx,2026-09-07
9017900000,Parts and accessories for use with the apparatus of No 90.17,8524919000,"Flat panel display modules,of LCD,w/n incorporating touch-sensitive screens, nes",False,different chapter,many to many,conc-10-stats-2022.xlsx,2026-09-07
9018119100,Printed circuit assemblies for electro-cardiographs,8524919000,"Flat panel display modules,of LCD,w/n incorporating touch-sensitive screens, nes",False,different chapter,many to many,conc-10-stats-2022.xlsx,2026-09-07
9018119900,"Parts and accessories for electro-cardiographs, nes",8524919000,"Flat panel display modules,of LCD,w/n incorporating touch-sensitive screens, nes",False,different chapter,many to many,conc-10-stats-2022.xlsx,2026-09-07
9018120000,Electro-diagnostic ultrasonic scanning apparatus,8524919000,"Flat panel display modules,of LCD,w/n incorporating touch-sensitive screens, nes",False,different chapter,many to many,conc-10-stats-2022.xlsx,2026-09-07
9018130000,Electro-diagnostic magnetic resonance imaging apparatus,8524919000,"Flat panel display modules,of LCD,w/n incorporating touch-sensitive screens, nes",False,different chapter,many to many,conc-10-stats-2022.xlsx,2026-09-07
9018140000,Electro-diagnostic scinitigraphic apparatus,8524919000,"Flat panel display modules,of LCD,w/n incorporating touch-sensitive screens, nes",False,different chapter,many to many,conc-10-stats-2022.xlsx,2026-09-07
9018191010,"Patient monitoring sys cmplt,incorp func such as monitor temp,blood pres & pulse",8524919000,"Flat panel display modules,of LCD,w/n incorporating touch-sensitive screens, nes",False,different chapter,many to many,conc-10-stats-2022.xlsx,2026-09-07
9018191090,"Patient monitoring systems, o/t complete, nes",8524919000,"Flat panel display modules,of LCD,w/n incorporating touch-sensitive screens, nes",False,different chapter,many to many,conc-10-stats-2022.xlsx,2026-09-07
9018199010,"Apparatus for functional exploratory examination, parts and accessories thereof",8524919000,"Flat panel display modules,of LCD,w/n incorporating touch-sensitive screens, nes",False,different chapter,many to many,conc-10-stats-2022.xlsx,2026-09-07
9018199090,"Electro-diagnostic apparatus, nes",8524919000,"Flat panel display modules,of LCD,w/n incorporating touch-sensitive screens, nes",False,different chapter,many to many,conc-10-stats-2022.xlsx,2026-09-07
9018200000,Ultra-violet or infra red ray apparatus,8524919000,"Flat panel display modules,of LCD,w/n incorporating touch-sensitive screens, nes",False,different chapter,many to many,conc-10-stats-2022.xlsx,2026-09-07
9018410000,Dental drill engines,8524919000,"Flat panel display modules,of LCD,w/n incorporating touch-sensitive screens, nes",False,different chapter,many to many,conc-10-stats-2022.xlsx,2026-09-07
9018490000,"Instruments and appliances, used in dental science, nes",8524919000,"Flat panel display modules,of LCD,w/n incorporating touch-sensitive screens, nes",False,different chapter,many to many,conc-10-stats-2022.xlsx,2026-09-07
9018500000,"Ophthalmic instruments and appliances, nes",8524919000,"Flat panel display modules,of LCD,w/n incorporating touch-sensitive screens, nes",False,different chapter,many to many,conc-10-stats-2022.xlsx,2026-09-07
9018901000,Defibrillators,8524919000,"Flat panel display modules,of LCD,w/n incorporating touch-sensitive screens, nes",False,different chapter,many to many,conc-10-stats-2022.xlsx,2026-09-07
9018902000,Printed circuit assemblies for defibrillators,8524919000,"Flat panel display modules,of LCD,w/n incorporating touch-sensitive screens, nes",False,different chapter,many to many,conc-10-stats-2022.xlsx,2026-09-07
9018909083,Parts and accessories for electro-surgical instruments and appliances,8524919000,"Flat panel display modules,of LCD,w/n incorporating touch-sensitive screens, nes",False,different chapter,many to many,conc-10-stats-2022.xlsx,2026-09-07
9018909084,Parts and accessories or dialysis instruments and appliances,8524919000,"Flat panel display modules,of LCD,w/n incorporating touch-sensitive screens, nes",False,different chapter,many to many,conc-10-stats-2022.xlsx,2026-09-07
9018909085,Parts and accessories for other electro-medical instruments and appliances,8524919000,"Flat panel display modules,of LCD,w/n incorporating touch-sensitive screens, nes",False,different chapter,many to many,conc-10-stats-2022.xlsx,2026-09-07
9018909089,"Parts & accessories,of instruments & appl for medical/surgical/vet sciences,nes",8524919000,"Flat panel display modules,of LCD,w/n incorporating touch-sensitive screens, nes",False,different chapter,many to many,conc-10-stats-2022.xlsx,2026-09-07
9019100010,Mechano-therapy appl; pwr-op message appl; psychological aptitude-testing app,8524919000,"Flat panel display modules,of LCD,w/n incorporating touch-sensitive screens, nes",False,different chapter,many to many,conc-10-stats-2022.xlsx,2026-09-07
9019100020,"Massage apparatus, manually operated",8524919000,"Flat panel display modules,of LCD,w/n incorporating touch-sensitive screens, nes",False,different chapter,many to many,conc-10-stats-2022.xlsx,2026-09-07
9019200000,"Ozone, oxygen or aerosol therapy, artifical resptn/other therapeutic resptn app",8524919000,"Flat panel display modules,of LCD,w/n incorporating touch-sensitive screens, nes",False,different chapter,many to many,conc-10-stats-2022.xlsx,2026-09-07
9022901000,"Radiation generator units, including parts and accessories",8524919000,"Flat panel display modules,of LCD,w/n incorporating touch-sensitive screens, nes",False,different chapter,many to many,conc-10-stats-2022.xlsx,2026-09-07
9022902000,"Radiation beam delivery units, including parts and accessories",8524919000,"Flat panel display modules,of LCD,w/n incorporating touch-sensitive screens, nes",False,different chapter,many to many,conc-10-stats-2022.xlsx,2026-09-07
9022909000,"Parts and accessories, for apparatus based on alpha/beta/gamma radiation,etc,nes",8524919000,"Flat panel display modules,of LCD,w/n incorporating touch-sensitive screens, nes",False,different chapter,many to many,conc-10-stats-2022.xlsx,2026-09-07
9025900000,"Pts & access,f hydrometers,sim floating inst,thermo,pyrometers,baro,hygro,psychr",8524919000,"Flat panel display modules,of LCD,w/n incorporating touch-sensitive screens, nes",False,different chapter,many to many,conc-10-stats-2022.xlsx,2026-09-07
9029900000,"P&a,of revol/prod counters,taximeters,pedometers,tachometers,stroboscopes,etc",8524919000,"Flat panel display modules,of LCD,w/n incorporating touch-sensitive screens, nes",False,different chapter,many to many,conc-10-stats-2022.xlsx,2026-09-07
9030900000,"P&a,for oscillos,spectrum analyzers,instr f meas/chk elec qty or meas/detect rad",8524919000,"Flat panel display modules,of LCD,w/n incorporating touch-sensitive screens, nes",False,different chapter,many to many,conc-10-stats-2022.xlsx,2026-09-07
9032900000,"Parts & accessories,for automatic regulating/controlling instruments & apparatus",8524919000,"Flat panel display modules,of LCD,w/n incorporating touch-sensitive screens, nes",False,different chapter,many to many,conc-10-stats-2022.xlsx,2026-09-07
9033000000,"Parts & accessories,f mach/appliances/instruments/apparatus of Chapter 90, nes",8524919000,"Flat panel display modules,of LCD,w/n incorporating touch-sensitive screens, nes",False,different chapter,many to many,conc-10-stats-2022.xlsx,2026-09-07
9114900000,"Clock or watch parts, nes",8524919000,"Flat panel display modules,of LCD,w/n incorporating touch-sensitive screens, nes",False,different chapter,many to many,conc-10-stats-2022.xlsx,2026-09-07
9504300080,"P&a,f games,op coins/banknotes/bank cards/tokens/o,o/t billards/auto bowl equip",8524919000,"Flat panel display modules,of LCD,w/n incorporating touch-sensitive screens, nes",False,different chapter,many to many,conc-10-stats-2022.xlsx,2026-09-07
9504500080,"Parts & accessories, of video game consoles & machines, o/t those of No 9504.30",8524919000,"Flat panel display modules,of LCD,w/n incorporating touch-sensitive screens, nes",False,different chapter,many to many,conc-10-stats-2022.xlsx,2026-09-07
9504900090,"Games, operated by coins/banknotes/bank cards/tokens/other means of payment, nes",8524919000,"Flat panel display modules,of LCD,w/n incorporating touch-sensitive screens, nes",False,different chapter,many to many,conc-10-stats-2022.xlsx,2026-09-07
9506910010,Exercise bicycle,8524919000,"Flat panel display modules,of LCD,w/n incorporating touch-sensitive screens, nes",False,different chapter,many to many,conc-10-stats-2022.xlsx,2026-09-07
9506910090,"Articles & equipment for general physical exercise, gymnastics or athletics, nes",8524919000,"Flat panel display modules,of LCD,w/n incorporating touch-sensitive screens, nes",False,different chapter,many to many,conc-10-stats-2022.xlsx,2026-09-07
8708299990,"Parts and accessories,of bodies,for the motor vehicles of Nos 87.01 to 87.05,nes",8524921000,"Flat panel disp modules,OLED,w/n incorp touch-sens screens,f Nos 87.01-87.05,nes",False,different chapter,many to many,conc-10-stats-2022.xlsx,2026-09-07
8708999919,"Parts & accessories,for motor vehicles for the transport of persons of No 87.03",8524921000,"Flat panel disp modules,OLED,w/n incorp touch-sens screens,f Nos 87.01-87.05,nes",False,different chapter,many to many,conc-10-stats-2022.xlsx,2026-09-07
8708999999,"Parts and accessories, for the motor vehicles of Nos 87.01 to 87.05, nes",8524921000,"Flat panel disp modules,OLED,w/n incorp touch-sens screens,f Nos 87.01-87.05,nes",False,different chapter,many to many,conc-10-stats-2022.xlsx,2026-09-07
8509909000,Parts of grape crushers or ultrasonic vaporizers for domestic purposes,8524922000,"Replacement parts,OLED, o/t u in goods tariff item Nos 8509.40.90/8509.80.90,nes",False,same chapter,split,conc-10-stats-2022.xlsx,2026-09-07
8415903000,"Chassis, chassis bases or outer cabinets, for air conditioning machines",8524929000,"Flat panel display modules,of OLED,w/n incorporating touch-sensitive screens,nes",False,different chapter,many to many,conc-10-stats-2022.xlsx,2026-09-07
8419900010,"Parts, of machinery and plant, for making paper pulp, paper or paperboard",8524929000,"Flat panel display modules,of OLED,w/n incorporating touch-sensitive screens,nes",False,different chapter,many to many,conc-10-stats-2022.xlsx,2026-09-07
8419900020,"Parts, of apparatus, of a type used in restaurants, hotels or similar locations",8524929000,"Flat panel display modules,of OLED,w/n incorporating touch-sensitive screens,nes",False,different chapter,many to many,conc-10-stats-2022.xlsx,2026-09-07
8419900030,"Parts, of medical, surgical or laboratory sterilizers",8524929000,"Flat panel display modules,of OLED,w/n incorporating touch-sensitive screens,nes",False,different chapter,many to many,conc-10-stats-2022.xlsx,2026-09-07
8419900090,"Pts,mchy/plant/lab equip,f treat by chang temp & insta/strg wat heat,n-elec,nes",8524929000,"Flat panel display modules,of OLED,w/n incorporating touch-sensitive screens,nes",False,different chapter,many to many,conc-10-stats-2022.xlsx,2026-09-07
8423900000,Weighing machine weights of all kinds; parts of weighing machinery,8524929000,"Flat panel display modules,of OLED,w/n incorporating touch-sensitive screens,nes",False,different chapter,many to many,conc-10-stats-2022.xlsx,2026-09-07
8431100090,"Parts, of pulley tackle & hoists o/t skip hoists, winches & capstans, jacks, nes",8524929000,"Flat panel display modules,of OLED,w/n incorporating touch-sensitive screens,nes",False,different chapter,many to many,conc-10-stats-2022.xlsx,2026-09-07
8431200000,Parts for fork-lift trucks or trucks fitted with lifting or handling equipment,8524929000,"Flat panel display modules,of OLED,w/n incorporating touch-sensitive screens,nes",False,different chapter,many to many,conc-10-stats-2022.xlsx,2026-09-07
8431310010,Parts of lifts,8524929000,"Flat panel display modules,of OLED,w/n incorporating touch-sensitive screens,nes",False,different chapter,many to many,conc-10-stats-2022.xlsx,2026-09-07
8431310020,Parts of skip hoists,8524929000,"Flat panel display modules,of OLED,w/n incorporating touch-sensitive screens,nes",False,different chapter,many to many,conc-10-stats-2022.xlsx,2026-09-07
8431310030,Parts of escalators,8524929000,"Flat panel display modules,of OLED,w/n incorporating touch-sensitive screens,nes",False,different chapter,many to many,conc-10-stats-2022.xlsx,2026-09-07
8431390010,Parts of pneumatic or other continuous-action elevators and conveyors,8524929000,"Flat panel display modules,of OLED,w/n incorporating touch-sensitive screens,nes",False,different chapter,many to many,conc-10-stats-2022.xlsx,2026-09-07
8431390020,Parts of self-propelled crawler mounted pipelayers,8524929000,"Flat panel display modules,of OLED,w/n incorporating touch-sensitive screens,nes",False,different chapter,many to many,conc-10-stats-2022.xlsx,2026-09-07
8431390090,"Parts of other lifting/handling/loading/unloading machinery, nes",8524929000,"Flat panel display modules,of OLED,w/n incorporating touch-sensitive screens,nes",False,different chapter,many to many,conc-10-stats-2022.xlsx,2026-09-07
8431430020,"Parts for oil and gas field, boring or sinking machinery",8524929000,"Flat panel display modules,of OLED,w/n incorporating touch-sensitive screens,nes",False,different chapter,many to many,conc-10-stats-2022.xlsx,2026-09-07
8431430090,"Parts, for other boring and sinking machinery, nes",8524929000,"Flat panel display modules,of OLED,w/n incorporating touch-sensitive screens,nes",False,different chapter,many to many,conc-10-stats-2022.xlsx,2026-09-07
8431490012,"Parts of mobile lifting frames,straddle carriers & work trucks fitted w a crane",8524929000,"Flat panel display modules,of OLED,w/n incorporating touch-sensitive screens,nes",False,different chapter,many to many,conc-10-stats-2022.xlsx,2026-09-07
8431490019,"Parts of derricks or cranes, nes",8524929000,"Flat panel display modules,of OLED,w/n incorporating touch-sensitive screens,nes",False,different chapter,many to many,conc-10-stats-2022.xlsx,2026-09-07
8431490091,Parts of coal or rock cutters & tunneling machinery,8524929000,"Flat panel display modules,of OLED,w/n incorporating touch-sensitive screens,nes",False,different chapter,many to many,conc-10-stats-2022.xlsx,2026-09-07
8431490099,"Parts,of cranes,work-trucks,shovels & o const machinery,of No 84.29/84.30,nes",8524929000,"Flat panel display modules,of OLED,w/n incorporating touch-sensitive screens,nes",False,different chapter,many to many,conc-10-stats-2022.xlsx,2026-09-07
8443990090,"Other parts and accessories of printing machinery, nes",8524929000,"Flat panel display modules,of OLED,w/n incorporating touch-sensitive screens,nes",False,different chapter,many to many,conc-10-stats-2022.xlsx,2026-09-07
8473210000,"Parts & accessories,of electronic calculating mach of No 8470.10/8470.21/8470.29",8524929000,"Flat panel display modules,of OLED,w/n incorporating touch-sensitive screens,nes",False,different chapter,many to many,conc-10-stats-2022.xlsx,2026-09-07
8473290000,"Parts and accessories, of calculating and accounting machines of No 84.70, nes",8524929000,"Flat panel display modules,of OLED,w/n incorporating touch-sensitive screens,nes",False,different chapter,many to many,conc-10-stats-2022.xlsx,2026-09-07
8473302000,Printed circuit assemblies of the machines of heading 84.71,8524929000,"Flat panel display modules,of OLED,w/n incorporating touch-sensitive screens,nes",False,different chapter,many to many,conc-10-stats-2022.xlsx,2026-09-07
8473303000,"Parts & accessories, of printed circuit assemblies, for machines of No 84.71",8524929000,"Flat panel display modules,of OLED,w/n incorporating touch-sensitive screens,nes",False,different chapter,many to many,conc-10-stats-2022.xlsx,2026-09-07
8473309000,"Pts & access f: adpm,units t/o,magnt/opt readers,mach f transcr/process data,nes",8524929000,"Flat panel display modules,of OLED,w/n incorporating touch-sensitive screens,nes",False,different chapter,many to many,conc-10-stats-2022.xlsx,2026-09-07
8473400000,"Parts and accessories, of office machines of No 84.72",8524929000,"Flat panel display modules,of OLED,w/n incorporating touch-sensitive screens,nes",False,different chapter,many to many,conc-10-stats-2022.xlsx,2026-09-07
8473501000,"Printed crt asy,equally suit for use w mach of two or more Nos 84.70 to 84.72",8524929000,"Flat panel display modules,of OLED,w/n incorporating touch-sensitive screens,nes",False,different chapter,many to many,conc-10-stats-2022.xlsx,2026-09-07
8473502000,"Pts & access,of printed circuit asy,f use w mach of two/more Nos 84.70 to 84.72",8524929000,"Flat panel display modules,of OLED,w/n incorporating touch-sensitive screens,nes",False,different chapter,many to many,conc-10-stats-2022.xlsx,2026-09-07
8473509000,"Printed crt asy,equally suit for use w mach of two/more Nos 84.70 to 84.72,nda",8524929000,"Flat panel display modules,of OLED,w/n incorporating touch-sensitive screens,nes",False,different chapter,many to many,conc-10-stats-2022.xlsx,2026-09-07
8476900000,"Parts, of automatic goods-vending machine",8524929000,"Flat panel display modules,of OLED,w/n incorporating touch-sensitive screens,nes",False,different chapter,many to many,conc-10-stats-2022.xlsx,2026-09-07
8486900000,"Parts & accessories,of machines & apparatus specified in Note 9 (C) to Chapter",8524929000,"Flat panel display modules,of OLED,w/n incorporating touch-sensitive screens,nes",False,different chapter,many to many,conc-10-stats-2022.xlsx,2026-09-07
8504901000,Printed circuit assemblies for static converters or other inductors,8524929000,"Flat panel display modules,of OLED,w/n incorporating touch-sensitive screens,nes",False,same chapter,many to many,conc-10-stats-2022.xlsx,2026-09-07
8504909081,Parts of electric transformers having a power handling capacity < 500 kVA,8524929000,"Flat panel display modules,of OLED,w/n incorporating touch-sensitive screens,nes",False,same chapter,many to many,conc-10-stats-2022.xlsx,2026-09-07
8504909082,Parts of electric transformers having a power handling capacity >= 500 kVA,8524929000,"Flat panel display modules,of OLED,w/n incorporating touch-sensitive screens,nes",False,same chapter,many to many,conc-10-stats-2022.xlsx,2026-09-07
8504909090,"Parts, of electrical transformers, static converters and inductors, nes",8524929000,"Flat panel display modules,of OLED,w/n incorporating touch-sensitive screens,nes",False,same chapter,many to many,conc-10-stats-2022.xlsx,2026-09-07
8509902000,"Parts,f manufacture of goods of No 85.09 & goods of No 8509.40.90 or 8509.80.90",8524929000,"Flat panel display modules,of OLED,w/n incorporating touch-sensitive screens,nes",False,same chapter,many to many,conc-10-stats-2022.xlsx,2026-09-07
8516904000,Printed circuit assemblies for domestic microwave ovens,8524929000,"Flat panel display modules,of OLED,w/n incorporating touch-sensitive screens,nes",False,same chapter,many to many,conc-10-stats-2022.xlsx,2026-09-07
8516906000,"Top surface panels,w/n with htg elements or controls, for ovens or cookers, dom",8524929000,"Flat panel display modules,of OLED,w/n incorporating touch-sensitive screens,nes",False,same chapter,many to many,conc-10-stats-2022.xlsx,2026-09-07
8516909070,Parts for ovens or cookers,8524929000,"Flat panel display modules,of OLED,w/n incorporating touch-sensitive screens,nes",False,same chapter,many to many,conc-10-stats-2022.xlsx,2026-09-07
8516909090,"Pts,of elec insta/strg wat & imm heat,elec htg app,electro-thermic appl dom,nes",8524929000,"Flat panel display modules,of OLED,w/n incorporating touch-sensitive screens,nes",False,same chapter,many to many,conc-10-stats-2022.xlsx,2026-09-07
8517700000,"Pts,of tel sets & app f trans/recep vce/img/data,o/t Nos 84.43/85.25/85.27/85.28",8524929000,"Flat panel display modules,of OLED,w/n incorporating touch-sensitive screens,nes",False,same chapter,many to many,conc-10-stats-2022.xlsx,2026-09-07
8522901000,Printed circuit assemblies for apparatus of headings 85.19 to 85.21,8524929000,"Flat panel display modules,of OLED,w/n incorporating touch-sensitive screens,nes",False,same chapter,many to many,conc-10-stats-2022.xlsx,2026-09-07
8522909000,"Parts and accessories, for sound/video recording/reproducing apparatus, nes",8524929000,"Flat panel display modules,of OLED,w/n incorporating touch-sensitive screens,nes",False,same chapter,many to many,conc-10-stats-2022.xlsx,2026-09-07
8529901000,Parts for printed circuit assemblies,8524929000,"Flat panel display modules,of OLED,w/n incorporating touch-sensitive screens,nes",False,same chapter,many to many,conc-10-stats-2022.xlsx,2026-09-07
8529903100,"Combinations of parts of tv receivers, video process & ampli syst, tuners, etc",8524929000,"Flat panel display modules,of OLED,w/n incorporating touch-sensitive screens,nes",False,same chapter,many to many,conc-10-stats-2022.xlsx,2026-09-07
8529903900,"Parts of of tv receivers,video process & ampli syst, tuners, tuner cntl,etc, nes",8524929000,"Flat panel display modules,of OLED,w/n incorporating touch-sensitive screens,nes",False,same chapter,many to many,conc-10-stats-2022.xlsx,2026-09-07
8529905000,"Parts, including face plates and lock latches, for printed circuit assemblies",8524929000,"Flat panel display modules,of OLED,w/n incorporating touch-sensitive screens,nes",False,same chapter,many to many,conc-10-stats-2022.xlsx,2026-09-07
8529906000,"Parts of goods of heading 85.25 or 85.27, o/t parts of cellular telephones, nes",8524929000,"Flat panel display modules,of OLED,w/n incorporating touch-sensitive screens,nes",False,same chapter,many to many,conc-10-stats-2022.xlsx,2026-09-07
8529909000,"Parts for apparatus of headings 85.25 to 85.28, nes",8524929000,"Flat panel display modules,of OLED,w/n incorporating touch-sensitive screens,nes",False,same chapter,many to many,conc-10-stats-2022.xlsx,2026-09-07
8543900000,"Parts,of electrical machines & app,having individual functions,nes in Chapter 85",8524929000,"Flat panel display modules,of OLED,w/n incorporating touch-sensitive screens,nes",False,same chapter,many to many,conc-10-stats-2022.xlsx,2026-09-07
8708299100,"P&a of bodies,for veterinary units & mfr fire fighting vehicles,pts for tractors",8524929000,"Flat panel display modules,of OLED,w/n incorporating touch-sensitive screens,nes",False,different chapter,many to many,conc-10-stats-2022.xlsx,2026-09-07
8708999100,"Pts,f trac No 87.01,o/t road/etc & afmket gas tanks;p&a vet & fire fight veh,nes",8524929000,"Flat panel display modules,of OLED,w/n incorporating touch-sensitive screens,nes",False,different chapter,many to many,conc-10-stats-2022.xlsx,2026-09-07
8714100000,"Motorcycle parts, including mopeds, nes",8524929000,"Flat panel display modules,of OLED,w/n incorporating touch-sensitive screens,nes",False,different chapter,many to many,conc-10-stats-2022.xlsx,2026-09-07
8714200000,"Parts of carriages for disabled persons, nes",8524929000,"Flat panel display modules,of OLED,w/n incorporating touch-sensitive screens,nes",False,different chapter,many to many,conc-10-stats-2022.xlsx,2026-09-07
8714999000,"Parts and accessories, of bicycles, other cycles or side-cars, nes",8524929000,"Flat panel display modules,of OLED,w/n incorporating touch-sensitive screens,nes",False,different chapter,many to many,conc-10-stats-2022.xlsx,2026-09-07
8803300000,"Parts of airplanes or helicopters, nes",8524929000,"Flat panel display modules,of OLED,w/n incorporating touch-sensitive screens,nes",False,different chapter,many to many,conc-10-stats-2022.xlsx,2026-09-07
8803900000,"Parts of balloons, dirigibles, gliders, spacecraft, satellites, etc, nes",8524929000,"Flat panel display modules,of OLED,w/n incorporating touch-sensitive screens,nes",False,different chapter,many to many,conc-10-stats-2022.xlsx,2026-09-07
9015900000,"P&a,f surveying/hydrographic/ocean/hydrol/meteo/geoph inst & appl & rangefinders",8524929000,"Flat panel display modules,of OLED,w/n incorporating touch-sensitive screens,nes",False,different chapter,many to many,conc-10-stats-2022.xlsx,2026-09-07
9017900000,Parts and accessories for use with the apparatus of No 90.17,8524929000,"Flat panel display modules,of OLED,w/n incorporating touch-sensitive screens,nes",False,different chapter,many to many,conc-10-stats-2022.xlsx,2026-09-07
9018119100,Printed circuit assemblies for electro-cardiographs,8524929000,"Flat panel display modules,of OLED,w/n incorporating touch-sensitive screens,nes",False,different chapter,many to many,conc-10-stats-2022.xlsx,2026-09-07
9018119900,"Parts and accessories for electro-cardiographs, nes",8524929000,"Flat panel display modules,of OLED,w/n incorporating touch-sensitive screens,nes",False,different chapter,many to many,conc-10-stats-2022.xlsx,2026-09-07
9018120000,Electro-diagnostic ultrasonic scanning apparatus,8524929000,"Flat panel display modules,of OLED,w/n incorporating touch-sensitive screens,nes",False,different chapter,many to many,conc-10-stats-2022.xlsx,2026-09-07
9018130000,Electro-diagnostic magnetic resonance imaging apparatus,8524929000,"Flat panel display modules,of OLED,w/n incorporating touch-sensitive screens,nes",False,different chapter,many to many,conc-10-stats-2022.xlsx,2026-09-07
9018140000,Electro-diagnostic scinitigraphic apparatus,8524929000,"Flat panel display modules,of OLED,w/n incorporating touch-sensitive screens,nes",False,different chapter,many to many,conc-10-stats-2022.xlsx,2026-09-07
9018191010,"Patient monitoring sys cmplt,incorp func such as monitor temp,blood pres & pulse",8524929000,"Flat panel display modules,of OLED,w/n incorporating touch-sensitive screens,nes",False,different chapter,many to many,conc-10-stats-2022.xlsx,2026-09-07
9018191090,"Patient monitoring systems, o/t complete, nes",8524929000,"Flat panel display modules,of OLED,w/n incorporating touch-sensitive screens,nes",False,different chapter,many to many,conc-10-stats-2022.xlsx,2026-09-07
9018199010,"Apparatus for functional exploratory examination, parts and accessories thereof",8524929000,"Flat panel display modules,of OLED,w/n incorporating touch-sensitive screens,nes",False,different chapter,many to many,conc-10-stats-2022.xlsx,2026-09-07
9018199090,"Electro-diagnostic apparatus, nes",8524929000,"Flat panel display modules,of OLED,w/n incorporating touch-sensitive screens,nes",False,different chapter,many to many,conc-10-stats-2022.xlsx,2026-09-07
9018200000,Ultra-violet or infra red ray apparatus,8524929000,"Flat panel display modules,of OLED,w/n incorporating touch-sensitive screens,nes",False,different chapter,many to many,conc-10-stats-2022.xlsx,2026-09-07
9018410000,Dental drill engines,8524929000,"Flat panel display modules,of OLED,w/n incorporating touch-sensitive screens,nes",False,different chapter,many to many,conc-10-stats-2022.xlsx,2026-09-07
9018490000,"Instruments and appliances, used in dental science, nes",8524929000,"Flat panel display modules,of OLED,w/n incorporating touch-sensitive screens,nes",False,different chapter,many to many,conc-10-stats-2022.xlsx,2026-09-07
9018500000,"Ophthalmic instruments and appliances, nes",8524929000,"Flat panel display modules,of OLED,w/n incorporating touch-sensitive screens,nes",False,different chapter,many to many,conc-10-stats-2022.xlsx,2026-09-07
9018901000,Defibrillators,8524929000,"Flat panel display modules,of OLED,w/n incorporating touch-sensitive screens,nes",False,different chapter,many to many,conc-10-stats-2022.xlsx,2026-09-07
9018902000,Printed circuit assemblies for defibrillators,8524929000,"Flat panel display modules,of OLED,w/n incorporating touch-sensitive screens,nes",False,different chapter,many to many,conc-10-stats-2022.xlsx,2026-09-07
9018909083,Parts and accessories for electro-surgical instruments and appliances,8524929000,"Flat panel display modules,of OLED,w/n incorporating touch-sensitive screens,nes",False,different chapter,many to many,conc-10-stats-2022.xlsx,2026-09-07
9018909084,Parts and accessories or dialysis instruments and appliances,8524929000,"Flat panel display modules,of OLED,w/n incorporating touch-sensitive screens,nes",False,different chapter,many to many,conc-10-stats-2022.xlsx,2026-09-07
9018909085,Parts and accessories for other electro-medical instruments and appliances,8524929000,"Flat panel display modules,of OLED,w/n incorporating touch-sensitive screens,nes",False,different chapter,many to many,conc-10-stats-2022.xlsx,2026-09-07
9018909089,"Parts & accessories,of instruments & appl for medical/surgical/vet sciences,nes",8524929000,"Flat panel display modules,of OLED,w/n incorporating touch-sensitive screens,nes",False,different chapter,many to many,conc-10-stats-2022.xlsx,2026-09-07
9019100010,Mechano-therapy appl; pwr-op message appl; psychological aptitude-testing app,8524929000,"Flat panel display modules,of OLED,w/n incorporating touch-sensitive screens,nes",False,different chapter,many to many,conc-10-stats-2022.xlsx,2026-09-07
9019100020,"Massage apparatus, manually operated",8524929000,"Flat panel display modules,of OLED,w/n incorporating touch-sensitive screens,nes",False,different chapter,many to many,conc-10-stats-2022.xlsx,2026-09-07
9019200000,"Ozone, oxygen or aerosol therapy, artifical resptn/other therapeutic resptn app",8524929000,"Flat panel display modules,of OLED,w/n incorporating touch-sensitive screens,nes",False,different chapter,many to many,conc-10-stats-2022.xlsx,2026-09-07
9022901000,"Radiation generator units, including parts and accessories",8524929000,"Flat panel display modules,of OLED,w/n incorporating touch-sensitive screens,nes",False,different chapter,many to many,conc-10-stats-2022.xlsx,2026-09-07
9022902000,"Radiation beam delivery units, including parts and accessories",8524929000,"Flat panel display modules,of OLED,w/n incorporating touch-sensitive screens,nes",False,different chapter,many to many,conc-10-stats-2022.xlsx,2026-09-07
9022909000,"Parts and accessories, for apparatus based on alpha/beta/gamma radiation,etc,nes",8524929000,"Flat panel display modules,of OLED,w/n incorporating touch-sensitive screens,nes",False,different chapter,many to many,conc-10-stats-2022.xlsx,2026-09-07
9025900000,"Pts & access,f hydrometers,sim floating inst,thermo,pyrometers,baro,hygro,psychr",8524929000,"Flat panel display modules,of OLED,w/n incorporating touch-sensitive screens,nes",False,different chapter,many to many,conc-10-stats-2022.xlsx,2026-09-07
9029900000,"P&a,of revol/prod counters,taximeters,pedometers,tachometers,stroboscopes,etc",8524929000,"Flat panel display modules,of OLED,w/n incorporating touch-sensitive screens,nes",False,different chapter,many to many,conc-10-stats-2022.xlsx,2026-09-07
9030900000,"P&a,for oscillos,spectrum analyzers,instr f meas/chk elec qty or meas/detect rad",8524929000,"Flat panel display modules,of OLED,w/n incorporating touch-sensitive screens,nes",False,different chapter,many to many,conc-10-stats-2022.xlsx,2026-09-07
9032900000,"Parts & accessories,for automatic regulating/controlling instruments & apparatus",8524929000,"Flat panel display modules,of OLED,w/n incorporating touch-sensitive screens,nes",False,different chapter,many to many,conc-10-stats-2022.xlsx,2026-09-07
9033000000,"Parts & accessories,f mach/appliances/instruments/apparatus of Chapter 90, nes",8524929000,"Flat panel display modules,of OLED,w/n incorporating touch-sensitive screens,nes",False,different chapter,many to many,conc-10-stats-2022.xlsx,2026-09-07
9114900000,"Clock or watch parts, nes",8524929000,"Flat panel display modules,of OLED,w/n incorporating touch-sensitive screens,nes",False,different chapter,many to many,conc-10-stats-2022.xlsx,2026-09-07
9504300080,"P&a,f games,op coins/banknotes/bank cards/tokens/o,o/t billards/auto bowl equip",8524929000,"Flat panel display modules,of OLED,w/n incorporating touch-sensitive screens,nes",False,different chapter,many to many,conc-10-stats-2022.xlsx,2026-09-07
9504500080,"Parts & accessories, of video game consoles & machines, o/t those of No 9504.30",8524929000,"Flat panel display modules,of OLED,w/n incorporating touch-sensitive screens,nes",False,different chapter,many to many,conc-10-stats-2022.xlsx,2026-09-07
9504900090,"Games, operated by coins/banknotes/bank cards/tokens/other means of payment, nes",8524929000,"Flat panel display modules,of OLED,w/n incorporating touch-sensitive screens,nes",False,different chapter,many to many,conc-10-stats-2022.xlsx,2026-09-07
9506910010,Exercise bicycle,8524929000,"Flat panel display modules,of OLED,w/n incorporating touch-sensitive screens,nes",False,different chapter,many to many,conc-10-stats-2022.xlsx,2026-09-07
9506910090,"Articles & equipment for general physical exercise, gymnastics or athletics, nes",8524929000,"Flat panel display modules,of OLED,w/n incorporating touch-sensitive screens,nes",False,different chapter,many to many,conc-10-stats-2022.xlsx,2026-09-07
8708299990,"Parts and accessories,of bodies,for the motor vehicles of Nos 87.01 to 87.05,nes",8524991000,"Flat panel disp modules,w/n touch-sens screen,o/t LCD/OLED,f Nos 87.01-87.05,nes",False,different chapter,many to many,conc-10-stats-2022.xlsx,2026-09-07
8708999919,"Parts & accessories,for motor vehicles for the transport of persons of No 87.03",8524991000,"Flat panel disp modules,w/n touch-sens screen,o/t LCD/OLED,f Nos 87.01-87.05,nes",False,different chapter,many to many,conc-10-stats-2022.xlsx,2026-09-07
8708999999,"Parts and accessories, for the motor vehicles of Nos 87.01 to 87.05, nes",8524991000,"Flat panel disp modules,w/n touch-sens screen,o/t LCD/OLED,f Nos 87.01-87.05,nes",False,different chapter,many to many,conc-10-stats-2022.xlsx,2026-09-07
8509909000,Parts of grape crushers or ultrasonic vaporizers for domestic purposes,8524992000,"Replacement pts,o/t u in goods tariff item No 8509.40.90/8509.80.90/LCD/OLED,nes",False,same chapter,split,conc-10-stats-2022.xlsx,2026-09-07
8415903000,"Chassis, chassis bases or outer cabinets, for air conditioning machines",8524999000,"Flat panel display modules,w/n incorporating touch-sens screens,o/t LCD/OLED,nes",False,different chapter,many to many,conc-10-stats-2022.xlsx,2026-09-07
8419900010,"Parts, of machinery and plant, for making paper pulp, paper or paperboard",8524999000,"Flat panel display modules,w/n incorporating touch-sens screens,o/t LCD/OLED,nes",False,different chapter,many to many,conc-10-stats-2022.xlsx,2026-09-07
8419900020,"Parts, of apparatus, of a type used in restaurants, hotels or similar locations",8524999000,"Flat panel display modules,w/n incorporating touch-sens screens,o/t LCD/OLED,nes",False,different chapter,many to many,conc-10-stats-2022.xlsx,2026-09-07
8419900030,"Parts, of medical, surgical or laboratory sterilizers",8524999000,"Flat panel display modules,w/n incorporating touch-sens screens,o/t LCD/OLED,nes",False,different chapter,many to many,conc-10-stats-2022.xlsx,2026-09-07
8419900090,"Pts,mchy/plant/lab equip,f treat by chang temp & insta/strg wat heat,n-elec,nes",8524999000,"Flat panel display modules,w/n incorporating touch-sens screens,o/t LCD/OLED,nes",False,different chapter,many to many,conc-10-stats-2022.xlsx,2026-09-07
8423900000,Weighing machine weights of all kinds; parts of weighing machinery,8524999000,"Flat panel display modules,w/n incorporating touch-sens screens,o/t LCD/OLED,nes",False,different chapter,many to many,conc-10-stats-2022.xlsx,2026-09-07
8431100090,"Parts, of pulley tackle & hoists o/t skip hoists, winches & capstans, jacks, nes",8524999000,"Flat panel display modules,w/n incorporating touch-sens screens,o/t LCD/OLED,nes",False,different chapter,many to many,conc-10-stats-2022.xlsx,2026-09-07
8431200000,Parts for fork-lift trucks or trucks fitted with lifting or handling equipment,8524999000,"Flat panel display modules,w/n incorporating touch-sens screens,o/t LCD/OLED,nes",False,different chapter,many to many,conc-10-stats-2022.xlsx,2026-09-07
8431310010,Parts of lifts,8524999000,"Flat panel display modules,w/n incorporating touch-sens screens,o/t LCD/OLED,nes",False,different chapter,many to many,conc-10-stats-2022.xlsx,2026-09-07
8431310020,Parts of skip hoists,8524999000,"Flat panel display modules,w/n incorporating touch-sens screens,o/t LCD/OLED,nes",False,different chapter,many to many,conc-10-stats-2022.xlsx,2026-09-07
8431310030,Parts of escalators,8524999000,"Flat panel display modules,w/n incorporating touch-sens screens,o/t LCD/OLED,nes",False,different chapter,many to many,conc-10-stats-2022.xlsx,2026-09-07
8431390010,Parts of pneumatic or other continuous-action elevators and conveyors,8524999000,"Flat panel display modules,w/n incorporating touch-sens screens,o/t LCD/OLED,nes",False,different chapter,many to many,conc-10-stats-2022.xlsx,2026-09-07
8431390020,Parts of self-propelled crawler mounted pipelayers,8524999000,"Flat panel display modules,w/n incorporating touch-sens screens,o/t LCD/OLED,nes",False,different chapter,many to many,conc-10-stats-2022.xlsx,2026-09-07
8431390090,"Parts of other lifting/handling/loading/unloading machinery, nes",8524999000,"Flat panel display modules,w/n incorporating touch-sens screens,o/t LCD/OLED,nes",False,different chapter,many to many,conc-10-stats-2022.xlsx,2026-09-07
8431430020,"Parts for oil and gas field, boring or sinking machinery",8524999000,"Flat panel display modules,w/n incorporating touch-sens screens,o/t LCD/OLED,nes",False,different chapter,many to many,conc-10-stats-2022.xlsx,2026-09-07
8431430090,"Parts, for other boring and sinking machinery, nes",8524999000,"Flat panel display modules,w/n incorporating touch-sens screens,o/t LCD/OLED,nes",False,different chapter,many to many,conc-10-stats-2022.xlsx,2026-09-07
8431490012,"Parts of mobile lifting frames,straddle carriers & work trucks fitted w a crane",8524999000,"Flat panel display modules,w/n incorporating touch-sens screens,o/t LCD/OLED,nes",False,different chapter,many to many,conc-10-stats-2022.xlsx,2026-09-07
8431490019,"Parts of derricks or cranes, nes",8524999000,"Flat panel display modules,w/n incorporating touch-sens screens,o/t LCD/OLED,nes",False,different chapter,many to many,conc-10-stats-2022.xlsx,2026-09-07
8431490091,Parts of coal or rock cutters & tunneling machinery,8524999000,"Flat panel display modules,w/n incorporating touch-sens screens,o/t LCD/OLED,nes",False,different chapter,many to many,conc-10-stats-2022.xlsx,2026-09-07
8431490099,"Parts,of cranes,work-trucks,shovels & o const machinery,of No 84.29/84.30,nes",8524999000,"Flat panel display modules,w/n incorporating touch-sens screens,o/t LCD/OLED,nes",False,different chapter,many to many,conc-10-stats-2022.xlsx,2026-09-07
8443990090,"Other parts and accessories of printing machinery, nes",8524999000,"Flat panel display modules,w/n incorporating touch-sens screens,o/t LCD/OLED,nes",False,different chapter,many to many,conc-10-stats-2022.xlsx,2026-09-07
8473210000,"Parts & accessories,of electronic calculating mach of No 8470.10/8470.21/8470.29",8524999000,"Flat panel display modules,w/n incorporating touch-sens screens,o/t LCD/OLED,nes",False,different chapter,many to many,conc-10-stats-2022.xlsx,2026-09-07
8473290000,"Parts and accessories, of calculating and accounting machines of No 84.70, nes",8524999000,"Flat panel display modules,w/n incorporating touch-sens screens,o/t LCD/OLED,nes",False,different chapter,many to many,conc-10-stats-2022.xlsx,2026-09-07
8473302000,Printed circuit assemblies of the machines of heading 84.71,8524999000,"Flat panel display modules,w/n incorporating touch-sens screens,o/t LCD/OLED,nes",False,different chapter,many to many,conc-10-stats-2022.xlsx,2026-09-07
8473303000,"Parts & accessories, of printed circuit assemblies, for machines of No 84.71",8524999000,"Flat panel display modules,w/n incorporating touch-sens screens,o/t LCD/OLED,nes",False,different chapter,many to many,conc-10-stats-2022.xlsx,2026-09-07
8473309000,"Pts & access f: adpm,units t/o,magnt/opt readers,mach f transcr/process data,nes",8524999000,"Flat panel display modules,w/n incorporating touch-sens screens,o/t LCD/OLED,nes",False,different chapter,many to many,conc-10-stats-2022.xlsx,2026-09-07
8473400000,"Parts and accessories, of office machines of No 84.72",8524999000,"Flat panel display modules,w/n incorporating touch-sens screens,o/t LCD/OLED,nes",False,different chapter,many to many,conc-10-stats-2022.xlsx,2026-09-07
8473501000,"Printed crt asy,equally suit for use w mach of two or more Nos 84.70 to 84.72",8524999000,"Flat panel display modules,w/n incorporating touch-sens screens,o/t LCD/OLED,nes",False,different chapter,many to many,conc-10-stats-2022.xlsx,2026-09-07
8473502000,"Pts & access,of printed circuit asy,f use w mach of two/more Nos 84.70 to 84.72",8524999000,"Flat panel display modules,w/n incorporating touch-sens screens,o/t LCD/OLED,nes",False,different chapter,many to many,conc-10-stats-2022.xlsx,2026-09-07
8473509000,"Printed crt asy,equally suit for use w mach of two/more Nos 84.70 to 84.72,nda",8524999000,"Flat panel display modules,w/n incorporating touch-sens screens,o/t LCD/OLED,nes",False,different chapter,many to many,conc-10-stats-2022.xlsx,2026-09-07
8476900000,"Parts, of automatic goods-vending machine",8524999000,"Flat panel display modules,w/n incorporating touch-sens screens,o/t LCD/OLED,nes",False,different chapter,many to many,conc-10-stats-2022.xlsx,2026-09-07
8486900000,"Parts & accessories,of machines & apparatus specified in Note 9 (C) to Chapter",8524999000,"Flat panel display modules,w/n incorporating touch-sens screens,o/t LCD/OLED,nes",False,different chapter,many to many,conc-10-stats-2022.xlsx,2026-09-07
8504901000,Printed circuit assemblies for static converters or other inductors,8524999000,"Flat panel display modules,w/n incorporating touch-sens screens,o/t LCD/OLED,nes",False,same chapter,many to many,conc-10-stats-2022.xlsx,2026-09-07
8504909081,Parts of electric transformers having a power handling capacity < 500 kVA,8524999000,"Flat panel display modules,w/n incorporating touch-sens screens,o/t LCD/OLED,nes",False,same chapter,many to many,conc-10-stats-2022.xlsx,2026-09-07
8504909082,Parts of electric transformers having a power handling capacity >= 500 kVA,8524999000,"Flat panel display modules,w/n incorporating touch-sens screens,o/t LCD/OLED,nes",False,same chapter,many to many,conc-10-stats-2022.xlsx,2026-09-07
8504909090,"Parts, of electrical transformers, static converters and inductors, nes",8524999000,"Flat panel display modules,w/n incorporating touch-sens screens,o/t LCD/OLED,nes",False,same chapter,many to many,conc-10-stats-2022.xlsx,2026-09-07
8509902000,"Parts,f manufacture of goods of No 85.09 & goods of No 8509.40.90 or 8509.80.90",8524999000,"Flat panel display modules,w/n incorporating touch-sens screens,o/t LCD/OLED,nes",False,same chapter,many to many,conc-10-stats-2022.xlsx,2026-09-07
8516904000,Printed circuit assemblies for domestic microwave ovens,8524999000,"Flat panel display modules,w/n incorporating touch-sens screens,o/t LCD/OLED,nes",False,same chapter,many to many,conc-10-stats-2022.xlsx,2026-09-07
8516906000,"Top surface panels,w/n with htg elements or controls, for ovens or cookers, dom",8524999000,"Flat panel display modules,w/n incorporating touch-sens screens,o/t LCD/OLED,nes",False,same chapter,many to many,conc-10-stats-2022.xlsx,2026-09-07
8516909070,Parts for ovens or cookers,8524999000,"Flat panel display modules,w/n incorporating touch-sens screens,o/t LCD/OLED,nes",False,same chapter,many to many,conc-10-stats-2022.xlsx,2026-09-07
8516909090,"Pts,of elec insta/strg wat & imm heat,elec htg app,electro-thermic appl dom,nes",8524999000,"Flat panel display modules,w/n incorporating touch-sens screens,o/t LCD/OLED,nes",False,same chapter,many to many,conc-10-stats-2022.xlsx,2026-09-07
8517700000,"Pts,of tel sets & app f trans/recep vce/img/data,o/t Nos 84.43/85.25/85.27/85.28",8524999000,"Flat panel display modules,w/n incorporating touch-sens screens,o/t LCD/OLED,nes",False,same chapter,many to many,conc-10-stats-2022.xlsx,2026-09-07
8522901000,Printed circuit assemblies for apparatus of headings 85.19 to 85.21,8524999000,"Flat panel display modules,w/n incorporating touch-sens screens,o/t LCD/OLED,nes",False,same chapter,many to many,conc-10-stats-2022.xlsx,2026-09-07
8522909000,"Parts and accessories, for sound/video recording/reproducing apparatus, nes",8524999000,"Flat panel display modules,w/n incorporating touch-sens screens,o/t LCD/OLED,nes",False,same chapter,many to many,conc-10-stats-2022.xlsx,2026-09-07
8529901000,Parts for printed circuit assemblies,8524999000,"Flat panel display modules,w/n incorporating touch-sens screens,o/t LCD/OLED,nes",False,same chapter,many to many,conc-10-stats-2022.xlsx,2026-09-07
8529903100,"Combinations of parts of tv receivers, video process & ampli syst, tuners, etc",8524999000,"Flat panel display modules,w/n incorporating touch-sens screens,o/t LCD/OLED,nes",False,same chapter,many to many,conc-10-stats-2022.xlsx,2026-09-07
8529903900,"Parts of of tv receivers,video process & ampli syst, tuners, tuner cntl,etc, nes",8524999000,"Flat panel display modules,w/n incorporating touch-sens screens,o/t LCD/OLED,nes",False,same chapter,many to many,conc-10-stats-2022.xlsx,2026-09-07
8529905000,"Parts, including face plates and lock latches, for printed circuit assemblies",8524999000,"Flat panel display modules,w/n incorporating touch-sens screens,o/t LCD/OLED,nes",False,same chapter,many to many,conc-10-stats-2022.xlsx,2026-09-07
8529906000,"Parts of goods of heading 85.25 or 85.27, o/t parts of cellular telephones, nes",8524999000,"Flat panel display modules,w/n incorporating touch-sens screens,o/t LCD/OLED,nes",False,same chapter,many to many,conc-10-stats-2022.xlsx,2026-09-07
8529909000,"Parts for apparatus of headings 85.25 to 85.28, nes",8524999000,"Flat panel display modules,w/n incorporating touch-sens screens,o/t LCD/OLED,nes",False,same chapter,many to many,conc-10-stats-2022.xlsx,2026-09-07
8543900000,"Parts,of electrical machines & app,having individual functions,nes in Chapter 85",8524999000,"Flat panel display modules,w/n incorporating touch-sens screens,o/t LCD/OLED,nes",False,same chapter,many to many,conc-10-stats-2022.xlsx,2026-09-07
8708299100,"P&a of bodies,for veterinary units & mfr fire fighting vehicles,pts for tractors",8524999000,"Flat panel display modules,w/n incorporating touch-sens screens,o/t LCD/OLED,nes",False,different chapter,many to many,conc-10-stats-2022.xlsx,2026-09-07
8708999100,"Pts,f trac No 87.01,o/t road/etc & afmket gas tanks;p&a vet & fire fight veh,nes",8524999000,"Flat panel display modules,w/n incorporating touch-sens screens,o/t LCD/OLED,nes",False,different chapter,many to many,conc-10-stats-2022.xlsx,2026-09-07
8714100000,"Motorcycle parts, including mopeds, nes",8524999000,"Flat panel display modules,w/n incorporating touch-sens screens,o/t LCD/OLED,nes",False,different chapter,many to many,conc-10-stats-2022.xlsx,2026-09-07
8714200000,"Parts of carriages for disabled persons, nes",8524999000,"Flat panel display modules,w/n incorporating touch-sens screens,o/t LCD/OLED,nes",False,different chapter,many to many,conc-10-stats-2022.xlsx,2026-09-07
8714999000,"Parts and accessories, of bicycles, other cycles or side-cars, nes",8524999000,"Flat panel display modules,w/n incorporating touch-sens screens,o/t LCD/OLED,nes",False,different chapter,many to many,conc-10-stats-2022.xlsx,2026-09-07
8803300000,"Parts of airplanes or helicopters, nes",8524999000,"Flat panel display modules,w/n incorporating touch-sens screens,o/t LCD/OLED,nes",False,different chapter,many to many,conc-10-stats-2022.xlsx,2026-09-07
8803900000,"Parts of balloons, dirigibles, gliders, spacecraft, satellites, etc, nes",8524999000,"Flat panel display modules,w/n incorporating touch-sens screens,o/t LCD/OLED,nes",False,different chapter,many to many,conc-10-stats-2022.xlsx,2026-09-07
9015900000,"P&a,f surveying/hydrographic/ocean/hydrol/meteo/geoph inst & appl & rangefinders",8524999000,"Flat panel display modules,w/n incorporating touch-sens screens,o/t LCD/OLED,nes",False,different chapter,many to many,conc-10-stats-2022.xlsx,2026-09-07
9017900000,Parts and accessories for use with the apparatus of No 90.17,8524999000,"Flat panel display modules,w/n incorporating touch-sens screens,o/t LCD/OLED,nes",False,different chapter,many to many,conc-10-stats-2022.xlsx,2026-09-07
9018119100,Printed circuit assemblies for electro-cardiographs,8524999000,"Flat panel display modules,w/n incorporating touch-sens screens,o/t LCD/OLED,nes",False,different chapter,many to many,conc-10-stats-2022.xlsx,2026-09-07
9018119900,"Parts and accessories for electro-cardiographs, nes",8524999000,"Flat panel display modules,w/n incorporating touch-sens screens,o/t LCD/OLED,nes",False,different chapter,many to many,conc-10-stats-2022.xlsx,2026-09-07
9018120000,Electro-diagnostic ultrasonic scanning apparatus,8524999000,"Flat panel display modules,w/n incorporating touch-sens screens,o/t LCD/OLED,nes",False,different chapter,many to many,conc-10-stats-2022.xlsx,2026-09-07
9018130000,Electro-diagnostic magnetic resonance imaging apparatus,8524999000,"Flat panel display modules,w/n incorporating touch-sens screens,o/t LCD/OLED,nes",False,different chapter,many to many,conc-10-stats-2022.xlsx,2026-09-07
9018140000,Electro-diagnostic scinitigraphic apparatus,8524999000,"Flat panel display modules,w/n incorporating touch-sens screens,o/t LCD/OLED,nes",False,different chapter,many to many,conc-10-stats-2022.xlsx,2026-09-07
9018191010,"Patient monitoring sys cmplt,incorp func such as monitor temp,blood pres & pulse",8524999000,"Flat panel display modules,w/n incorporating touch-sens screens,o/t LCD/OLED,nes",False,different chapter,many to many,conc-10-stats-2022.xlsx,2026-09-07
9018191090,"Patient monitoring systems, o/t complete, nes",8524999000,"Flat panel display modules,w/n incorporating touch-sens screens,o/t LCD/OLED,nes",False,different chapter,many to many,conc-10-stats-2022.xlsx,2026-09-07
9018199010,"Apparatus for functional exploratory examination, parts and accessories thereof",8524999000,"Flat panel display modules,w/n incorporating touch-sens screens,o/t LCD/OLED,nes",False,different chapter,many to many,conc-10-stats-2022.xlsx,2026-09-07
9018199090,"Electro-diagnostic apparatus, nes",8524999000,"Flat panel display modules,w/n incorporating touch-sens screens,o/t LCD/OLED,nes",False,different chapter,many to many,conc-10-stats-2022.xlsx,2026-09-07
9018200000,Ultra-violet or infra red ray apparatus,8524999000,"Flat panel display modules,w/n incorporating touch-sens screens,o/t LCD/OLED,nes",False,different chapter,many to many,conc-10-stats-2022.xlsx,2026-09-07
9018410000,Dental drill engines,8524999000,"Flat panel display modules,w/n incorporating touch-sens screens,o/t LCD/OLED,nes",False,different chapter,many to many,conc-10-stats-2022.xlsx,2026-09-07
9018490000,"Instruments and appliances, used in dental science, nes",8524999000,"Flat panel display modules,w/n incorporating touch-sens screens,o/t LCD/OLED,nes",False,different chapter,many to many,conc-10-stats-2022.xlsx,2026-09-07
9018500000,"Ophthalmic instruments and appliances, nes",8524999000,"Flat panel display modules,w/n incorporating touch-sens screens,o/t LCD/OLED,nes",False,different chapter,many to many,conc-10-stats-2022.xlsx,2026-09-07
9018901000,Defibrillators,8524999000,"Flat panel display modules,w/n incorporating touch-sens screens,o/t LCD/OLED,nes",False,different chapter,many to many,conc-10-stats-2022.xlsx,2026-09-07
9018902000,Printed circuit assemblies for defibrillators,8524999000,"Flat panel display modules,w/n incorporating touch-sens screens,o/t LCD/OLED,nes",False,different chapter,many to many,conc-10-stats-2022.xlsx,2026-09-07
9018909083,Parts and accessories for electro-surgical instruments and appliances,8524999000,"Flat panel display modules,w/n incorporating touch-sens screens,o/t LCD/OLED,nes",False,different chapter,many to many,conc-10-stats-2022.xlsx,2026-09-07
9018909084,Parts and accessories or dialysis instruments and appliances,8524999000,"Flat panel display modules,w/n incorporating touch-sens screens,o/t LCD/OLED,nes",False,different chapter,many to many,conc-10-stats-2022.xlsx,2026-09-07
9018909085,Parts and accessories for other electro-medical instruments and appliances,8524999000,"Flat panel display modules,w/n incorporating touch-sens screens,o/t LCD/OLED,nes",False,different chapter,many to many,conc-10-stats-2022.xlsx,2026-09-07
9018909089,"Parts & accessories,of instruments & appl for medical/surgical/vet sciences,nes",8524999000,"Flat panel display modules,w/n incorporating touch-sens screens,o/t LCD/OLED,nes",False,different chapter,many to many,conc-10-stats-2022.xlsx,2026-09-07
9019100010,Mechano-therapy appl; pwr-op message appl; psychological aptitude-testing app,8524999000,"Flat panel display modules,w/n incorporating touch-sens screens,o/t LCD/OLED,nes",False,different chapter,many to many,conc-10-stats-2022.xlsx,2026-09-07
9019100020,"Massage apparatus, manually operated",8524999000,"Flat panel display modules,w/n incorporating touch-sens screens,o/t LCD/OLED,nes",False,different chapter,many to many,conc-10-stats-2022.xlsx,2026-09-07
9019200000,"Ozone, oxygen or aerosol therapy, artifical resptn/other therapeutic resptn app",8524999000,"Flat panel display modules,w/n incorporating touch-sens screens,o/t LCD/OLED,nes",False,different chapter,many to many,conc-10-stats-2022.xlsx,2026-09-07
9022901000,"Radiation generator units, including parts and accessories",8524999000,"Flat panel display modules,w/n incorporating touch-sens screens,o/t LCD/OLED,nes",False,different chapter,many to many,conc-10-stats-2022.xlsx,2026-09-07
9022902000,"Radiation beam delivery units, including parts and accessories",8524999000,"Flat panel display modules,w/n incorporating touch-sens screens,o/t LCD/OLED,nes",False,different chapter,many to many,conc-10-stats-2022.xlsx,2026-09-07
9022909000,"Parts and accessories, for apparatus based on alpha/beta/gamma radiation,etc,nes",8524999000,"Flat panel display modules,w/n incorporating touch-sens screens,o/t LCD/OLED,nes",False,different chapter,many to many,conc-10-stats-2022.xlsx,2026-09-07
9025900000,"Pts & access,f hydrometers,sim floating inst,thermo,pyrometers,baro,hygro,psychr",8524999000,"Flat panel display modules,w/n incorporating touch-sens screens,o/t LCD/OLED,nes",False,different chapter,many to many,conc-10-stats-2022.xlsx,2026-09-07
9029900000,"P&a,of revol/prod counters,taximeters,pedometers,tachometers,stroboscopes,etc",8524999000,"Flat panel display modules,w/n incorporating touch-sens screens,o/t LCD/OLED,nes",False,different chapter,many to many,conc-10-stats-2022.xlsx,2026-09-07
9030900000,"P&a,for oscillos,spectrum analyzers,instr f meas/chk elec qty or meas/detect rad",8524999000,"Flat panel display modules,w/n incorporating touch-sens screens,o/t LCD/OLED,nes",False,different chapter,many to many,conc-10-stats-2022.xlsx,2026-09-07
9032900000,"Parts & accessories,for automatic regulating/controlling instruments & apparatus",8524999000,"Flat panel display modules,w/n incorporating touch-sens screens,o/t LCD/OLED,nes",False,different chapter,many to many,conc-10-stats-2022.xlsx,2026-09-07
9033000000,"Parts & accessories,f mach/appliances/instruments/apparatus of Chapter 90, nes",8524999000,"Flat panel display modules,w/n incorporating touch-sens screens,o/t LCD/OLED,nes",False,different chapter,many to many,conc-10-stats-2022.xlsx,2026-09-07
9114900000,"Clock or watch parts, nes",8524999000,"Flat panel display modules,w/n incorporating touch-sens screens,o/t LCD/OLED,nes",False,different chapter,many to many,conc-10-stats-2022.xlsx,2026-09-07
9504300080,"P&a,f games,op coins/banknotes/bank cards/tokens/o,o/t billards/auto bowl equip",8524999000,"Flat panel display modules,w/n incorporating touch-sens screens,o/t LCD/OLED,nes",False,different chapter,many to many,conc-10-stats-2022.xlsx,2026-09-07
9504500080,"Parts & accessories, of video game consoles & machines, o/t those of No 9504.30",8524999000,"Flat panel display modules,w/n incorporating touch-sens screens,o/t LCD/OLED,nes",False,different chapter,many to many,conc-10-stats-2022.xlsx,2026-09-07
9504900090,"Games, operated by coins/banknotes/bank cards/tokens/other means of payment, nes",8524999000,"Flat panel display modules,w/n incorporating touch-sens screens,o/t LCD/OLED,nes",False,different chapter,many to many,conc-10-stats-2022.xlsx,2026-09-07
9506910010,Exercise bicycle,8524999000,"Flat panel display modules,w/n incorporating touch-sens screens,o/t LCD/OLED,nes",False,different chapter,many to many,conc-10-stats-2022.xlsx,2026-09-07
9506910090,"Articles & equipment for general physical exercise, gymnastics or athletics, nes",8524999000,"Flat panel display modules,w/n incorporating touch-sens screens,o/t LCD/OLED,nes",False,different chapter,many to many,conc-10-stats-2022.xlsx,2026-09-07
8525800040,Television cameras,8525810000,"Tv,digital cameras & video camera recorders,hi-sp gds spec Subhding Note 1 to Ch",False,same heading,many to many,conc-10-stats-2022.xlsx,2026-09-07
8525800050,Digital cameras and video camera recorders,8525810000,"Tv,digital cameras & video camera recorders,hi-sp gds spec Subhding Note 1 to Ch",False,same heading,many to many,conc-10-stats-2022.xlsx,2026-09-07
8525800040,Television cameras,8525820000,"Tv, dig & video camera/recorders,rad-hrd/tolerant gds spec Subhding Note 2 to Ch",False,same heading,many to many,conc-10-stats-2022.xlsx,2026-09-07
8525800050,Digital cameras and video camera recorders,8525820000,"Tv, dig & video camera/recorders,rad-hrd/tolerant gds spec Subhding Note 2 to Ch",False,same heading,many to many,conc-10-stats-2022.xlsx,2026-09-07
8525800040,Television cameras,8525830000,"Tv, digital & video camera/recorders,night vision gds spec Subhding Note 3 to Ch",False,same heading,many to many,conc-10-stats-2022.xlsx,2026-09-07
8525800050,Digital cameras and video camera recorders,8525830000,"Tv, digital & video camera/recorders,night vision gds spec Subhding Note 3 to Ch",False,same heading,many to many,conc-10-stats-2022.xlsx,2026-09-07
8525800040,Television cameras,8525890010,"Television cameras,o/t high-speed,radiation-hardened/tolerant/night vision goods",False,same heading,split,conc-10-stats-2022.xlsx,2026-09-07
8525800050,Digital cameras and video camera recorders,8525890020,"Dig, video cameras,o/t high-speed,radiation-hardened/tolerant/night vision goods",False,same heading,split,conc-10-stats-2022.xlsx,2026-09-07
8529100010,"Aerials & aerial reflectors of all kinds and parts for use therewith, for radio",8529100010,"Parts, for radiio, of aerials and aerial reflectors of all kinds",True,same code,split,conc-10-stats-2022.xlsx,2026-09-07
8529100020,"Aerials & aerial reflectors of all kinds and parts of, for television",8529100020,"Parts, for television, of aerials and aerial reflectors of all kinds",True,same code,split,conc-10-stats-2022.xlsx,2026-09-07
8529100030,"Aerials & aerial reflectors and parts of, for radar/radio navgn aid/remote cntl",8529100030,"Parts, for radar/radio navgn aid/remote control,of aerials and aerial reflectors",True,same code,split,conc-10-stats-2022.xlsx,2026-09-07
8529100090,"Aerials & aerial reflectors of all kinds and parts for use therewith, nes",8529100090,"Parts, of aerials and aerial reflectors of all kinds, nes",True,same code,split,conc-10-stats-2022.xlsx,2026-09-07
8529901000,Parts for printed circuit assemblies,8529901000,Parts for printed circuit assemblies,True,same code,split,conc-10-stats-2022.xlsx,2026-09-07
8529902000,"Parts, of transceiver assemblies for radar apparatus",8529902000,"Parts, of transceiver assemblies for radar apparatus, nes",True,same code,split,conc-10-stats-2022.xlsx,2026-09-07
8529903100,"Combinations of parts of tv receivers, video process & ampli syst, tuners, etc",8529903100,"Combinations of parts, of tv receivers, video process & ampli syst, tuners, etc",True,same code,split,conc-10-stats-2022.xlsx,2026-09-07
8529903900,"Parts of of tv receivers,video process & ampli syst, tuners, tuner cntl,etc, nes",8529903900,"Parts, of of tv receivers,video process & ampli syst, tuners, tuner cntl,etc, nes",True,same code,split,conc-10-stats-2022.xlsx,2026-09-07
8529905000,"Parts, including face plates and lock latches, for printed circuit assemblies",8529905000,"Parts, including face plates and lock latches, for printed circuit assemblies",True,same code,split,conc-10-stats-2022.xlsx,2026-09-07
8529906000,"Parts of goods of heading 85.25 or 85.27, o/t parts of cellular telephones, nes",8529906000,"Parts, of goods of heading 85.25 or 85.27, o/t parts of cellular telephones, nes",True,same code,split,conc-10-stats-2022.xlsx,2026-09-07
8529909000,"Parts for apparatus of headings 85.25 to 85.28, nes",8529909000,"Parts, for apparatus of headings 85.25 to 85.28, nes",True,same code,split,conc-10-stats-2022.xlsx,2026-09-07
8530900010,"Pts of elec sgnl/safety/traffic control equip,for roads/ports/airfields/etc,nes",8530900010,"Parts, of electrical sgnl/safety/traffic control equip, for railways or tramways",True,same code,split,conc-10-stats-2022.xlsx,2026-09-07
8530900090,"Pts of elec sgnl/safety/traffic control equip,for roads/ports/airfields/etc,nes",8530900090,"Parts,of electrical sgnl, safety/traffic control equipment,o/t rlwy/tramways,nes",True,same code,split,conc-10-stats-2022.xlsx,2026-09-07
8531900010,Pts of elec smoke detect & elec indicat/auto alarm equip f nox gas/vpr in atmos,8531900010,"Pts,of elec smoke detect and elec indicat/auto alarm equip f nox gas/vpr in atmos",True,same code,split,conc-10-stats-2022.xlsx,2026-09-07
8531900090,"Parts of electric sound or visual signalling apparatus, nes",8531900090,"Parts, of electric sound/visual signalling apparatus, o/t of No 85.12/85.30,nes",True,same code,split,conc-10-stats-2022.xlsx,2026-09-07
8538901000,"Parts of ceram/metalc mat elec/mech,react to temp changes,for motor starters,etc",8538901000,"Parts,of ceram/metalc mat elec/mech,react to temp changes,for motor starters",True,same code,split,conc-10-stats-2022.xlsx,2026-09-07
8538902000,"Printed circuit assemblies used with apparatus of No 85.35, 85.36 or 85.37",8538902000,"Parts, of printed circuit assemblies",True,same code,split,conc-10-stats-2022.xlsx,2026-09-07
8538903100,"Moulded pts for mfr relays, microwave, passive infrared or combi microwave, etc",8538903100,"Parts, moulded, for mfr relays, microwave, passive infrared/combi microwave, etc",True,same code,split,conc-10-stats-2022.xlsx,2026-09-07
8538903900,"Moulded parts,ceram/metalc mat,elec/mech reactive to temp change, nes",8538903900,"Parts, moulded, of ceram/metalc material,elec/mech reactive to temp change, nes",True,same code,split,conc-10-stats-2022.xlsx,2026-09-07
8538909010,"Parts of automatic circuit breakers, nes",8538909010,"Parts, of automatic circuit breakers, nes",True,same code,split,conc-10-stats-2022.xlsx,2026-09-07
8538909030,"Parts, of switchgear, switchboards, panel boards and distribution boards, nes",8538909030,"Parts, of switchgear, switchboards, panel boards and distribution boards, nes",True,same code,split,conc-10-stats-2022.xlsx,2026-09-07
8538909090,"Pts,suitable for use solely/principally w apparatus of Nos 85.35/85.36/85.37,nes",8538909090,"Pts,suitable for use solely/principally w apparatus of Nos 85.35/85.36/85.37,nes",True,same code,split,conc-10-stats-2022.xlsx,2026-09-07
8539901000,"Parts for electric lamps, measure/check/test instruments of Ch 90, etc",8539511000,"Light-emitting diode (LED) light sources,elec,incorp into goods of Chapter 85/94",False,same heading,many to many,conc-10-stats-2022.xlsx,2026-09-07
8543700000,"Electrical machines & apparatus, having individual functions, nes in Chapter 85",8539511000,"Light-emitting diode (LED) light sources,elec,incorp into goods of Chapter 85/94",False,same chapter,many to many,conc-10-stats-2022.xlsx,2026-09-07
9405990000,"Parts,of lamps & lighting fittings,illuminated signs/name-plates,the like,nes",8539511000,"Light-emitting diode (LED) light sources,elec,incorp into goods of Chapter 85/94",False,different chapter,many to many,conc-10-stats-2022.xlsx,2026-09-07
8539909000,"Parts for electric filament or discharge lamps,UV or IR lamps & arc-lamps, nes",8539519000,"Light-emitting diode(LED)light src,elec,o/t incorp into goods Chapter 85/94,nes",False,same heading,split,conc-10-stats-2022.xlsx,2026-09-07
8539500000,Light-emitting diode (LED) lamps,8539520000,"Light-emitting diode (LED) lamps, electric, o/t modules",False,same heading,one to one,conc-10-stats-2022.xlsx,2026-09-07
8539901000,"Parts for electric lamps, measure/check/test instruments of Ch 90, etc",8539901000,"Parts,of fi,cathodes/electrodes,mfg electric lamps and goods of spec tariff Nos",True,same code,many to many,conc-10-stats-2022.xlsx,2026-09-07
8543900000,"Parts,of electrical machines & app,having individual functions,nes in Chapter 85",8539901000,"Parts,of fi,cathodes/electrodes,mfg electric lamps and goods of spec tariff Nos",False,same chapter,many to many,conc-10-stats-2022.xlsx,2026-09-07
9405990000,"Parts,of lamps & lighting fittings,illuminated signs/name-plates,the like,nes",8539901000,"Parts,of fi,cathodes/electrodes,mfg electric lamps and goods of spec tariff Nos",False,different chapter,many to many,conc-10-stats-2022.xlsx,2026-09-07
8539909000,"Parts for electric filament or discharge lamps,UV or IR lamps & arc-lamps, nes",8539909000,"Parts,of elec fi/dschg lamps,sealed beam lamp un & UV/IR lamps,arc-lamps,LED,nes",True,same code,many to many,conc-10-stats-2022.xlsx,2026-09-07
8543900000,"Parts,of electrical machines & app,having individual functions,nes in Chapter 85",8539909000,"Parts,of elec fi/dschg lamps,sealed beam lamp un & UV/IR lamps,arc-lamps,LED,nes",False,same chapter,many to many,conc-10-stats-2022.xlsx,2026-09-07
9405990000,"Parts,of lamps & lighting fittings,illuminated signs/name-plates,the like,nes",8539909000,"Parts,of elec fi/dschg lamps,sealed beam lamp un & UV/IR lamps,arc-lamps,LED,nes",False,different chapter,many to many,conc-10-stats-2022.xlsx,2026-09-07
8541400010,Light emitting diodes (LED),8541410000,"Photosens semicon devices,of lt emitting diodes(LED),w/n assem in modules/panels",False,same heading,one to one,conc-10-stats-2022.xlsx,2026-09-07
8541400023,"Solar cells, o/t assembled into modules or made into panels",8541420000,"Photosensitive semicon devices,of photovoltaic cells not assem in modules/panels",False,same heading,merge,conc-10-stats-2022.xlsx,2026-09-07
8541400029,"Photosensitive diodes, nes",8541420000,"Photosensitive semicon devices,of photovoltaic cells not assem in modules/panels",False,same heading,many to many,conc-10-stats-2022.xlsx,2026-09-07
8541400022,Solar cells assembled into modules or made into panels,8541430000,"Photosensitive semicon devices,of photovoltaic cells assembled in modules/panels",False,same heading,merge,conc-10-stats-2022.xlsx,2026-09-07
8541400029,"Photosensitive diodes, nes",8541430000,"Photosensitive semicon devices,of photovoltaic cells assembled in modules/panels",False,same heading,many to many,conc-10-stats-2022.xlsx,2026-09-07
8541400029,"Photosensitive diodes, nes",8541490010,"Photosensitive semiconductor devices, of diodes, nes,w/n assem in modules/panels",False,same heading,split,conc-10-stats-2022.xlsx,2026-09-07
8541400091,"Optical coupled isolators, photosensitive semiconductor devices",8541490020,"Photosens semicon devices, optical coupled isolators,w/n assem in modules/panels",False,same heading,one to one,conc-10-stats-2022.xlsx,2026-09-07
8541400099,"Photosensitive semiconductor devices, nes",8541490090,"Phtosens semicon devices,incl photovoltaic cells,w/n assem in modules/panels,nes",False,same heading,one to one,conc-10-stats-2022.xlsx,2026-09-07
8518900000,"Parts,of microphones,stands;loudspkr;head/earphones;audio-frqcy ampli;ampli sets",8541510000,"Semiconductor devices, semiconductor-based transducers",False,same chapter,many to many,conc-10-stats-2022.xlsx,2026-09-07
8522100000,Pickup cartridges for turntables or record-players,8541510000,"Semiconductor devices, semiconductor-based transducers",False,same chapter,many to many,conc-10-stats-2022.xlsx,2026-09-07
8522901000,Printed circuit assemblies for apparatus of headings 85.19 to 85.21,8541510000,"Semiconductor devices, semiconductor-based transducers",False,same chapter,many to many,conc-10-stats-2022.xlsx,2026-09-07
8522909000,"Parts and accessories, for sound/video recording/reproducing apparatus, nes",8541510000,"Semiconductor devices, semiconductor-based transducers",False,same chapter,many to many,conc-10-stats-2022.xlsx,2026-09-07
8529100010,"Aerials & aerial reflectors of all kinds and parts for use therewith, for radio",8541510000,"Semiconductor devices, semiconductor-based transducers",False,same chapter,many to many,conc-10-stats-2022.xlsx,2026-09-07
8529100020,"Aerials & aerial reflectors of all kinds and parts of, for television",8541510000,"Semiconductor devices, semiconductor-based transducers",False,same chapter,many to many,conc-10-stats-2022.xlsx,2026-09-07
8529100030,"Aerials & aerial reflectors and parts of, for radar/radio navgn aid/remote cntl",8541510000,"Semiconductor devices, semiconductor-based transducers",False,same chapter,many to many,conc-10-stats-2022.xlsx,2026-09-07
8529100090,"Aerials & aerial reflectors of all kinds and parts for use therewith, nes",8541510000,"Semiconductor devices, semiconductor-based transducers",False,same chapter,many to many,conc-10-stats-2022.xlsx,2026-09-07
8529901000,Parts for printed circuit assemblies,8541510000,"Semiconductor devices, semiconductor-based transducers",False,same chapter,many to many,conc-10-stats-2022.xlsx,2026-09-07
8529902000,"Parts, of transceiver assemblies for radar apparatus",8541510000,"Semiconductor devices, semiconductor-based transducers",False,same chapter,many to many,conc-10-stats-2022.xlsx,2026-09-07
8529903100,"Combinations of parts of tv receivers, video process & ampli syst, tuners, etc",8541510000,"Semiconductor devices, semiconductor-based transducers",False,same chapter,many to many,conc-10-stats-2022.xlsx,2026-09-07
8529903900,"Parts of of tv receivers,video process & ampli syst, tuners, tuner cntl,etc, nes",8541510000,"Semiconductor devices, semiconductor-based transducers",False,same chapter,many to many,conc-10-stats-2022.xlsx,2026-09-07
8529905000,"Parts, including face plates and lock latches, for printed circuit assemblies",8541510000,"Semiconductor devices, semiconductor-based transducers",False,same chapter,many to many,conc-10-stats-2022.xlsx,2026-09-07
8529906000,"Parts of goods of heading 85.25 or 85.27, o/t parts of cellular telephones, nes",8541510000,"Semiconductor devices, semiconductor-based transducers",False,same chapter,many to many,conc-10-stats-2022.xlsx,2026-09-07
8529909000,"Parts for apparatus of headings 85.25 to 85.28, nes",8541510000,"Semiconductor devices, semiconductor-based transducers",False,same chapter,many to many,conc-10-stats-2022.xlsx,2026-09-07
8530900010,"Pts of elec sgnl/safety/traffic control equip,for roads/ports/airfields/etc,nes",8541510000,"Semiconductor devices, semiconductor-based transducers",False,same chapter,many to many,conc-10-stats-2022.xlsx,2026-09-07
8530900090,"Pts of elec sgnl/safety/traffic control equip,for roads/ports/airfields/etc,nes",8541510000,"Semiconductor devices, semiconductor-based transducers",False,same chapter,many to many,conc-10-stats-2022.xlsx,2026-09-07
8531900010,Pts of elec smoke detect & elec indicat/auto alarm equip f nox gas/vpr in atmos,8541510000,"Semiconductor devices, semiconductor-based transducers",False,same chapter,many to many,conc-10-stats-2022.xlsx,2026-09-07
8531900090,"Parts of electric sound or visual signalling apparatus, nes",8541510000,"Semiconductor devices, semiconductor-based transducers",False,same chapter,many to many,conc-10-stats-2022.xlsx,2026-09-07
8538901000,"Parts of ceram/metalc mat elec/mech,react to temp changes,for motor starters,etc",8541510000,"Semiconductor devices, semiconductor-based transducers",False,same chapter,many to many,conc-10-stats-2022.xlsx,2026-09-07
8538902000,"Printed circuit assemblies used with apparatus of No 85.35, 85.36 or 85.37",8541510000,"Semiconductor devices, semiconductor-based transducers",False,same chapter,many to many,conc-10-stats-2022.xlsx,2026-09-07
8538903100,"Moulded pts for mfr relays, microwave, passive infrared or combi microwave, etc",8541510000,"Semiconductor devices, semiconductor-based transducers",False,same chapter,many to many,conc-10-stats-2022.xlsx,2026-09-07
8538903900,"Moulded parts,ceram/metalc mat,elec/mech reactive to temp change, nes",8541510000,"Semiconductor devices, semiconductor-based transducers",False,same chapter,many to many,conc-10-stats-2022.xlsx,2026-09-07
8538909010,"Parts of automatic circuit breakers, nes",8541510000,"Semiconductor devices, semiconductor-based transducers",False,same chapter,many to many,conc-10-stats-2022.xlsx,2026-09-07
8538909030,"Parts, of switchgear, switchboards, panel boards and distribution boards, nes",8541510000,"Semiconductor devices, semiconductor-based transducers",False,same chapter,many to many,conc-10-stats-2022.xlsx,2026-09-07
8538909090,"Pts,suitable for use solely/principally w apparatus of Nos 85.35/85.36/85.37,nes",8541510000,"Semiconductor devices, semiconductor-based transducers",False,same chapter,many to many,conc-10-stats-2022.xlsx,2026-09-07
8541500000,"Semiconductor devices, nes",8541510000,"Semiconductor devices, semiconductor-based transducers",False,same heading,many to many,conc-10-stats-2022.xlsx,2026-09-07
8543700000,"Electrical machines & apparatus, having individual functions, nes in Chapter 85",8541510000,"Semiconductor devices, semiconductor-based transducers",False,same chapter,many to many,conc-10-stats-2022.xlsx,2026-09-07
8543900000,"Parts,of electrical machines & app,having individual functions,nes in Chapter 85",8541510000,"Semiconductor devices, semiconductor-based transducers",False,same chapter,many to many,conc-10-stats-2022.xlsx,2026-09-07
9025900000,"Pts & access,f hydrometers,sim floating inst,thermo,pyrometers,baro,hygro,psychr",8541510000,"Semiconductor devices, semiconductor-based transducers",False,different chapter,many to many,conc-10-stats-2022.xlsx,2026-09-07
9026900000,"P&a, f inst & app meas/chk flow/level/pres/o var of liq/gases,o/t 90.14/15/28/32",8541510000,"Semiconductor devices, semiconductor-based transducers",False,different chapter,many to many,conc-10-stats-2022.xlsx,2026-09-07
9027900000,"Microtomes; parts & accessories of inst & app for physical/chemical analysis,nes",8541510000,"Semiconductor devices, semiconductor-based transducers",False,different chapter,many to many,conc-10-stats-2022.xlsx,2026-09-07
9028900000,"Parts & accessories, for gas, liquid or electricity supply or production meters",8541510000,"Semiconductor devices, semiconductor-based transducers",False,different chapter,many to many,conc-10-stats-2022.xlsx,2026-09-07
9029900000,"P&a,of revol/prod counters,taximeters,pedometers,tachometers,stroboscopes,etc",8541510000,"Semiconductor devices, semiconductor-based transducers",False,different chapter,many to many,conc-10-stats-2022.xlsx,2026-09-07
9030900000,"P&a,for oscillos,spectrum analyzers,instr f meas/chk elec qty or meas/detect rad",8541510000,"Semiconductor devices, semiconductor-based transducers",False,different chapter,many to many,conc-10-stats-2022.xlsx,2026-09-07
9031901000,Bases and frames for co-ordinate measuring machines,8541510000,"Semiconductor devices, semiconductor-based transducers",False,different chapter,many to many,conc-10-stats-2022.xlsx,2026-09-07
9031909020,Parts and accessories of test benches,8541510000,"Semiconductor devices, semiconductor-based transducers",False,different chapter,many to many,conc-10-stats-2022.xlsx,2026-09-07
9031909030,Parts and accessories of other optical instruments and appliances,8541510000,"Semiconductor devices, semiconductor-based transducers",False,different chapter,many to many,conc-10-stats-2022.xlsx,2026-09-07
9031909090,"Pts & acces,f measuring/checking inst,app & mach,nes in Ch,f profile projectors",8541510000,"Semiconductor devices, semiconductor-based transducers",False,different chapter,many to many,conc-10-stats-2022.xlsx,2026-09-07
9032900000,"Parts & accessories,for automatic regulating/controlling instruments & apparatus",8541510000,"Semiconductor devices, semiconductor-based transducers",False,different chapter,many to many,conc-10-stats-2022.xlsx,2026-09-07
9033000000,"Parts & accessories,f mach/appliances/instruments/apparatus of Chapter 90, nes",8541510000,"Semiconductor devices, semiconductor-based transducers",False,different chapter,many to many,conc-10-stats-2022.xlsx,2026-09-07
9504200000,Articles and accessories for billiards of all kinds,8541510000,"Semiconductor devices, semiconductor-based transducers",False,different chapter,many to many,conc-10-stats-2022.xlsx,2026-09-07
9504300080,"P&a,f games,op coins/banknotes/bank cards/tokens/o,o/t billards/auto bowl equip",8541510000,"Semiconductor devices, semiconductor-based transducers",False,different chapter,many to many,conc-10-stats-2022.xlsx,2026-09-07
9504500080,"Parts & accessories, of video game consoles & machines, o/t those of No 9504.30",8541510000,"Semiconductor devices, semiconductor-based transducers",False,different chapter,many to many,conc-10-stats-2022.xlsx,2026-09-07
9504900090,"Games, operated by coins/banknotes/bank cards/tokens/other means of payment, nes",8541510000,"Semiconductor devices, semiconductor-based transducers",False,different chapter,many to many,conc-10-stats-2022.xlsx,2026-09-07
8518900000,"Parts,of microphones,stands;loudspkr;head/earphones;audio-frqcy ampli;ampli sets",8541590000,"Semiconductor devices, o/t semiconductor-based transducers, nes",False,same chapter,many to many,conc-10-stats-2022.xlsx,2026-09-07
8522901000,Printed circuit assemblies for apparatus of headings 85.19 to 85.21,8541590000,"Semiconductor devices, o/t semiconductor-based transducers, nes",False,same chapter,many to many,conc-10-stats-2022.xlsx,2026-09-07
8522909000,"Parts and accessories, for sound/video recording/reproducing apparatus, nes",8541590000,"Semiconductor devices, o/t semiconductor-based transducers, nes",False,same chapter,many to many,conc-10-stats-2022.xlsx,2026-09-07
8529901000,Parts for printed circuit assemblies,8541590000,"Semiconductor devices, o/t semiconductor-based transducers, nes",False,same chapter,many to many,conc-10-stats-2022.xlsx,2026-09-07
8529905000,"Parts, including face plates and lock latches, for printed circuit assemblies",8541590000,"Semiconductor devices, o/t semiconductor-based transducers, nes",False,same chapter,many to many,conc-10-stats-2022.xlsx,2026-09-07
8529906000,"Parts of goods of heading 85.25 or 85.27, o/t parts of cellular telephones, nes",8541590000,"Semiconductor devices, o/t semiconductor-based transducers, nes",False,same chapter,many to many,conc-10-stats-2022.xlsx,2026-09-07
8529909000,"Parts for apparatus of headings 85.25 to 85.28, nes",8541590000,"Semiconductor devices, o/t semiconductor-based transducers, nes",False,same chapter,many to many,conc-10-stats-2022.xlsx,2026-09-07
8530900010,"Pts of elec sgnl/safety/traffic control equip,for roads/ports/airfields/etc,nes",8541590000,"Semiconductor devices, o/t semiconductor-based transducers, nes",False,same chapter,many to many,conc-10-stats-2022.xlsx,2026-09-07
8530900090,"Pts of elec sgnl/safety/traffic control equip,for roads/ports/airfields/etc,nes",8541590000,"Semiconductor devices, o/t semiconductor-based transducers, nes",False,same chapter,many to many,conc-10-stats-2022.xlsx,2026-09-07
8531900010,Pts of elec smoke detect & elec indicat/auto alarm equip f nox gas/vpr in atmos,8541590000,"Semiconductor devices, o/t semiconductor-based transducers, nes",False,same chapter,many to many,conc-10-stats-2022.xlsx,2026-09-07
8531900090,"Parts of electric sound or visual signalling apparatus, nes",8541590000,"Semiconductor devices, o/t semiconductor-based transducers, nes",False,same chapter,many to many,conc-10-stats-2022.xlsx,2026-09-07
8538901000,"Parts of ceram/metalc mat elec/mech,react to temp changes,for motor starters,etc",8541590000,"Semiconductor devices, o/t semiconductor-based transducers, nes",False,same chapter,many to many,conc-10-stats-2022.xlsx,2026-09-07
8538902000,"Printed circuit assemblies used with apparatus of No 85.35, 85.36 or 85.37",8541590000,"Semiconductor devices, o/t semiconductor-based transducers, nes",False,same chapter,many to many,conc-10-stats-2022.xlsx,2026-09-07
8538909010,"Parts of automatic circuit breakers, nes",8541590000,"Semiconductor devices, o/t semiconductor-based transducers, nes",False,same chapter,many to many,conc-10-stats-2022.xlsx,2026-09-07
8538909030,"Parts, of switchgear, switchboards, panel boards and distribution boards, nes",8541590000,"Semiconductor devices, o/t semiconductor-based transducers, nes",False,same chapter,many to many,conc-10-stats-2022.xlsx,2026-09-07
8538909090,"Pts,suitable for use solely/principally w apparatus of Nos 85.35/85.36/85.37,nes",8541590000,"Semiconductor devices, o/t semiconductor-based transducers, nes",False,same chapter,many to many,conc-10-stats-2022.xlsx,2026-09-07
8541500000,"Semiconductor devices, nes",8541590000,"Semiconductor devices, o/t semiconductor-based transducers, nes",False,same heading,many to many,conc-10-stats-2022.xlsx,2026-09-07
8543700000,"Electrical machines & apparatus, having individual functions, nes in Chapter 85",8541590000,"Semiconductor devices, o/t semiconductor-based transducers, nes",False,same chapter,many to many,conc-10-stats-2022.xlsx,2026-09-07
8543900000,"Parts,of electrical machines & app,having individual functions,nes in Chapter 85",8541590000,"Semiconductor devices, o/t semiconductor-based transducers, nes",False,same chapter,many to many,conc-10-stats-2022.xlsx,2026-09-07
9025900000,"Pts & access,f hydrometers,sim floating inst,thermo,pyrometers,baro,hygro,psychr",8541590000,"Semiconductor devices, o/t semiconductor-based transducers, nes",False,different chapter,many to many,conc-10-stats-2022.xlsx,2026-09-07
9026900000,"P&a, f inst & app meas/chk flow/level/pres/o var of liq/gases,o/t 90.14/15/28/32",8541590000,"Semiconductor devices, o/t semiconductor-based transducers, nes",False,different chapter,many to many,conc-10-stats-2022.xlsx,2026-09-07
9027900000,"Microtomes; parts & accessories of inst & app for physical/chemical analysis,nes",8541590000,"Semiconductor devices, o/t semiconductor-based transducers, nes",False,different chapter,many to many,conc-10-stats-2022.xlsx,2026-09-07
9028900000,"Parts & accessories, for gas, liquid or electricity supply or production meters",8541590000,"Semiconductor devices, o/t semiconductor-based transducers, nes",False,different chapter,many to many,conc-10-stats-2022.xlsx,2026-09-07
9029900000,"P&a,of revol/prod counters,taximeters,pedometers,tachometers,stroboscopes,etc",8541590000,"Semiconductor devices, o/t semiconductor-based transducers, nes",False,different chapter,many to many,conc-10-stats-2022.xlsx,2026-09-07
9030900000,"P&a,for oscillos,spectrum analyzers,instr f meas/chk elec qty or meas/detect rad",8541590000,"Semiconductor devices, o/t semiconductor-based transducers, nes",False,different chapter,many to many,conc-10-stats-2022.xlsx,2026-09-07
9031909020,Parts and accessories of test benches,8541590000,"Semiconductor devices, o/t semiconductor-based transducers, nes",False,different chapter,many to many,conc-10-stats-2022.xlsx,2026-09-07
9031909030,Parts and accessories of other optical instruments and appliances,8541590000,"Semiconductor devices, o/t semiconductor-based transducers, nes",False,different chapter,many to many,conc-10-stats-2022.xlsx,2026-09-07
9031909090,"Pts & acces,f measuring/checking inst,app & mach,nes in Ch,f profile projectors",8541590000,"Semiconductor devices, o/t semiconductor-based transducers, nes",False,different chapter,many to many,conc-10-stats-2022.xlsx,2026-09-07
9032900000,"Parts & accessories,for automatic regulating/controlling instruments & apparatus",8541590000,"Semiconductor devices, o/t semiconductor-based transducers, nes",False,different chapter,many to many,conc-10-stats-2022.xlsx,2026-09-07
9033000000,"Parts & accessories,f mach/appliances/instruments/apparatus of Chapter 90, nes",8541590000,"Semiconductor devices, o/t semiconductor-based transducers, nes",False,different chapter,many to many,conc-10-stats-2022.xlsx,2026-09-07
9504300080,"P&a,f games,op coins/banknotes/bank cards/tokens/o,o/t billards/auto bowl equip",8541590000,"Semiconductor devices, o/t semiconductor-based transducers, nes",False,different chapter,many to many,conc-10-stats-2022.xlsx,2026-09-07
9504500080,"Parts & accessories, of video game consoles & machines, o/t those of No 9504.30",8541590000,"Semiconductor devices, o/t semiconductor-based transducers, nes",False,different chapter,many to many,conc-10-stats-2022.xlsx,2026-09-07
8543700000,"Electrical machines & apparatus, having individual functions, nes in Chapter 85",8543400010,"Electronic cigarettes & sim personal elec vaporizing dev,with subs cont nicotine",False,same heading,split,conc-10-stats-2022.xlsx,2026-09-07
8543700000,"Electrical machines & apparatus, having individual functions, nes in Chapter 85",8543400090,"Electronic cigarettes & sim personal elec vaporizing dev,not containing nicotine",False,same heading,split,conc-10-stats-2022.xlsx,2026-09-07
8543700000,"Electrical machines & apparatus, having individual functions, nes in Chapter 85",8543700000,"Electrical machines & apparatus, nes, having individual functions",True,same code,split,conc-10-stats-2022.xlsx,2026-09-07
8543900000,"Parts,of electrical machines & app,having individual functions,nes in Chapter 85",8543900000,"Parts,of electrical machines & app,having individual functions,nes in Chapter 85",True,same code,split,conc-10-stats-2022.xlsx,2026-09-07
8544420000,"Electric conductors, insulated, for a voltage <= 1,000 V, fitted with connectors",8544420010,"Electrical conductors, USB type cable, for a voltage not exceeding 5 V",False,same subheading,split,conc-10-stats-2022-1.xlsx,2026-09-07
8544420000,"Electric conductors, insulated, for a voltage <= 1,000 V, fitted with connectors",8544420090,"Electrical conductors, nes",False,same subheading,split,conc-10-stats-2022-1.xlsx,2026-09-07
8548900000,"Electrical parts, of machinery or apparatus, nes in this Chapter",8548000000,"Electrical parts, of machinery or apparatus, nes in this Chapter",False,same heading,split,conc-10-stats-2022.xlsx,2026-09-07
8548101000,"Spent primary cells, spent primary batteries and spent electric accumulators",8549110000,"Waste/s,elec & electro,of lead-acid accumulators; spent lead-acid accumulators",False,same chapter,many to many,conc-10-stats-2022.xlsx,2026-09-07
8548109000,"Waste and scrap of primary cells, primary batteries & electric accumulators",8549110000,"Waste/s,elec & electro,of lead-acid accumulators; spent lead-acid accumulators",False,same chapter,many to many,conc-10-stats-2022.xlsx,2026-09-07
8548101000,"Spent primary cells, spent primary batteries and spent electric accumulators",8549120000,"W/s,elec & electro,of primary cells,batt,etc containing lead, cadmium or mercury",False,same chapter,many to many,conc-10-stats-2022.xlsx,2026-09-07
8548109000,"Waste and scrap of primary cells, primary batteries & electric accumulators",8549120000,"W/s,elec & electro,of primary cells,batt,etc containing lead, cadmium or mercury",False,same chapter,many to many,conc-10-stats-2022.xlsx,2026-09-07
8548101000,"Spent primary cells, spent primary batteries and spent electric accumulators",8549130000,"W/s,elec & electro, prim cells,batt,etc,sort chem type & n cont lead,cad/mercury",False,same chapter,many to many,conc-10-stats-2022.xlsx,2026-09-07
8548109000,"Waste and scrap of primary cells, primary batteries & electric accumulators",8549130000,"W/s,elec & electro, prim cells,batt,etc,sort chem type & n cont lead,cad/mercury",False,same chapter,many to many,conc-10-stats-2022.xlsx,2026-09-07
8548101000,"Spent primary cells, spent primary batteries and spent electric accumulators",8549140000,"W/s,elec & electro,of prim cells,batt,etc, unsorted and not cnt lead,cad/mercury",False,same chapter,many to many,conc-10-stats-2022.xlsx,2026-09-07
8548109000,"Waste and scrap of primary cells, primary batteries & electric accumulators",8549140000,"W/s,elec & electro,of prim cells,batt,etc, unsorted and not cnt lead,cad/mercury",False,same chapter,many to many,conc-10-stats-2022.xlsx,2026-09-07
8548101000,"Spent primary cells, spent primary batteries and spent electric accumulators",8549190000,"W/s,elec,electro,prim cells,batt,elec accum;spent prim cells,batt,elec accum,nes",False,same chapter,many to many,conc-10-stats-2022.xlsx,2026-09-07
8548109000,"Waste and scrap of primary cells, primary batteries & electric accumulators",8549190000,"W/s,elec,electro,prim cells,batt,elec accum;spent prim cells,batt,elec accum,nes",False,same chapter,many to many,conc-10-stats-2022.xlsx,2026-09-07
7001000000,Cullet & other waste and scrap of glass; glass in the mass,8549210000,"Waste & scrap, elec & electro,recov of prec metal,comp cont cad,mercury,lead/PCB",False,different chapter,many to many,conc-10-stats-2022.xlsx,2026-09-07
7112910010,"Scrap gold jewellery,incl metal clad w gold,o/t sweepings cont o prec metals",8549210000,"Waste & scrap, elec & electro,recov of prec metal,comp cont cad,mercury,lead/PCB",False,different chapter,many to many,conc-10-stats-2022.xlsx,2026-09-07
7112910090,"Waste&scrap of gold,incl metal clad w gold,o/t sweepings cont o prec metal,nes",8549210000,"Waste & scrap, elec & electro,recov of prec metal,comp cont cad,mercury,lead/PCB",False,different chapter,many to many,conc-10-stats-2022.xlsx,2026-09-07
7112920000,"Waste & scrap of platinum,incl metal clad w plat,o/t sweeping cont o prec met",8549210000,"Waste & scrap, elec & electro,recov of prec metal,comp cont cad,mercury,lead/PCB",False,different chapter,many to many,conc-10-stats-2022.xlsx,2026-09-07
7112990000,"Waste and scrap of precious metal or of metal clad with precious metal, nes",8549210000,"Waste & scrap, elec & electro,recov of prec metal,comp cont cad,mercury,lead/PCB",False,different chapter,many to many,conc-10-stats-2022.xlsx,2026-09-07
7112910010,"Scrap gold jewellery,incl metal clad w gold,o/t sweepings cont o prec metals",8549290000,"Waste & scrap, elec & electro,recov of prec metal,o/t cont cad,mercury, lead/PCB",False,different chapter,many to many,conc-10-stats-2022.xlsx,2026-09-07
7112910090,"Waste&scrap of gold,incl metal clad w gold,o/t sweepings cont o prec metal,nes",8549290000,"Waste & scrap, elec & electro,recov of prec metal,o/t cont cad,mercury, lead/PCB",False,different chapter,many to many,conc-10-stats-2022.xlsx,2026-09-07
7112920000,"Waste & scrap of platinum,incl metal clad w plat,o/t sweeping cont o prec met",8549290000,"Waste & scrap, elec & electro,recov of prec metal,o/t cont cad,mercury, lead/PCB",False,different chapter,many to many,conc-10-stats-2022.xlsx,2026-09-07
7112990000,"Waste and scrap of precious metal or of metal clad with precious metal, nes",8549290000,"Waste & scrap, elec & electro,recov of prec metal,o/t cont cad,mercury, lead/PCB",False,different chapter,many to many,conc-10-stats-2022.xlsx,2026-09-07
7001000000,Cullet & other waste and scrap of glass; glass in the mass,8549310000,"Waste and scrap,of o electrical & electronic asy comp,cont cad,mercury, lead/PCB",False,different chapter,split,conc-10-stats-2022.xlsx,2026-09-07
8548900000,"Electrical parts, of machinery or apparatus, nes in this Chapter",8549390000,"Waste & scrap, o electrical & electronic asy comp,o/t cont cad,mercury, lead/PCB",False,same chapter,split,conc-10-stats-2022.xlsx,2026-09-07
7001000000,Cullet & other waste and scrap of glass; glass in the mass,8549910000,"W/s,of elec & electro,prim cells, glass f CRT,etc,cont cad,mercury,lead/PCB, nes",False,different chapter,split,conc-10-stats-2022.xlsx,2026-09-07
8548900000,"Electrical parts, of machinery or apparatus, nes in this Chapter",8549990000,"W/s,elec & electro,prim cells, glass f CRT,etc,o/t cont cad,mercury,lead/PCB,nes",False,same chapter,split,conc-10-stats-2022.xlsx,2026-09-07
8701200011,"Road tractors, new, for semi-trailers with a gvw <=36 tonnes",8701210011,"Road tractors,new,f semi-trlr,compr-ign int combu piston eng, g.v.w. <=36 tonnes",False,same heading,split,conc-10-stats-2022.xlsx,2026-09-07
8701200012,"Road tractors, new, for semi-trailers with a gvw > 36 tonnes",8701210012,"Road tractors,new,f semi-trlr,compr-ign int combu piston eng, g.v.w. > 36 tonnes",False,same heading,split,conc-10-stats-2022.xlsx,2026-09-07
8701200020,"Road tractors, used, for semi-trailers",8701210020,"Road tractors,used, semi-trlr,compr-ign int combu piston eng(diesel/semi-diesel)",False,same heading,split,conc-10-stats-2022.xlsx,2026-09-07
8701200011,"Road tractors, new, for semi-trailers with a gvw <=36 tonnes",8701220000,"Road trac f semi-trlr, both compr-ign int combu piston eng & elec motor f propul",False,same heading,many to many,conc-10-stats-2022.xlsx,2026-09-07
8701200012,"Road tractors, new, for semi-trailers with a gvw > 36 tonnes",8701220000,"Road trac f semi-trlr, both compr-ign int combu piston eng & elec motor f propul",False,same heading,many to many,conc-10-stats-2022.xlsx,2026-09-07
8701200020,"Road tractors, used, for semi-trailers",8701220000,"Road trac f semi-trlr, both compr-ign int combu piston eng & elec motor f propul",False,same heading,many to many,conc-10-stats-2022.xlsx,2026-09-07
8701200011,"Road tractors, new, for semi-trailers with a gvw <=36 tonnes",8701230000,"Road trac f semi-trlr, both spark-ign int combu piston eng & elec motor f propul",False,same heading,many to many,conc-10-stats-2022.xlsx,2026-09-07
8701200012,"Road tractors, new, for semi-trailers with a gvw > 36 tonnes",8701230000,"Road trac f semi-trlr, both spark-ign int combu piston eng & elec motor f propul",False,same heading,many to many,conc-10-stats-2022.xlsx,2026-09-07
8701200020,"Road tractors, used, for semi-trailers",8701230000,"Road trac f semi-trlr, both spark-ign int combu piston eng & elec motor f propul",False,same heading,many to many,conc-10-stats-2022.xlsx,2026-09-07
8701200011,"Road tractors, new, for semi-trailers with a gvw <=36 tonnes",8701240000,"Road tractor for semi-trailers, with only electric motor for propulsion",False,same heading,many to many,conc-10-stats-2022.xlsx,2026-09-07
8701200012,"Road tractors, new, for semi-trailers with a gvw > 36 tonnes",8701240000,"Road tractor for semi-trailers, with only electric motor for propulsion",False,same heading,many to many,conc-10-stats-2022.xlsx,2026-09-07
8701200020,"Road tractors, used, for semi-trailers",8701240000,"Road tractor for semi-trailers, with only electric motor for propulsion",False,same heading,many to many,conc-10-stats-2022.xlsx,2026-09-07
8701200011,"Road tractors, new, for semi-trailers with a gvw <=36 tonnes",8701290000,"Road tractors for semi-trailers, o/t single axle tractors, nes",False,same heading,many to many,conc-10-stats-2022.xlsx,2026-09-07
8701200012,"Road tractors, new, for semi-trailers with a gvw > 36 tonnes",8701290000,"Road tractors for semi-trailers, o/t single axle tractors, nes",False,same heading,many to many,conc-10-stats-2022.xlsx,2026-09-07
8701200020,"Road tractors, used, for semi-trailers",8701290000,"Road tractors for semi-trailers, o/t single axle tractors, nes",False,same heading,many to many,conc-10-stats-2022.xlsx,2026-09-07
8704211000,"Veh f transport of goods,f conversion to ambulances,diesel/semi-diesel,gvw <=5 t",8704211000,"Mtr veh,transp gds,f convsn amlce,w only diesel/semi-diesel engine, GVW<=5 ton",True,same code,split,conc-10-stats-2022.xlsx,2026-09-07
8704219010,"Vehicles for transportation of goods,diesel/semi-diesel,gvw <=2 tonnes",8704219010,"Motor veh,transp goods,with only diesel/semi-diesel engine, nes, GVW <= 2 ton",True,same code,split,conc-10-stats-2022.xlsx,2026-09-07
8704219020,"Vehicles for the transportation of goods,diesel/semi-diesel,gvw >2 but<=3 tonnes",8704219020,"Motor veh,transp gds,with only diesel/semi-diesel engine,nes, GVW > 2 <=3 ton",True,same code,split,conc-10-stats-2022.xlsx,2026-09-07
8704219030,"Vehicles for the transportation of goods,diesel/semi-diesel,gvw >3 but<=5 tonnes",8704219030,"Motor veh,transp gds,with only diesel/semi-diesel engine,nes, GVW > 3 <=5 ton",True,same code,split,conc-10-stats-2022.xlsx,2026-09-07
8704220010,"Vehicles for the transportation of goods,diesel/semi-diesel,gvw >5 but<=10tonnes",8704220010,"Motor veh,transp goods,with only diesel/semi-diesel engine,GVW > 5 but <= 10 ton",True,same code,split,conc-10-stats-2022.xlsx,2026-09-07
8704220020,"Vehicles for the transportation of goods,diesel/semi-diesel,gvw >10<=12 tonnes",8704220020,"Motor veh,transp goods,with only diesel/semi-diesel engine,GVW >10 but <= 12 ton",True,same code,split,conc-10-stats-2022.xlsx,2026-09-07
8704220030,"Vehicles for the transportation of goods,diesel/semi-diesel,gvw >12<=15 tonnes",8704220030,"Motor veh,transp goods,with only diesel/semi-diesel engine,GVW >12 but <= 15 ton",True,same code,split,conc-10-stats-2022.xlsx,2026-09-07
8704220040,"Vehicles for the transportation of goods,diesel/semi-diesel,gvw >15<=20 tonnes",8704220040,"Motor veh,transp goods,with only diesel/semi-diesel engine,GVW >15 but <= 20 ton",True,same code,split,conc-10-stats-2022.xlsx,2026-09-07
8704230000,"Vehicles for the transportation of goods,diesel/semi-diesel,gvw > 20 tonnes",8704230000,"Motor veh, transp goods,with only diesel/semi-diesel engine, GVW > 20 tonnes",True,same code,split,conc-10-stats-2022.xlsx,2026-09-07
8704310010,"Vehicles for the transp of goods,spk-ign,int combu pst eng, gvw <= 2.5 tonnes",8704310010,"Motor vehicle, transp goods,w only spk-ign int combu pst engine, GVW <= 2.5 ton",True,same code,split,conc-10-stats-2022.xlsx,2026-09-07
8704310020,"Vehicles for the transp of goods,spk-ign,int combu pst eng,gvw > 2.5 <= 5 tonnes",8704310020,"Motor veh,transp gds,with only spk-ign int combu pst eng,GVW > 2.5 but <= 5 ton",True,same code,split,conc-10-stats-2022.xlsx,2026-09-07
8704320010,"Vehicles for the transp of goods,spk-ign,int combu pst eng, gvw >5 <=10 tonnes",8704320010,"Motor vehicle,transp goods,w only spk-ign int combu pst eng,GVW >5 but <=10 ton",True,same code,split,conc-10-stats-2022.xlsx,2026-09-07
8704320020,"Vehicles for the transp of goods,spk-ign,int combu pst eng,gvw > 10 <= 12 tonnes",8704320020,"Motor vehicle,transp gds,w only spk-ign int combu pst eng,GVW > 10 but <=12 ton",True,same code,split,conc-10-stats-2022.xlsx,2026-09-07
8704320030,"Vehicles for the transp of goods,spk-ign,int combu pst eng,gvw > 12 <= 15 tonnes",8704320030,"Motor vehicle,transp gds,w only spk-ign int combu pst eng,GVW > 12 but <=15 ton",True,same code,split,conc-10-stats-2022.xlsx,2026-09-07
8704320040,"Vehicles for the transp of goods,spk-ign,int combu pst eng,gvw > 15 <= 20 tonnes",8704320040,"Motor vehicle,transp gds,w only spk-ign int combu pst eng,GVW > 15 but <=20 ton",True,same code,split,conc-10-stats-2022.xlsx,2026-09-07
8704320050,"Vehicles for the transp of goods,spk-ign,int combu pst eng, gvw > 20 tonnes",8704320050,"Motor vehicle,transport goods,w only spk-ign int combu pst eng,GVW >20 tonnes",True,same code,split,conc-10-stats-2022.xlsx,2026-09-07
8704211000,"Veh f transport of goods,f conversion to ambulances,diesel/semi-diesel,gvw <=5 t",8704411000,"Mtr veh,transp gds,f convsn amlce,w both dies/semi-dies eng&elec mtr,GVW <=5 ton",False,same heading,split,conc-10-stats-2022.xlsx,2026-09-07
8704219010,"Vehicles for transportation of goods,diesel/semi-diesel,gvw <=2 tonnes",8704419010,"Motor veh,transp gds,w both diesel/semi-diesel engine&elec mtr,nes, GVW <= 2 ton",False,same heading,many to many,conc-10-stats-2022.xlsx,2026-09-07
8704900000,"Motor vehicles, for the transport of goods, nes",8704419010,"Motor veh,transp gds,w both diesel/semi-diesel engine&elec mtr,nes, GVW <= 2 ton",False,same heading,many to many,conc-10-stats-2022.xlsx,2026-09-07
8704219020,"Vehicles for the transportation of goods,diesel/semi-diesel,gvw >2 but<=3 tonnes",8704419020,"Motor veh,transp gds,w both diesel/semi-diesel eng&elec mtr,nes, GVW > 2 <=3 ton",False,same heading,many to many,conc-10-stats-2022.xlsx,2026-09-07
8704900000,"Motor vehicles, for the transport of goods, nes",8704419020,"Motor veh,transp gds,w both diesel/semi-diesel eng&elec mtr,nes, GVW > 2 <=3 ton",False,same heading,many to many,conc-10-stats-2022.xlsx,2026-09-07
8704219030,"Vehicles for the transportation of goods,diesel/semi-diesel,gvw >3 but<=5 tonnes",8704419030,"Motor veh,transp gds,w both diesel/semi-diesel eng&elec mtr,nes, GVW > 3 <=5 ton",False,same heading,many to many,conc-10-stats-2022.xlsx,2026-09-07
8704900000,"Motor vehicles, for the transport of goods, nes",8704419030,"Motor veh,transp gds,w both diesel/semi-diesel eng&elec mtr,nes, GVW > 3 <=5 ton",False,same heading,many to many,conc-10-stats-2022.xlsx,2026-09-07
8704220010,"Vehicles for the transportation of goods,diesel/semi-diesel,gvw >5 but<=10tonnes",8704420010,"Motor veh,transp gds,w both diesel/semi-diesel engine&elec mtr,GVW > 5 <= 10 ton",False,same heading,many to many,conc-10-stats-2022.xlsx,2026-09-07
8704900000,"Motor vehicles, for the transport of goods, nes",8704420010,"Motor veh,transp gds,w both diesel/semi-diesel engine&elec mtr,GVW > 5 <= 10 ton",False,same heading,many to many,conc-10-stats-2022.xlsx,2026-09-07
8704220020,"Vehicles for the transportation of goods,diesel/semi-diesel,gvw >10<=12 tonnes",8704420020,"Motor veh,transp gds,w both diesel/semi-diesel engine&elec mtr,GVW >10 <= 12 ton",False,same heading,many to many,conc-10-stats-2022.xlsx,2026-09-07
8704900000,"Motor vehicles, for the transport of goods, nes",8704420020,"Motor veh,transp gds,w both diesel/semi-diesel engine&elec mtr,GVW >10 <= 12 ton",False,same heading,many to many,conc-10-stats-2022.xlsx,2026-09-07
8704220030,"Vehicles for the transportation of goods,diesel/semi-diesel,gvw >12<=15 tonnes",8704420030,"Motor veh,transp gds,w both diesel/semi-diesel engine&elec mtr,GVW >12 <= 15 ton",False,same heading,many to many,conc-10-stats-2022.xlsx,2026-09-07
8704900000,"Motor vehicles, for the transport of goods, nes",8704420030,"Motor veh,transp gds,w both diesel/semi-diesel engine&elec mtr,GVW >12 <= 15 ton",False,same heading,many to many,conc-10-stats-2022.xlsx,2026-09-07
8704220040,"Vehicles for the transportation of goods,diesel/semi-diesel,gvw >15<=20 tonnes",8704420040,"Motor veh,transp gds,w both diesel/semi-diesel engine&elec mtr,GVW >15 <= 20 ton",False,same heading,many to many,conc-10-stats-2022.xlsx,2026-09-07
8704900000,"Motor vehicles, for the transport of goods, nes",8704420040,"Motor veh,transp gds,w both diesel/semi-diesel engine&elec mtr,GVW >15 <= 20 ton",False,same heading,many to many,conc-10-stats-2022.xlsx,2026-09-07
8704230000,"Vehicles for the transportation of goods,diesel/semi-diesel,gvw > 20 tonnes",8704430000,"Motor veh,transp gds,w both diesel/semi-diesel engine & elec mtr, GVW >20 ton",False,same heading,many to many,conc-10-stats-2022.xlsx,2026-09-07
8704900000,"Motor vehicles, for the transport of goods, nes",8704430000,"Motor veh,transp gds,w both diesel/semi-diesel engine & elec mtr, GVW >20 ton",False,same heading,many to many,conc-10-stats-2022.xlsx,2026-09-07
8704310010,"Vehicles for the transp of goods,spk-ign,int combu pst eng, gvw <= 2.5 tonnes",8704510010,"Motor veh,transp gds,w both spk-ign int combu pst eng & elec motor,GVW<= 2.5 ton",False,same heading,many to many,conc-10-stats-2022.xlsx,2026-09-07
8704900000,"Motor vehicles, for the transport of goods, nes",8704510010,"Motor veh,transp gds,w both spk-ign int combu pst eng & elec motor,GVW<= 2.5 ton",False,same heading,many to many,conc-10-stats-2022.xlsx,2026-09-07
8704310020,"Vehicles for the transp of goods,spk-ign,int combu pst eng,gvw > 2.5 <= 5 tonnes",8704510020,"Motor veh,transp gds,w both spk-ign int combu pst eng&elec motor,GVW >2.5 <=5ton",False,same heading,many to many,conc-10-stats-2022.xlsx,2026-09-07
8704900000,"Motor vehicles, for the transport of goods, nes",8704510020,"Motor veh,transp gds,w both spk-ign int combu pst eng&elec motor,GVW >2.5 <=5ton",False,same heading,many to many,conc-10-stats-2022.xlsx,2026-09-07
8704320010,"Vehicles for the transp of goods,spk-ign,int combu pst eng, gvw >5 <=10 tonnes",8704520010,"Motor veh,transp gds,w both spk-ign int combu pst eng & elec mtr,GVW >5 <=10 ton",False,same heading,many to many,conc-10-stats-2022.xlsx,2026-09-07
8704900000,"Motor vehicles, for the transport of goods, nes",8704520010,"Motor veh,transp gds,w both spk-ign int combu pst eng & elec mtr,GVW >5 <=10 ton",False,same heading,many to many,conc-10-stats-2022.xlsx,2026-09-07
8704320020,"Vehicles for the transp of goods,spk-ign,int combu pst eng,gvw > 10 <= 12 tonnes",8704520020,"Motor veh,transp gds,w both spk-ign int combu pst eng&elec mtr,GVW > 10 <=12 ton",False,same heading,many to many,conc-10-stats-2022.xlsx,2026-09-07
8704900000,"Motor vehicles, for the transport of goods, nes",8704520020,"Motor veh,transp gds,w both spk-ign int combu pst eng&elec mtr,GVW > 10 <=12 ton",False,same heading,many to many,conc-10-stats-2022.xlsx,2026-09-07
8704320030,"Vehicles for the transp of goods,spk-ign,int combu pst eng,gvw > 12 <= 15 tonnes",8704520030,"Motor veh,transp gds,w both spk-ign int combu pst eng&elec mtr,GVW > 12 <=15 ton",False,same heading,many to many,conc-10-stats-2022.xlsx,2026-09-07
8704900000,"Motor vehicles, for the transport of goods, nes",8704520030,"Motor veh,transp gds,w both spk-ign int combu pst eng&elec mtr,GVW > 12 <=15 ton",False,same heading,many to many,conc-10-stats-2022.xlsx,2026-09-07
8704320040,"Vehicles for the transp of goods,spk-ign,int combu pst eng,gvw > 15 <= 20 tonnes",8704520040,"Motor veh,transp gds,w both spk-ign int combu pst eng&elec mtr,GVW > 15 <=20 ton",False,same heading,many to many,conc-10-stats-2022.xlsx,2026-09-07
8704900000,"Motor vehicles, for the transport of goods, nes",8704520040,"Motor veh,transp gds,w both spk-ign int combu pst eng&elec mtr,GVW > 15 <=20 ton",False,same heading,many to many,conc-10-stats-2022.xlsx,2026-09-07
8704320050,"Vehicles for the transp of goods,spk-ign,int combu pst eng, gvw > 20 tonnes",8704520050,"Motor veh,transp gds,w both spk-ign int combu pst eng & elec mtr,GVW > 20 tonnes",False,same heading,many to many,conc-10-stats-2022.xlsx,2026-09-07
8704900000,"Motor vehicles, for the transport of goods, nes",8704520050,"Motor veh,transp gds,w both spk-ign int combu pst eng & elec mtr,GVW > 20 tonnes",False,same heading,many to many,conc-10-stats-2022.xlsx,2026-09-07
8704900000,"Motor vehicles, for the transport of goods, nes",8704600000,"Motor vehicles, for transport of goods, with only electric motor for propulsion",False,same heading,split,conc-10-stats-2022.xlsx,2026-09-07
8704900000,"Motor vehicles, for the transport of goods, nes",8704900000,"Motor vehicles for the transport of goods, nes",True,same code,split,conc-10-stats-2022.xlsx,2026-09-07
7007110000,"Safety glass, toughened, tempered, for vehicles,aircraft,spacecraft or vessels",8708220000,"P&a, front windscreens,rear windows and o windows specified in Note 1 to Chapter",False,different chapter,many to many,conc-10-stats-2022.xlsx,2026-09-07
7007190010,"Safety glass toughened, tempered, having an absorbent or reflecting layer",8708220000,"P&a, front windscreens,rear windows and o windows specified in Note 1 to Chapter",False,different chapter,many to many,conc-10-stats-2022.xlsx,2026-09-07
7007190020,"Safety glass toughened, tempered, coloured throughout the mass, nes",8708220000,"P&a, front windscreens,rear windows and o windows specified in Note 1 to Chapter",False,different chapter,many to many,conc-10-stats-2022.xlsx,2026-09-07
7007190032,"Safety glass toughened, tempered, colourless, thickness <= 6mm,nes",8708220000,"P&a, front windscreens,rear windows and o windows specified in Note 1 to Chapter",False,different chapter,many to many,conc-10-stats-2022.xlsx,2026-09-07
7007190033,"Safety glass toughened, tempered, colourless, thickness >6mm,nes",8708220000,"P&a, front windscreens,rear windows and o windows specified in Note 1 to Chapter",False,different chapter,many to many,conc-10-stats-2022.xlsx,2026-09-07
7007210010,"Safety glass, laminated, windshields,for vehicles,aircraft,spacecraft or vessels",8708220000,"P&a, front windscreens,rear windows and o windows specified in Note 1 to Chapter",False,different chapter,merge,conc-10-stats-2022.xlsx,2026-09-07
7007210090,"Safety glass, laminated, nes, for vehicles, aircraft, spacecraft or vessels",8708220000,"P&a, front windscreens,rear windows and o windows specified in Note 1 to Chapter",False,different chapter,many to many,conc-10-stats-2022.xlsx,2026-09-07
7007290000,"Safety glass, laminated, nes",8708220000,"P&a, front windscreens,rear windows and o windows specified in Note 1 to Chapter",False,different chapter,many to many,conc-10-stats-2022.xlsx,2026-09-07
8708299100,"P&a of bodies,for veterinary units & mfr fire fighting vehicles,pts for tractors",8708299100,"P&a,of bodies,for veterinary units & mfr fire fighting vehicles,pts for tractors",True,same code,split,conc-10-stats-2022.xlsx,2026-09-07
8708299990,"Parts and accessories,of bodies,for the motor vehicles of Nos 87.01 to 87.05,nes",8708299990,"Parts and accessories,of bodies,for the motor vehicles of Nos 87.01 to 87.05,nes",True,same code,split,conc-10-stats-2022.xlsx,2026-09-07
8708999100,"Pts,f trac No 87.01,o/t road/etc & afmket gas tanks;p&a vet & fire fight veh,nes",8708999100,"Pts,f trac No 87.01,o/t road/etc & afmket gas tanks;p&a vet & fire fight veh,nes",True,same code,split,conc-10-stats-2022.xlsx,2026-09-07
8708999911,"Parts & accessories,f cooling system,f motor veh f transport of persons No 87.03",8708999911,"Parts & accessories,f cooling system,f motor veh f transport of persons No 87.03",True,same code,one to one,conc-10-stats-2022.xlsx,2026-09-07
8708999912,"Frames, for the motor vehicles for the transport of persons of No 87.03",8708999912,"Frames, for the motor vehicles for the transport of persons of No 87.03",True,same code,one to one,conc-10-stats-2022.xlsx,2026-09-07
8708999913,"Frame components,for the motor vehicles for the transport of persons of No 87.03",8708999913,"Frame components,for the motor vehicles for the transport of persons of No 87.03",True,same code,one to one,conc-10-stats-2022.xlsx,2026-09-07
8708999919,"Parts & accessories,for motor vehicles for the transport of persons of No 87.03",8708999919,"Parts & accessories,for motor vehicles for the transport of persons of No 87.03",True,same code,split,conc-10-stats-2022.xlsx,2026-09-07
8708999991,"Parts & accessories,f cooling system,f motor vehicles of Nos 87.01 to 87.05,nes",8708999991,"Parts & accessories,f cooling system,f motor vehicles of Nos 87.01 to 87.05,nes",True,same code,one to one,conc-10-stats-2022.xlsx,2026-09-07
8708999992,"Frames, for the motor vehicles of Nos 87.01 to 87.05, nes",8708999992,"Frames, for the motor vehicles of Nos 87.01 to 87.05, nes",True,same code,one to one,conc-10-stats-2022.xlsx,2026-09-07
8708999993,"Frame components, for the motor vehicles of Nos 87.01 to 87.05, nes",8708999993,"Frame components, for the motor vehicles of Nos 87.01 to 87.05, nes",True,same code,one to one,conc-10-stats-2022.xlsx,2026-09-07
8708999999,"Parts and accessories, for the motor vehicles of Nos 87.01 to 87.05, nes",8708999999,"Parts and accessories, for the motor vehicles of Nos 87.01 to 87.05, nes",True,same code,split,conc-10-stats-2022.xlsx,2026-09-07
8714100000,"Motorcycle parts, including mopeds, nes",8714100000,"Parts and accessories, of motorcycles, including mopeds",True,same code,split,conc-10-stats-2022.xlsx,2026-09-07
8714200000,"Parts of carriages for disabled persons, nes",8714200000,"Parts and accessories, of carriages for disabled persons",True,same code,split,conc-10-stats-2022.xlsx,2026-09-07
8714999000,"Parts and accessories, of bicycles, other cycles or side-cars, nes",8714999000,"Parts & accessories,of bicycles & o cycles,o/t pedals,crank-gear,n motorized,nes",True,same code,split,conc-10-stats-2022.xlsx,2026-09-07
8802200000,"Airplanes and other aircraft, of an unladen weight <= 2000 kg",8802200000,"Airplanes & o aircft,o/t unmanned aircft No 88.06, of unladen weight <= 2,000 kg",True,same code,split,conc-10-stats-2022.xlsx,2026-09-07
8802300016,"Airplanes & other aircraft,multiple engine,unladen weight > 2000 <= 4536kg,new",8802300016,"Airpln & o aircft,new,multi eng,o/t unmanned aircft,unladen wt > 2,000 <=4,536kg",True,same code,split,conc-10-stats-2022.xlsx,2026-09-07
8802300017,"Airplanes & o aircraft,multiple eng,turbofan,unladen wt > 4536 <= 15000 kg,new",8802300017,"Airpln&o aircft, new, multi engine,turbofan, unladen weight > 4,536 <= 15,000 kg",True,same code,split,conc-10-stats-2022.xlsx,2026-09-07
8802300019,"Airplanes and other aircraft,unladen weight > 2,000 kg but <= 15,000 kg,new,nes",8802300019,"Airpln & o aircft,new,o/t unmanned aircft,unladen wt > 2,000 kg <= 15,000kg,nes",True,same code,split,conc-10-stats-2022.xlsx,2026-09-07
8802300020,"Airplanes & other aircraft,used/rebuilt,unladen weight > 2000 <= 15000 kg,nes",8802300020,"Airpln & o aircft,used/rebuilt,o/t unmanned aircft,unladen wt >2,000 <= 15,000kg",True,same code,split,conc-10-stats-2022.xlsx,2026-09-07
8802400016,"Airplanes and other aircraft, passenger, of an unladen weight > 15000 kg, new",8802400016,"Airpln & o aircft,new,passenger,o/t unmanned aircft No 88.06,unladen wt>15,000kg",True,same code,split,conc-10-stats-2022.xlsx,2026-09-07
8802400019,"Airplanes and other aircraft, of an unladen weight >15,000 kg, new, nes",8802400019,"Airpln & o aircft,new,o/t unmanned aircft No 88.06,of unladen wt > 15,000 kg,nes",True,same code,split,conc-10-stats-2022.xlsx,2026-09-07
8802400020,"Airplanes and other aircraft, used or rebuilt, of unladen weight > 15000 kg,nes",8802400020,"Airpln & o aircft,used/rebuilt,o/t unmanned aircft No 88.06,unladen wt >15,000kg",True,same code,split,conc-10-stats-2022.xlsx,2026-09-07
8802200000,"Airplanes and other aircraft, of an unladen weight <= 2000 kg",8806100000,"Aircraft,unmanned,ex helicopters,aeroplanes,etc,designed for carriage passengers",False,same chapter,many to many,conc-10-stats-2022.xlsx,2026-09-07
8802300016,"Airplanes & other aircraft,multiple engine,unladen weight > 2000 <= 4536kg,new",8806100000,"Aircraft,unmanned,ex helicopters,aeroplanes,etc,designed for carriage passengers",False,same chapter,many to many,conc-10-stats-2022.xlsx,2026-09-07
8802300017,"Airplanes & o aircraft,multiple eng,turbofan,unladen wt > 4536 <= 15000 kg,new",8806100000,"Aircraft,unmanned,ex helicopters,aeroplanes,etc,designed for carriage passengers",False,same chapter,many to many,conc-10-stats-2022.xlsx,2026-09-07
8802300019,"Airplanes and other aircraft,unladen weight > 2,000 kg but <= 15,000 kg,new,nes",8806100000,"Aircraft,unmanned,ex helicopters,aeroplanes,etc,designed for carriage passengers",False,same chapter,many to many,conc-10-stats-2022.xlsx,2026-09-07
8802300020,"Airplanes & other aircraft,used/rebuilt,unladen weight > 2000 <= 15000 kg,nes",8806100000,"Aircraft,unmanned,ex helicopters,aeroplanes,etc,designed for carriage passengers",False,same chapter,many to many,conc-10-stats-2022.xlsx,2026-09-07
8802400016,"Airplanes and other aircraft, passenger, of an unladen weight > 15000 kg, new",8806100000,"Aircraft,unmanned,ex helicopters,aeroplanes,etc,designed for carriage passengers",False,same chapter,many to many,conc-10-stats-2022.xlsx,2026-09-07
8802400020,"Airplanes and other aircraft, used or rebuilt, of unladen weight > 15000 kg,nes",8806100000,"Aircraft,unmanned,ex helicopters,aeroplanes,etc,designed for carriage passengers",False,same chapter,many to many,conc-10-stats-2022.xlsx,2026-09-07
8802200000,"Airplanes and other aircraft, of an unladen weight <= 2000 kg",8806210000,"Aircft,unmanned,o/t f carriage of pass,f rmt-cntl flight,max take-off wt <=250 g",False,same chapter,split,conc-10-stats-2022.xlsx,2026-09-07
8802200000,"Airplanes and other aircraft, of an unladen weight <= 2000 kg",8806220000,"Aircft,unman,o/t f carriage pass,f rmt-cntl flight,max take-off wt >250 g <=7 kg",False,same chapter,split,conc-10-stats-2022.xlsx,2026-09-07
8802200000,"Airplanes and other aircraft, of an unladen weight <= 2000 kg",8806230000,"Aircft,unman,o/t f carriage pass,f rmt-cntl flight,max take-off wt >7 kg <=25 kg",False,same chapter,split,conc-10-stats-2022.xlsx,2026-09-07
8802200000,"Airplanes and other aircraft, of an unladen weight <= 2000 kg",8806240000,"Aircft,unman,o/t f carriage pass,f rmt-cntl flight,max take-off wt >25kg <=150kg",False,same chapter,split,conc-10-stats-2022.xlsx,2026-09-07
8802200000,"Airplanes and other aircraft, of an unladen weight <= 2000 kg",8806290000,"Aircraft,unman, o/t f carriage of passengers,f remote-controlled flight only,nes",False,same chapter,many to many,conc-10-stats-2022.xlsx,2026-09-07
8802300016,"Airplanes & other aircraft,multiple engine,unladen weight > 2000 <= 4536kg,new",8806290000,"Aircraft,unman, o/t f carriage of passengers,f remote-controlled flight only,nes",False,same chapter,many to many,conc-10-stats-2022.xlsx,2026-09-07
8802300017,"Airplanes & o aircraft,multiple eng,turbofan,unladen wt > 4536 <= 15000 kg,new",8806290000,"Aircraft,unman, o/t f carriage of passengers,f remote-controlled flight only,nes",False,same chapter,many to many,conc-10-stats-2022.xlsx,2026-09-07
8802300019,"Airplanes and other aircraft,unladen weight > 2,000 kg but <= 15,000 kg,new,nes",8806290000,"Aircraft,unman, o/t f carriage of passengers,f remote-controlled flight only,nes",False,same chapter,many to many,conc-10-stats-2022.xlsx,2026-09-07
8802300020,"Airplanes & other aircraft,used/rebuilt,unladen weight > 2000 <= 15000 kg,nes",8806290000,"Aircraft,unman, o/t f carriage of passengers,f remote-controlled flight only,nes",False,same chapter,many to many,conc-10-stats-2022.xlsx,2026-09-07
8802400016,"Airplanes and other aircraft, passenger, of an unladen weight > 15000 kg, new",8806290000,"Aircraft,unman, o/t f carriage of passengers,f remote-controlled flight only,nes",False,same chapter,many to many,conc-10-stats-2022.xlsx,2026-09-07
8802400019,"Airplanes and other aircraft, of an unladen weight >15,000 kg, new, nes",8806290000,"Aircraft,unman, o/t f carriage of passengers,f remote-controlled flight only,nes",False,same chapter,many to many,conc-10-stats-2022.xlsx,2026-09-07
8802400020,"Airplanes and other aircraft, used or rebuilt, of unladen weight > 15000 kg,nes",8806290000,"Aircraft,unman, o/t f carriage of passengers,f remote-controlled flight only,nes",False,same chapter,many to many,conc-10-stats-2022.xlsx,2026-09-07
8802200000,"Airplanes and other aircraft, of an unladen weight <= 2000 kg",8806910000,"Aircraft,unmanned, with maximum take-off weight not more than 250 g, nes",False,same chapter,split,conc-10-stats-2022.xlsx,2026-09-07
8802200000,"Airplanes and other aircraft, of an unladen weight <= 2000 kg",8806920000,"Aircraft, unmanned, with maximum take-off weight > 250 g but <= 7 kg, nes",False,same chapter,split,conc-10-stats-2022.xlsx,2026-09-07
8802200000,"Airplanes and other aircraft, of an unladen weight <= 2000 kg",8806930000,"Aircraft, unmanned, with maximum take-off weight > 7 kg but <= 25 kg, nes",False,same chapter,split,conc-10-stats-2022.xlsx,2026-09-07
8802200000,"Airplanes and other aircraft, of an unladen weight <= 2000 kg",8806940000,"Aircraft, unmanned, with maximum take-off weight > 25 kg but <= 150 kg, nes",False,same chapter,split,conc-10-stats-2022.xlsx,2026-09-07
8802200000,"Airplanes and other aircraft, of an unladen weight <= 2000 kg",8806990000,"Aircraft, unmanned, nes",False,same chapter,many to many,conc-10-stats-2022.xlsx,2026-09-07
8802300016,"Airplanes & other aircraft,multiple engine,unladen weight > 2000 <= 4536kg,new",8806990000,"Aircraft, unmanned, nes",False,same chapter,many to many,conc-10-stats-2022.xlsx,2026-09-07
8802300017,"Airplanes & o aircraft,multiple eng,turbofan,unladen wt > 4536 <= 15000 kg,new",8806990000,"Aircraft, unmanned, nes",False,same chapter,many to many,conc-10-stats-2022.xlsx,2026-09-07
8802300019,"Airplanes and other aircraft,unladen weight > 2,000 kg but <= 15,000 kg,new,nes",8806990000,"Aircraft, unmanned, nes",False,same chapter,many to many,conc-10-stats-2022.xlsx,2026-09-07
8802300020,"Airplanes & other aircraft,used/rebuilt,unladen weight > 2000 <= 15000 kg,nes",8806990000,"Aircraft, unmanned, nes",False,same chapter,many to many,conc-10-stats-2022.xlsx,2026-09-07
8802400016,"Airplanes and other aircraft, passenger, of an unladen weight > 15000 kg, new",8806990000,"Aircraft, unmanned, nes",False,same chapter,many to many,conc-10-stats-2022.xlsx,2026-09-07
8802400019,"Airplanes and other aircraft, of an unladen weight >15,000 kg, new, nes",8806990000,"Aircraft, unmanned, nes",False,same chapter,many to many,conc-10-stats-2022.xlsx,2026-09-07
8802400020,"Airplanes and other aircraft, used or rebuilt, of unladen weight > 15000 kg,nes",8806990000,"Aircraft, unmanned, nes",False,same chapter,many to many,conc-10-stats-2022.xlsx,2026-09-07
8803100000,Aircraft propellers and rotors and parts thereof,8807100000,"Parts,of aircraft propellers and rotors and parts thereof,incl unmanned aircraft",False,same chapter,one to one,conc-10-stats-2022.xlsx,2026-09-07
8803200000,Aircraft under-carriages and parts thereof,8807200000,"Parts, of aircraft under-carriages and parts thereof, incl for unmanned aircraft",False,same chapter,one to one,conc-10-stats-2022.xlsx,2026-09-07
8803300000,"Parts of airplanes or helicopters, nes",8807300000,"Parts, nes, of aeroplanes, helicopters or unmanned aircraft",False,same chapter,split,conc-10-stats-2022.xlsx,2026-09-07
8803900000,"Parts of balloons, dirigibles, gliders, spacecraft, satellites, etc, nes",8807900000,"Parts, of balloons, dirigibles, gliders, spacecraft, satellites, etc, nes",False,same chapter,split,conc-10-stats-2022.xlsx,2026-09-07
8903100000,"Inflatable boats, for pleasure or sports",8903110000,"Boats,inflatable,f pleasure/sports,fit/designed fit w motor, unladen wt <=100 kg",False,same heading,split,conc-10-stats-2022.xlsx,2026-09-07
8903100000,"Inflatable boats, for pleasure or sports",8903120000,"Boats, inflatable,f pleasure/sports,not designed use w motor,unladen wt <=100 kg",False,same heading,split,conc-10-stats-2022.xlsx,2026-09-07
8903100000,"Inflatable boats, for pleasure or sports",8903190000,"Boats, inflatable, for pleasure or sports, including rigid hull inflatable, nes",False,same heading,split,conc-10-stats-2022.xlsx,2026-09-07
8903910011,"Sailboats, with an auxiliary motor, of a length <=9.2 metres",8903210000,"Sailboats,for pleasure/sports,o/t inflatable,w or w/o aux motor, length <= 7.5 m",False,same heading,many to many,conc-10-stats-2022.xlsx,2026-09-07
8903910021,"Sailboats, without an auxiliary motor, of a length <=4 metres",8903210000,"Sailboats,for pleasure/sports,o/t inflatable,w or w/o aux motor, length <= 7.5 m",False,same heading,merge,conc-10-stats-2022.xlsx,2026-09-07
8903910022,"Sailboats, without an auxiliary motor, of a length > 4 m but <=6.5 m",8903210000,"Sailboats,for pleasure/sports,o/t inflatable,w or w/o aux motor, length <= 7.5 m",False,same heading,merge,conc-10-stats-2022.xlsx,2026-09-07
8903910025,"Sailboats, without auxiliary motor,of a length > 6.5 m",8903210000,"Sailboats,for pleasure/sports,o/t inflatable,w or w/o aux motor, length <= 7.5 m",False,same heading,many to many,conc-10-stats-2022.xlsx,2026-09-07
8903910011,"Sailboats, with an auxiliary motor, of a length <=9.2 metres",8903220000,"Sailboats,f pleasure/sports,o/t inflatable,w or w/o aux motor,le >7.5m but <=24m",False,same heading,many to many,conc-10-stats-2022.xlsx,2026-09-07
8903910012,"Sailboats, with an auxiliary motor, of a length > 9.2 metres",8903220000,"Sailboats,f pleasure/sports,o/t inflatable,w or w/o aux motor,le >7.5m but <=24m",False,same heading,many to many,conc-10-stats-2022.xlsx,2026-09-07
8903910025,"Sailboats, without auxiliary motor,of a length > 6.5 m",8903220000,"Sailboats,f pleasure/sports,o/t inflatable,w or w/o aux motor,le >7.5m but <=24m",False,same heading,many to many,conc-10-stats-2022.xlsx,2026-09-07
8903910012,"Sailboats, with an auxiliary motor, of a length > 9.2 metres",8903230000,"Sailboats,for pleasure or sports,o/t inflatable,w or w/o aux motor,length > 24 m",False,same heading,many to many,conc-10-stats-2022.xlsx,2026-09-07
8903910025,"Sailboats, without auxiliary motor,of a length > 6.5 m",8903230000,"Sailboats,for pleasure or sports,o/t inflatable,w or w/o aux motor,length > 24 m",False,same heading,many to many,conc-10-stats-2022.xlsx,2026-09-07
8903920021,"Mtrboats,inb, pers wat/craft, le<=4m,wat-jet driven,to be op sit/stand/kneel pos",8903310011,"Watercraft,inboard,pleasure/sports,o/t inft, water-jet,sit/stand/kneel,le <= 4 m",False,same heading,one to one,conc-10-stats-2022.xlsx,2026-09-07
8903920011,"Cabin cruisers, o/t outboard motorboats, of a length <=9.2 metres",8903310019,"Motorboats,inboard,for pleasure or sports,o/t inflatable,of a length <=7.5 m,nes",False,same heading,many to many,conc-10-stats-2022.xlsx,2026-09-07
8903920022,"Motorboats, inboard, o/t personal, of a length<=6 metres",8903310019,"Motorboats,inboard,for pleasure or sports,o/t inflatable,of a length <=7.5 m,nes",False,same heading,merge,conc-10-stats-2022.xlsx,2026-09-07
8903920023,"Motorboats, inboard, of a length >6 m but <=8 metres",8903310019,"Motorboats,inboard,for pleasure or sports,o/t inflatable,of a length <=7.5 m,nes",False,same heading,many to many,conc-10-stats-2022.xlsx,2026-09-07
8903920031,"Motorboats, inboard/outboard, of a length <= 6 metres",8903310020,"Motorboats,inboard/outboard,f pleasure/sports,o/t inflatable,of a length <=7.5 m",False,same heading,merge,conc-10-stats-2022.xlsx,2026-09-07
8903920032,"Motorboats, inboard/outboard, of a length > 6 metres",8903310020,"Motorboats,inboard/outboard,f pleasure/sports,o/t inflatable,of a length <=7.5 m",False,same heading,many to many,conc-10-stats-2022.xlsx,2026-09-07
8903920090,"Motorboats, o/t outboard, nes",8903310090,"Motorboats,f pleasure/sports,o/t inft,not incl outboard motorboats,le <=7.5m,nes",False,same heading,split,conc-10-stats-2022.xlsx,2026-09-07
8903920011,"Cabin cruisers, o/t outboard motorboats, of a length <=9.2 metres",8903320011,"Motorboats,cabin cruisers,inboard,pleasure/sports,o/t inft, le >7.5 m but <=24 m",False,same heading,many to many,conc-10-stats-2022.xlsx,2026-09-07
8903920012,"Cabin cruisers, o/t outboard motorboats, of length > 9.2 metres",8903320011,"Motorboats,cabin cruisers,inboard,pleasure/sports,o/t inft, le >7.5 m but <=24 m",False,same heading,many to many,conc-10-stats-2022.xlsx,2026-09-07
8903920023,"Motorboats, inboard, of a length >6 m but <=8 metres",8903320019,"Motorboat,inboard,o/t cabin cruisers,pleasure/sports,o/t inft,le >7.5m but <=24m",False,same heading,many to many,conc-10-stats-2022.xlsx,2026-09-07
8903920024,"Motorboats, inboard, of a length >8 metres",8903320019,"Motorboat,inboard,o/t cabin cruisers,pleasure/sports,o/t inft,le >7.5m but <=24m",False,same heading,many to many,conc-10-stats-2022.xlsx,2026-09-07
8903920032,"Motorboats, inboard/outboard, of a length > 6 metres",8903320020,"Motorboats,inboard/outboard,pleasure/sports,o/t inflatable,le >7.5 m but <= 24 m",False,same heading,split,conc-10-stats-2022.xlsx,2026-09-07
8903920090,"Motorboats, o/t outboard, nes",8903320090,"Motorboats,pleasure/sports,o/t inft,not incl outboard mtrbt,le >7.5 m <=24 m,nes",False,same heading,split,conc-10-stats-2022.xlsx,2026-09-07
8903920012,"Cabin cruisers, o/t outboard motorboats, of length > 9.2 metres",8903330011,"Motorboats, cabin cruisers,inboard,for pleasure/sports,o/t inflatable, le > 24 m",False,same heading,split,conc-10-stats-2022.xlsx,2026-09-07
8903920024,"Motorboats, inboard, of a length >8 metres",8903330019,"Motorboat,inboard,o/t cabin cruisers,pleasure/sports,o/t inflatable,length > 24m",False,same heading,split,conc-10-stats-2022.xlsx,2026-09-07
8903920032,"Motorboats, inboard/outboard, of a length > 6 metres",8903330020,"Motorboats,inboard/outboard,pleasure/sports,o/t inflatable,length > 24m",False,same heading,split,conc-10-stats-2022.xlsx,2026-09-07
8903920090,"Motorboats, o/t outboard, nes",8903330090,"Motorboats,f pleasure/sports,o/t inflt,n incl outboard motorboats,le > 24 m, nes",False,same heading,split,conc-10-stats-2022.xlsx,2026-09-07
8903991000,Racing shells,8903931000,"Racing shells, for pleasure or sports, o/t inflatable, of a length <= 7.5 m, nes",False,same heading,split,conc-10-stats-2022.xlsx,2026-09-07
8903999021,"Outboard motorboats, of metal, nes, for pleasure or sports",8903939000,"Rowing bts & o vessels,o/t racing shells,pleasure/sport,o/t inft,le <= 7.5 m,nes",False,same heading,many to many,conc-10-stats-2022.xlsx,2026-09-07
8903999022,"Outboard motorboats, of reinforced plastics, for pleasure or sports",8903939000,"Rowing bts & o vessels,o/t racing shells,pleasure/sport,o/t inft,le <= 7.5 m,nes",False,same heading,many to many,conc-10-stats-2022.xlsx,2026-09-07
8903999029,"Outboard motorboats, for pleasure or sports, nes",8903939000,"Rowing bts & o vessels,o/t racing shells,pleasure/sport,o/t inft,le <= 7.5 m,nes",False,same heading,many to many,conc-10-stats-2022.xlsx,2026-09-07
8903999090,"Vessels, for pleasure or sports, nes; rowing boats and canoes",8903939000,"Rowing bts & o vessels,o/t racing shells,pleasure/sport,o/t inft,le <= 7.5 m,nes",False,same heading,many to many,conc-10-stats-2022.xlsx,2026-09-07
8903991000,Racing shells,8903991000,"Racing shells, for pleasure or sports, o/t inflatable, of a length > 7.5 m,nes",True,same code,split,conc-10-stats-2022.xlsx,2026-09-07
8903999021,"Outboard motorboats, of metal, nes, for pleasure or sports",8903999021,"Motorboats, outboard,of metal, pleasure/sport,o/t inflatable, length >7.5 m, nes",True,same code,split,conc-10-stats-2022.xlsx,2026-09-07
8903999022,"Outboard motorboats, of reinforced plastics, for pleasure or sports",8903999022,"Motorboats,outboard,of reinforced plastics,pleasure/sport,o/t inft,le >7.5 m,nes",True,same code,split,conc-10-stats-2022.xlsx,2026-09-07
8903999029,"Outboard motorboats, for pleasure or sports, nes",8903999029,"Motorboats, outboard, for pleasure/sport, o/t inflatable, nes",True,same code,split,conc-10-stats-2022.xlsx,2026-09-07
8903999090,"Vessels, for pleasure or sports, nes; rowing boats and canoes",8903999090,"Rowing boats,canoes and other vessels, for pleasure/sport, nes",True,same code,split,conc-10-stats-2022.xlsx,2026-09-07
9006531000,"Cameras,o/t cine,f neg/positv,single-use,o/t lens vf,roll wd 35 mm",9006531000,"Cameras,o/t cine,f neg/postv,single-use,w through-the-lens vf,roll film wd 35mm",True,same code,one to one,conc-10-stats-2022.xlsx,2026-09-07
9006510000,"Cameras w through-the-lens viewfinder,single lens reflex,f roll film wd <= 35mm",9006539000,"Cameras,o/t cine/neg/postv/single-use, w through-the-lens vf, film wd 35mm, nes",False,same heading,merge,conc-10-stats-2022.xlsx,2026-09-07
9006539000,"Cameras,o/t cine,o/t single-use,o/t through-the-lens viewfinder,film wd 35mm",9006539000,"Cameras,o/t cine/neg/postv/single-use, w through-the-lens vf, film wd 35mm, nes",True,same code,merge,conc-10-stats-2022.xlsx,2026-09-07
9006521000,"Cameras,o/t cine,f neg/positv,single-use,o/t through-the-lens vf,roll wd < 35 mm",9006591000,"Cameras,photographic,o/t cinematographic,making neg/postv,roll film wd o/t 35 mm",False,same heading,merge,conc-10-stats-2022.xlsx,2026-09-07
9006591000,"Photographic cameras, o/t cinematographic, nes, for making negatives/positives",9006591000,"Cameras,photographic,o/t cinematographic,making neg/postv,roll film wd o/t 35 mm",True,same code,merge,conc-10-stats-2022.xlsx,2026-09-07
9006529000,"Cameras,o/t cine,o/t single-use,o/t through-the-lens viewfinder,roll wd <35mm",9006599000,"Cameras,photographic,o/t cinematographic/f making neg/postive/film wd 35 mm, nes",False,same heading,merge,conc-10-stats-2022.xlsx,2026-09-07
9006599000,"Photographic cameras, o/t cinematographic, nes",9006599000,"Cameras,photographic,o/t cinematographic/f making neg/postive/film wd 35 mm, nes",True,same code,merge,conc-10-stats-2022.xlsx,2026-09-07
9015900000,"P&a,f surveying/hydrographic/ocean/hydrol/meteo/geoph inst & appl & rangefinders",9015900000,"P&a,f surveying/hydrographic/ocean/hydrol/meteo/geoph inst & appl & rangefinders",True,same code,split,conc-10-stats-2022.xlsx,2026-09-07
9017900000,Parts and accessories for use with the apparatus of No 90.17,9017900000,"P&a,drawing,marking-out/mathematical calc inst,inst f meas le,f use in hand, nes",True,same code,split,conc-10-stats-2022.xlsx,2026-09-07
9018119100,Printed circuit assemblies for electro-cardiographs,9018119100,"Parts and accessories,of printed circuit assemblies, of electro-cardiographs",True,same code,split,conc-10-stats-2022.xlsx,2026-09-07
9018119900,"Parts and accessories for electro-cardiographs, nes",9018119900,"Parts and accessories, of electro-cardiographs, nes",True,same code,split,conc-10-stats-2022.xlsx,2026-09-07
9018120000,Electro-diagnostic ultrasonic scanning apparatus,9018120000,"Instruments & appl, of ultrasonic scanning, used in med/surg/dental/vet sciences",True,same code,split,conc-10-stats-2022.xlsx,2026-09-07
9018130000,Electro-diagnostic magnetic resonance imaging apparatus,9018130000,"Inst and appl,of magnetic resonance imaging,used in med/surg/dental/vet sciences",True,same code,split,conc-10-stats-2022.xlsx,2026-09-07
9018140000,Electro-diagnostic scinitigraphic apparatus,9018140000,"Instruments & appl, of scintigraphic apparatus,u in med/surg/dental/vet sciences",True,same code,split,conc-10-stats-2022.xlsx,2026-09-07
9018191010,"Patient monitoring sys cmplt,incorp func such as monitor temp,blood pres & pulse",9018191010,"Patient monitoring sys,cmplt,incorp func such as monitor temp,blood pres & pulse",True,same code,split,conc-10-stats-2022.xlsx,2026-09-07
9018191090,"Patient monitoring systems, o/t complete, nes",9018191090,"Patient monitoring sys,cmplt,o/t incorp func such as monitor temp,blood pres,nes",True,same code,split,conc-10-stats-2022.xlsx,2026-09-07
9018199010,"Apparatus for functional exploratory examination, parts and accessories thereof",9018199010,"Apparatus, for functional exploratory examination, parts and accessories thereof",True,same code,split,conc-10-stats-2022.xlsx,2026-09-07
9018199090,"Electro-diagnostic apparatus, nes",9018199090,"Apparatus,o/t for functional exploratory examination, parts & acces thereof, nes",True,same code,split,conc-10-stats-2022.xlsx,2026-09-07
9018200000,Ultra-violet or infra red ray apparatus,9018200000,"Inst & appl,of ultra-violet/infra-red ray app,u in med/surg/dental/vet sciences",True,same code,split,conc-10-stats-2022.xlsx,2026-09-07
9018410000,Dental drill engines,9018410000,"Dental drill engines, whether or not combi on a single base with other equip",True,same code,split,conc-10-stats-2022.xlsx,2026-09-07
9018490000,"Instruments and appliances, used in dental science, nes",9018490000,"Instruments and appliances, used in dental sciences, nes",True,same code,split,conc-10-stats-2022.xlsx,2026-09-07
9018500000,"Ophthalmic instruments and appliances, nes",9018500000,"Ophthalmic instruments and appliances, nes",True,same code,split,conc-10-stats-2022.xlsx,2026-09-07
9018901000,Defibrillators,9018901000,"Instruments & app,of defibrillators,u in med/surgical/dental/veterinary sciences",True,same code,split,conc-10-stats-2022.xlsx,2026-09-07
9018902000,Printed circuit assemblies for defibrillators,9018902000,"Instruments and apliances, of printed circuit assemblies, for defibrillators",True,same code,split,conc-10-stats-2022.xlsx,2026-09-07
9018909083,Parts and accessories for electro-surgical instruments and appliances,9018909083,"Parts and accessories, of electro-surgical instruments and appliances",True,same code,split,conc-10-stats-2022.xlsx,2026-09-07
9018909084,Parts and accessories or dialysis instruments and appliances,9018909084,"Parts and acces,of dialysis instruments & appliances,for med/surg/vet scien",True,same code,split,conc-10-stats-2022.xlsx,2026-09-07
9018909085,Parts and accessories for other electro-medical instruments and appliances,9018909085,"Parts & acces,o electro-medical instruments & appl,med/surg/dental/vet scien",True,same code,split,conc-10-stats-2022.xlsx,2026-09-07
9018909089,"Parts & accessories,of instruments & appl for medical/surgical/vet sciences,nes",9018909089,"Parts & accessories,of instruments & appliances f med/surg/dental/vet scien,nes",True,same code,split,conc-10-stats-2022.xlsx,2026-09-07
9018909090,"Instruments & appliances,used in medical/surgical/dental/veterinary science,nes",9018909090,"Instruments & appliances used in medical/surgical/dental/veterinary sciences,nes",True,same code,split,conc-10-stats-2022.xlsx,2026-09-07
9019100010,Mechano-therapy appl; pwr-op message appl; psychological aptitude-testing app,9019100010,Mechano-therapy appl; pwr-op message appl; psychological aptitude-testing app,True,same code,split,conc-10-stats-2022.xlsx,2026-09-07
9019100020,"Massage apparatus, manually operated",9019100020,"Massage apparatus, manually operated",True,same code,split,conc-10-stats-2022.xlsx,2026-09-07
9019200000,"Ozone, oxygen or aerosol therapy, artifical resptn/other therapeutic resptn app",9019200000,"Oxygen therapy,artificial respiration or other therapeutic respiration apparatus",True,same code,split,conc-10-stats-2022.xlsx,2026-09-07
7317000000,"Nails,staples & sim art,o/t art of No 83.05,of iron/steel,o/t art w copper heads",9021100000,"Orthopaedic/fracture appl,implanted in the body, to compensate defect/disability",False,different chapter,many to many,conc-10-stats-2022.xlsx,2026-09-07
7318140000,"Screws, self-tapping, iron or steel",9021100000,"Orthopaedic/fracture appl,implanted in the body, to compensate defect/disability",False,different chapter,many to many,conc-10-stats-2022.xlsx,2026-09-07
7318150010,"Screws, threaded, of iron or steel, whether or not with their nuts/washers, nes",9021100000,"Orthopaedic/fracture appl,implanted in the body, to compensate defect/disability",False,different chapter,many to many,conc-10-stats-2022.xlsx,2026-09-07
7318150045,"Bolts, studs, of iron or steel, threaded, w/n with their nuts or washers",9021100000,"Orthopaedic/fracture appl,implanted in the body, to compensate defect/disability",False,different chapter,many to many,conc-10-stats-2022.xlsx,2026-09-07
7318150049,"Bolts, threaded, of iron or steel,whether or not with their nuts or washers, nes",9021100000,"Orthopaedic/fracture appl,implanted in the body, to compensate defect/disability",False,different chapter,many to many,conc-10-stats-2022.xlsx,2026-09-07
7318160010,"Nuts, lock, of iron or steel, threaded",9021100000,"Orthopaedic/fracture appl,implanted in the body, to compensate defect/disability",False,different chapter,many to many,conc-10-stats-2022.xlsx,2026-09-07
7318160090,"Nuts, threaded, of iron or steel, nes",9021100000,"Orthopaedic/fracture appl,implanted in the body, to compensate defect/disability",False,different chapter,many to many,conc-10-stats-2022.xlsx,2026-09-07
7318190000,"Threaded articles of iron or steel, nes",9021100000,"Orthopaedic/fracture appl,implanted in the body, to compensate defect/disability",False,different chapter,many to many,conc-10-stats-2022.xlsx,2026-09-07
7318220000,"Washers, non threaded, of iron or steel, nes",9021100000,"Orthopaedic/fracture appl,implanted in the body, to compensate defect/disability",False,different chapter,many to many,conc-10-stats-2022.xlsx,2026-09-07
7318240000,"Cotters and cotter-pins, iron or steel",9021100000,"Orthopaedic/fracture appl,implanted in the body, to compensate defect/disability",False,different chapter,many to many,conc-10-stats-2022.xlsx,2026-09-07
7318290000,"Non-threaded articles, of iron or steel, nes",9021100000,"Orthopaedic/fracture appl,implanted in the body, to compensate defect/disability",False,different chapter,many to many,conc-10-stats-2022.xlsx,2026-09-07
8108900010,"Plates, sheets, strip and foil, titanium, not alloyed, nes",9021100000,"Orthopaedic/fracture appl,implanted in the body, to compensate defect/disability",False,different chapter,many to many,conc-10-stats-2022.xlsx,2026-09-07
8108900020,"Tubes and pipes, titanium, not alloyed, nes",9021100000,"Orthopaedic/fracture appl,implanted in the body, to compensate defect/disability",False,different chapter,many to many,conc-10-stats-2022.xlsx,2026-09-07
8108900090,"Other articles of titanium, nes",9021100000,"Orthopaedic/fracture appl,implanted in the body, to compensate defect/disability",False,different chapter,many to many,conc-10-stats-2022.xlsx,2026-09-07
9021100000,Orthopaedic or fracture appliances,9021100000,"Orthopaedic/fracture appl,implanted in the body, to compensate defect/disability",True,same code,merge,conc-10-stats-2022.xlsx,2026-09-07
7317000000,"Nails,staples & sim art,o/t art of No 83.05,of iron/steel,o/t art w copper heads",9021290000,"Artificial pts of body,worn,carried/implanted body,compensate defect/disability",False,different chapter,many to many,conc-10-stats-2022.xlsx,2026-09-07
7318140000,"Screws, self-tapping, iron or steel",9021290000,"Artificial pts of body,worn,carried/implanted body,compensate defect/disability",False,different chapter,many to many,conc-10-stats-2022.xlsx,2026-09-07
7318150010,"Screws, threaded, of iron or steel, whether or not with their nuts/washers, nes",9021290000,"Artificial pts of body,worn,carried/implanted body,compensate defect/disability",False,different chapter,many to many,conc-10-stats-2022.xlsx,2026-09-07
7318150045,"Bolts, studs, of iron or steel, threaded, w/n with their nuts or washers",9021290000,"Artificial pts of body,worn,carried/implanted body,compensate defect/disability",False,different chapter,many to many,conc-10-stats-2022.xlsx,2026-09-07
7318150049,"Bolts, threaded, of iron or steel,whether or not with their nuts or washers, nes",9021290000,"Artificial pts of body,worn,carried/implanted body,compensate defect/disability",False,different chapter,many to many,conc-10-stats-2022.xlsx,2026-09-07
7318160010,"Nuts, lock, of iron or steel, threaded",9021290000,"Artificial pts of body,worn,carried/implanted body,compensate defect/disability",False,different chapter,many to many,conc-10-stats-2022.xlsx,2026-09-07
7318160090,"Nuts, threaded, of iron or steel, nes",9021290000,"Artificial pts of body,worn,carried/implanted body,compensate defect/disability",False,different chapter,many to many,conc-10-stats-2022.xlsx,2026-09-07
7318190000,"Threaded articles of iron or steel, nes",9021290000,"Artificial pts of body,worn,carried/implanted body,compensate defect/disability",False,different chapter,many to many,conc-10-stats-2022.xlsx,2026-09-07
7318220000,"Washers, non threaded, of iron or steel, nes",9021290000,"Artificial pts of body,worn,carried/implanted body,compensate defect/disability",False,different chapter,many to many,conc-10-stats-2022.xlsx,2026-09-07
7318240000,"Cotters and cotter-pins, iron or steel",9021290000,"Artificial pts of body,worn,carried/implanted body,compensate defect/disability",False,different chapter,many to many,conc-10-stats-2022.xlsx,2026-09-07
7318290000,"Non-threaded articles, of iron or steel, nes",9021290000,"Artificial pts of body,worn,carried/implanted body,compensate defect/disability",False,different chapter,many to many,conc-10-stats-2022.xlsx,2026-09-07
8108900010,"Plates, sheets, strip and foil, titanium, not alloyed, nes",9021290000,"Artificial pts of body,worn,carried/implanted body,compensate defect/disability",False,different chapter,many to many,conc-10-stats-2022.xlsx,2026-09-07
8108900020,"Tubes and pipes, titanium, not alloyed, nes",9021290000,"Artificial pts of body,worn,carried/implanted body,compensate defect/disability",False,different chapter,many to many,conc-10-stats-2022.xlsx,2026-09-07
8108900090,"Other articles of titanium, nes",9021290000,"Artificial pts of body,worn,carried/implanted body,compensate defect/disability",False,different chapter,many to many,conc-10-stats-2022.xlsx,2026-09-07
9021290000,Dental fittings,9021290000,"Artificial pts of body,worn,carried/implanted body,compensate defect/disability",True,same code,merge,conc-10-stats-2022.xlsx,2026-09-07
9018909089,"Parts & accessories,of instruments & appl for medical/surgical/vet sciences,nes",9022210000,"App,b-on alpha/beta/gamma/o ionizing rad,for med/surg/dent/vet u,radiogr/radioth",False,same chapter,many to many,conc-10-stats-2022.xlsx,2026-09-07
9018909090,"Instruments & appliances,used in medical/surgical/dental/veterinary science,nes",9022210000,"App,b-on alpha/beta/gamma/o ionizing rad,for med/surg/dent/vet u,radiogr/radioth",False,same chapter,many to many,conc-10-stats-2022.xlsx,2026-09-07
9022210000,"Apparatus using alpha, beta or gamma radiations for med surg, dental or vet uses",9022210000,"App,b-on alpha/beta/gamma/o ionizing rad,for med/surg/dent/vet u,radiogr/radioth",True,same code,merge,conc-10-stats-2022.xlsx,2026-09-07
9018909089,"Parts & accessories,of instruments & appl for medical/surgical/vet sciences,nes",9022290000,"App,b-on alpha/beta/gamma/o ion rad,o/t for med/surg/dent/vet u,radiogr/radioth",False,same chapter,many to many,conc-10-stats-2022.xlsx,2026-09-07
9018909090,"Instruments & appliances,used in medical/surgical/dental/veterinary science,nes",9022290000,"App,b-on alpha/beta/gamma/o ion rad,o/t for med/surg/dent/vet u,radiogr/radioth",False,same chapter,many to many,conc-10-stats-2022.xlsx,2026-09-07
9022290000,"Apparatus based on the use of alpha beta or gamma radiations, for other uses",9022290000,"App,b-on alpha/beta/gamma/o ion rad,o/t for med/surg/dent/vet u,radiogr/radioth",True,same code,merge,conc-10-stats-2022.xlsx,2026-09-07
9022901000,"Radiation generator units, including parts and accessories",9022901000,"Parts and accessories, of radiation generator units,f use of X-rays/o radiations",True,same code,split,conc-10-stats-2022.xlsx,2026-09-07
9022902000,"Radiation beam delivery units, including parts and accessories",9022902000,"Parts and accessories,radiation beam delivery units,f use of X-rays/o radiations",True,same code,split,conc-10-stats-2022.xlsx,2026-09-07
9022909000,"Parts and accessories, for apparatus based on alpha/beta/gamma radiation,etc,nes",9022909000,"Parts and accessories,for apparatus based on use of X-rays/other radiations, nes",True,same code,split,conc-10-stats-2022.xlsx,2026-09-07
9025900000,"Pts & access,f hydrometers,sim floating inst,thermo,pyrometers,baro,hygro,psychr",9025900000,"Pts & access,f hydrometers,sim floating inst,thermo,pyrometers,baro,hygro,psychr",True,same code,split,conc-10-stats-2022.xlsx,2026-09-07
9026900000,"P&a, f inst & app meas/chk flow/level/pres/o var of liq/gases,o/t 90.14/15/28/32",9026900000,"P&a, f inst & app meas/chk flow/level/pres/o var of liq/gases,o/t 90.14/15/28/32",True,same code,split,conc-10-stats-2022.xlsx,2026-09-07
9027800010,Mass spectrometers,9027810000,"Instruments and apparatus, of mass spectrometers, for physical/chemical analysis",False,same heading,one to one,conc-10-stats-2022.xlsx,2026-09-07
9027800020,"Instruments & apparatus, for chemical analysis, nes",9027890010,"Instruments and apparatus, nes, for chemical analysis",False,same heading,one to one,conc-10-stats-2022.xlsx,2026-09-07
9027800030,"Instruments & apparatus, for physical analysis, nes",9027890020,"Instruments and apparatus, nes, for physical analysis",False,same heading,one to one,conc-10-stats-2022.xlsx,2026-09-07
9027800090,"Instruments & app,f meas/chk viscosity,porosity,expansion,qty of heat,etc,nes",9027890090,"Instruments and apparatus, for physical or chemical analysis, nes",False,same heading,one to one,conc-10-stats-2022.xlsx,2026-09-07
9027900000,"Microtomes; parts & accessories of inst & app for physical/chemical analysis,nes",9027900000,"Microtomes; parts & accessories of inst & app for physical/chemical analysis,nes",True,same code,split,conc-10-stats-2022.xlsx,2026-09-07
9028900000,"Parts & accessories, for gas, liquid or electricity supply or production meters",9028900000,"Parts & accessories, for gas, liquid or electricity supply or production meters",True,same code,split,conc-10-stats-2022.xlsx,2026-09-07
9029900000,"P&a,of revol/prod counters,taximeters,pedometers,tachometers,stroboscopes,etc",9029900000,"P&a, of revol/prod counters,taximeters,pedometers,tachometers, stroboscopes, etc",True,same code,split,conc-10-stats-2022.xlsx,2026-09-07
9030900000,"P&a,for oscillos,spectrum analyzers,instr f meas/chk elec qty or meas/detect rad",9030900000,"P&a,for oscillos,spectrum analyzers,instr f meas/chk elec qty or meas/detect rad",True,same code,split,conc-10-stats-2022.xlsx,2026-09-07
9031901000,Bases and frames for co-ordinate measuring machines,9031901000,"Parts and accessories, of bases and frames for co-ordinate measuring machines",True,same code,split,conc-10-stats-2022.xlsx,2026-09-07
9031909020,Parts and accessories of test benches,9031909020,"Parts and accessories, of test benches",True,same code,split,conc-10-stats-2022.xlsx,2026-09-07
9031909030,Parts and accessories of other optical instruments and appliances,9031909030,"Parts and accessories, of other optical instruments and appliances",True,same code,split,conc-10-stats-2022.xlsx,2026-09-07
9031909090,"Pts & acces,f measuring/checking inst,app & mach,nes in Ch,f profile projectors",9031909090,"Parts and acces,for measuring/checking inst,app and mach, profile projectors,nes",True,same code,split,conc-10-stats-2022.xlsx,2026-09-07
9032900000,"Parts & accessories,for automatic regulating/controlling instruments & apparatus",9032900000,"Parts & accessories,for automatic regulating/controlling instruments & apparatus",True,same code,split,conc-10-stats-2022.xlsx,2026-09-07
9033000000,"Parts & accessories,f mach/appliances/instruments/apparatus of Chapter 90, nes",9033000000,"Parts & accessories,for mach/appliances/instruments/apparatus of Chapter 90, nes",True,same code,split,conc-10-stats-2022.xlsx,2026-09-07
9114100000,"Springs, including hair-springs, for clocks and watches",9114900000,"Clock or watch parts, including hair-springs, nes",False,same heading,merge,conc-10-stats-2022.xlsx,2026-09-07
9114900000,"Clock or watch parts, nes",9114900000,"Clock or watch parts, including hair-springs, nes",True,same code,many to many,conc-10-stats-2022.xlsx,2026-09-07
9401301090,"Seats, swivel var ht adjust, o/t metal, for domestic purposes",9401311000,"Swivel seats,of wood, domestic purp,w variable ht adjust,w/n convertible to beds",False,same heading,split,conc-10-stats-2022.xlsx,2026-09-07
9401309090,"Seats, swivel var ht adjust,o/t metal, o/t dom, med, dental & sim chairs",9401319000,"Swivel seats,of wood,o/t dom purp,w variable ht adjust,w/n convertible to beds",False,same heading,split,conc-10-stats-2022.xlsx,2026-09-07
9401301010,"Seats, swivel with variable height adjust, of metal, domestic",9401391000,"Swivel seats, w variable ht adjustment,dom purp,o/t wood,w/n convertible to beds",False,same heading,merge,conc-10-stats-2022.xlsx,2026-09-07
9401301090,"Seats, swivel var ht adjust, o/t metal, for domestic purposes",9401391000,"Swivel seats, w variable ht adjustment,dom purp,o/t wood,w/n convertible to beds",False,same heading,many to many,conc-10-stats-2022.xlsx,2026-09-07
9401309010,"Seats, swivel with var ht adjust, metal,o/t dom,barber, med, dental & sim chairs",9401399000,"Swivel seats, w variable ht adjustment,o/t dom purp/wood,w/n convertible to beds",False,same heading,merge,conc-10-stats-2022.xlsx,2026-09-07
9401309090,"Seats, swivel var ht adjust,o/t metal, o/t dom, med, dental & sim chairs",9401399000,"Swivel seats, w variable ht adjustment,o/t dom purp/wood,w/n convertible to beds",False,same heading,many to many,conc-10-stats-2022.xlsx,2026-09-07
9401400000,"Seats,o/t garden seats/camping equipment,convertible into beds,o/t of No 94.02",9401410000,"Seats,of wood,o/t garden seats/camping equip/those of No 94.02,convertible beds",False,same heading,split,conc-10-stats-2022.xlsx,2026-09-07
9401400000,"Seats,o/t garden seats/camping equipment,convertible into beds,o/t of No 94.02",9401490000,"Seats, nes, o/t of wood/garden/camping equip/those of No 94.02, convertible beds",False,same heading,split,conc-10-stats-2022.xlsx,2026-09-07
9401900019,"Parts of seats, nes, of a kind used for motor vehicles",9401910000,"Parts, of seats, of wood, o/t those of No 94.02",False,same heading,many to many,conc-10-stats-2022.xlsx,2026-09-07
9401900030,"Parts of seats, of wood, o/t for mtr veh or med/surg/dental/vet/barbers/sim",9401910000,"Parts, of seats, of wood, o/t those of No 94.02",False,same heading,merge,conc-10-stats-2022.xlsx,2026-09-07
9401900011,"Parts of seats, of leather, cut to shape, of a kind used for motor vehicles",9401990011,"Parts of seats, of leather, cut to shape, of a kind used for motor vehicles",False,same heading,one to one,conc-10-stats-2022.xlsx,2026-09-07
9401900012,"Frames for seats, of metal, of a kind used for motor vehicles",9401990012,"Parts, of seats, of metal frames, of a kind used for motor vehicles",False,same heading,one to one,conc-10-stats-2022.xlsx,2026-09-07
9401900018,"Parts of seats, of metal, o/t frames, of a kind used for motor vehicles",9401990018,"Parts, of seats, of metal, o/t frames, of a kind used for motor vehicles",False,same heading,one to one,conc-10-stats-2022.xlsx,2026-09-07
9401900019,"Parts of seats, nes, of a kind used for motor vehicles",9401990019,"Parts, of seats, nes, of a kind used for motor vehicles",False,same heading,split,conc-10-stats-2022.xlsx,2026-09-07
9401900020,"Parts of seats, of metal, o/t for mtr veh or med/surg/dental/vet/barbers/sim",9401990020,"Parts, of seats, of metal, o/t for mtr veh or med/surg/dental/vet/barbers/sim",False,same heading,one to one,conc-10-stats-2022.xlsx,2026-09-07
9401900090,"Pts of seats,nes,o/t mtr veh/med/surg/dental/vet/rotng,reclng,elevtg barbers/sim",9401990090,"Pts of seats,nes,o/t mtr veh/med/surg/dental/vet/rotng,reclng,elevtg barbers/sim",False,same heading,one to one,conc-10-stats-2022.xlsx,2026-09-07
9403900061,"Table or counter tops, of wood, nes",9403910010,"Parts, of furniture, for table or counter tops, of wood",False,same heading,one to one,conc-10-stats-2022.xlsx,2026-09-07
9403900029,"Frames, o/t of metal, nes",9403910090,"Parts, of furniture, other than for table or counter tops, of wood",False,same heading,many to many,conc-10-stats-2022.xlsx,2026-09-07
9403900093,"Parts of furniture, of wood, nes",9403910090,"Parts, of furniture, other than for table or counter tops, of wood",False,same heading,merge,conc-10-stats-2022.xlsx,2026-09-07
9403900069,"Table or counter tops, o/t of wood, nes",9403990010,"Parts, of furniture, for table or counter tops, other than of wood",False,same heading,one to one,conc-10-stats-2022.xlsx,2026-09-07
9403900021,"Frames, of metal, nes",9403990021,"Parts, of furniture, for frames, of metal",False,same heading,one to one,conc-10-stats-2022.xlsx,2026-09-07
9403900029,"Frames, o/t of metal, nes",9403990029,"Parts, of furniture, for frames, other than of metal",False,same heading,split,conc-10-stats-2022.xlsx,2026-09-07
9403900091,"Parts of furniture, of metal, nes",9403990091,"Parts, of furniture, of metal, other than for frames",False,same heading,one to one,conc-10-stats-2022.xlsx,2026-09-07
9403900092,"Parts of furniture, of rubber or plastics, nes",9403990092,"Parts, of furniture, of rubber or plastics, other than for frames",False,same heading,one to one,conc-10-stats-2022.xlsx,2026-09-07
9403900099,"Parts of furniture, nes",9403990099,"Parts, of furniture, nes",False,same heading,one to one,conc-10-stats-2022.xlsx,2026-09-07
9404901011,"Quilts, eiderdowns, comforters and similar articles, of cotton, down-filled",9404400011,"Articles,of bed/furn,quilts,bedspreads,eiderdowns & duvets,of cotton,down-filled",False,same heading,one to one,conc-10-stats-2022.xlsx,2026-09-07
9404901012,"Quilts, eiderdowns, comforters and similar articles of cotton, polyester-filled",9404400012,"Art,of bed/furn,quilts,bedspreads,eiderdowns & duvets,of cotton,polyester-filled",False,same heading,one to one,conc-10-stats-2022.xlsx,2026-09-07
9404901019,"Quilts, eiderdowns, comforters and similar articles, of cotton, nes",9404400019,"Articles, of bedding/furn,quilts,bedspreads,eiderdowns and duvets,of cotton,nes",False,same heading,one to one,conc-10-stats-2022.xlsx,2026-09-07
9404901022,"Quilt,eiderdown,comforter,sim, cont<85% wt of silk/silk waste, polyester-filled",9404400091,"Art, bed/furn,quilts,bedspreads,eiderdowns & duvets,o/t cotton, polyester-filled",False,same heading,one to one,conc-10-stats-2022.xlsx,2026-09-07
9404901029,"Quilts,eiderdowns,comforters,sim art,cont < 85% by wt of silk/silk waste,nes",9404400099,"Articles,of bedding/furn,quilts,bedspreads,eiderdowns & duvets,o/t of cotton,nes",False,same heading,merge,conc-10-stats-2022.xlsx,2026-09-07
9404909090,"Bedding and similar articles, nes",9404400099,"Articles,of bedding/furn,quilts,bedspreads,eiderdowns & duvets,o/t of cotton,nes",False,same heading,many to many,conc-10-stats-2022.xlsx,2026-09-07
9404909090,"Bedding and similar articles, nes",9404909090,"Art,bed/furn,o/t quilts,bedspreads,eiderdowns & duvets,w sprng/stuff/int fit,nes",True,same code,split,conc-10-stats-2022.xlsx,2026-09-07
9405100011,"Chandeliers, electric, household",9405110011,"Chandeliers,f hh,designed f use solely w light-emitting diode(LED) light sources",False,same heading,split,conc-10-stats-2022.xlsx,2026-09-07
9405100019,"Chandeliers, electric, o/t household",9405110019,"Chandeliers,o/t f hh,dsnd f use solely w light-emitting diode(LED) light sources",False,same heading,split,conc-10-stats-2022.xlsx,2026-09-07
9405100091,"Lighting fittings, for ceiling or wall, electric, household, nes",9405110091,"Electric ceiling/wall lt fttgs,o/t chandeliers,f hh,dsnd use solely w LED lt src",False,same heading,split,conc-10-stats-2022.xlsx,2026-09-07
9405100099,"Lighting fittings,ceiling or wall,electric,o/t household & for public areas, nes",9405110099,"Electric ceiling/wall lt fttgs,o/t chandeliers/f hh,dsnd use solely w LED lt src",False,same heading,split,conc-10-stats-2022.xlsx,2026-09-07
9405100011,"Chandeliers, electric, household",9405190011,"Chandeliers,f hh,o/t dsnd f use solely w light-emitting diode(LED) light sources",False,same heading,split,conc-10-stats-2022.xlsx,2026-09-07
9405100019,"Chandeliers, electric, o/t household",9405190019,"Chandeliers,o/t f hh/dsnd f use solely w light-emitting diode(LED) light sources",False,same heading,split,conc-10-stats-2022.xlsx,2026-09-07
9405100021,"Lighting fittings, fluorescent, electric, household",9405190021,"Lighting fittings, fluorescent, electric, household",False,same heading,one to one,conc-10-stats-2022.xlsx,2026-09-07
9405100029,"Lighting fittings,fluorescent,electric,o/t household & fittings for public areas",9405190029,"Lighting fittings,fluorescent,electric,o/t household & fittings for public areas",False,same heading,one to one,conc-10-stats-2022.xlsx,2026-09-07
9405100091,"Lighting fittings, for ceiling or wall, electric, household, nes",9405190091,"Lighting fittings, for ceiling or wall, electric, household, nes",False,same heading,split,conc-10-stats-2022.xlsx,2026-09-07
9405100099,"Lighting fittings,ceiling or wall,electric,o/t household & for public areas, nes",9405190099,"Lighting fittings,ceiling or wall,electric,o/t household & for public areas, nes",False,same heading,split,conc-10-stats-2022.xlsx,2026-09-07
9405200000,"Lamps, electric, table, desk, bedside or floor-standing",9405210000,"Lum,of elec table,desk,bedside/floor-standing,dsnd f use solely w LED lt sources",False,same heading,split,conc-10-stats-2022.xlsx,2026-09-07
9405200000,"Lamps, electric, table, desk, bedside or floor-standing",9405290000,"Luminaires,of electric table, desk, bedside or floor-standing,o/t LED lt sources",False,same heading,split,conc-10-stats-2022.xlsx,2026-09-07
9405300000,Lighting sets of a kind used for Christmas trees,9405310000,"Lighting, of strings used for Christmas trees,dsnd f use solely w LED lt sources",False,same heading,split,conc-10-stats-2022.xlsx,2026-09-07
9405300000,Lighting sets of a kind used for Christmas trees,9405390000,"Lighting, of strings of a kind used for Christmas trees, o/t LED light sources",False,same heading,split,conc-10-stats-2022.xlsx,2026-09-07
9405409000,"Lamps & lighting fittings, electric, nes",9405410000,"Luminaires & ltng fittings,elec, photovoltaic,dsnd f use solely w LED lt sources",False,same heading,split,conc-10-stats-2022.xlsx,2026-09-07
9405402000,"Spotlights, motion picture or theatrical",9405421000,"Lum & ltng fttgs,spotlights,motion picture/theatrical,dsnd u solely w LED lt src",False,same heading,split,conc-10-stats-2022.xlsx,2026-09-07
9405409000,"Lamps & lighting fittings, electric, nes",9405429000,"Luminaires and lighting fittings,elec, designed for use solely w LED lt src, nes",False,same heading,split,conc-10-stats-2022.xlsx,2026-09-07
9405401000,"Lamps & lighting fittings, electric, xenon type",9405491000,"Luminaires and ltng fttgs,xenon type,electric,o/t dsnd f use solely w LED lt src",False,same heading,one to one,conc-10-stats-2022.xlsx,2026-09-07
9405402000,"Spotlights, motion picture or theatrical",9405492000,"Lum & ltng fttgs,spotlt,motion picture/theatrical,o/t dsnd u solely w LED lt src",False,same heading,split,conc-10-stats-2022.xlsx,2026-09-07
9405409000,"Lamps & lighting fittings, electric, nes",9405499000,"Luminaires & lighting fittings,of electric,o/t dsnd f u solely w LED lt src, nes",False,same heading,split,conc-10-stats-2022.xlsx,2026-09-07
9405600000,"Signs,name-plates and the like,illuminated with a permanently fixed light source",9405610000,"Illuminated signs,name-plates,permt fixed lt src, dsnd f use solely w LED lt src",False,same heading,split,conc-10-stats-2022.xlsx,2026-09-07
9405600000,"Signs,name-plates and the like,illuminated with a permanently fixed light source",9405690000,"Illuminated signs,name-plates,permt fixed lt src, o/t dsnd f u sole w LED lt src",False,same heading,split,conc-10-stats-2022.xlsx,2026-09-07
9405990000,"Parts,of lamps & lighting fittings,illuminated signs/name-plates,the like,nes",9405990000,"Luminaires and lighting fittings,incl searchlights and spotlights and parts, nes",True,same code,split,conc-10-stats-2022.xlsx,2026-09-07
9406909020,"Prefabricated buildings, of iron or steel, o/t silos for ensilage",9406200000,"Modular building units, of steel",False,same heading,split,conc-10-stats-2022.xlsx,2026-09-07
9406909020,"Prefabricated buildings, of iron or steel, o/t silos for ensilage",9406909090,"Prefabricated buildings, nes",False,same subheading,many to many,conc-10-stats-2022.xlsx,2026-09-07
9406909090,"Prefabricated buildings, o/t of wood/aluminum/iron/steel, o/t silos for ensilage",9406909090,"Prefabricated buildings, nes",True,same code,merge,conc-10-stats-2022.xlsx,2026-09-07
9504200000,Articles and accessories for billiards of all kinds,9504200000,"Articles and accessories, for billiards of all kinds",True,same code,split,conc-10-stats-2022.xlsx,2026-09-07
9504300080,"P&a,f games,op coins/banknotes/bank cards/tokens/o,o/t billards/auto bowl equip",9504300080,"P&a,f games,op coins/banknotes/bank cards/tokens/o,o/t billards/auto bowl equip",True,same code,split,conc-10-stats-2022.xlsx,2026-09-07
9504500080,"Parts & accessories, of video game consoles & machines, o/t those of No 9504.30",9504500080,"Parts & accessories, of video game consoles & machines, o/t those of No 9504.30",True,same code,split,conc-10-stats-2022.xlsx,2026-09-07
9504900090,"Games, operated by coins/banknotes/bank cards/tokens/other means of payment, nes",9504900090,"Games, operated by coins/banknotes/bank cards/tokens/other means of payment, nes",True,same code,split,conc-10-stats-2022.xlsx,2026-09-07
9506910010,Exercise bicycle,9506910010,"Articles and equip,of exercise bicycles,f physical exercise,gymnastics/athletics",True,same code,split,conc-10-stats-2022.xlsx,2026-09-07
9506910090,"Articles & equipment for general physical exercise, gymnastics or athletics, nes",9506910090,"Art & equip,o/t exercise bicycles/trampolines, physical exerc,gym/athletics, nes",True,same code,split,conc-10-stats-2022.xlsx,2026-09-07
9508900011,Amusement riding devices,9508210000,"Roller coasters, for amusement parks",False,same heading,many to many,conc-10-stats-2022.xlsx,2026-09-07
9508900012,Parts & access for amusement riding devices,9508210000,"Roller coasters, for amusement parks",False,same heading,many to many,conc-10-stats-2022.xlsx,2026-09-07
9508900011,Amusement riding devices,9508220000,"Carousels, swings and roundabouts, for amusement parks",False,same heading,many to many,conc-10-stats-2022.xlsx,2026-09-07
9508900012,Parts & access for amusement riding devices,9508220000,"Carousels, swings and roundabouts, for amusement parks",False,same heading,many to many,conc-10-stats-2022.xlsx,2026-09-07
9508900011,Amusement riding devices,9508230000,"Dodge'em cars, for amusement parks",False,same heading,many to many,conc-10-stats-2022.xlsx,2026-09-07
9508900012,Parts & access for amusement riding devices,9508230000,"Dodge'em cars, for amusement parks",False,same heading,many to many,conc-10-stats-2022.xlsx,2026-09-07
9508900090,"Fairground amusements, o/t rides & travelling circuses/menageries",9508240000,"Motion simulators and moving theatres, for amusement parks",False,same heading,split,conc-10-stats-2022.xlsx,2026-09-07
9508900090,"Fairground amusements, o/t rides & travelling circuses/menageries",9508250000,"Water rides, for amusement park and water park amusements",False,same heading,split,conc-10-stats-2022.xlsx,2026-09-07
9508900090,"Fairground amusements, o/t rides & travelling circuses/menageries",9508260000,Water park amusements,False,same heading,split,conc-10-stats-2022.xlsx,2026-09-07
9508900090,"Fairground amusements, o/t rides & travelling circuses/menageries",9508290000,"Amusement park rides and water park amusements, nes",False,same heading,split,conc-10-stats-2022.xlsx,2026-09-07
9508900090,"Fairground amusements, o/t rides & travelling circuses/menageries",9508300000,"Fairground amusements, including shooting galleries",False,same heading,split,conc-10-stats-2022.xlsx,2026-09-07
9508900090,"Fairground amusements, o/t rides & travelling circuses/menageries",9508400000,Travelling theatres,False,same heading,split,conc-10-stats-2022.xlsx,2026-09-07
9701101010,"Paintings, originals by artist,executed entirely by hand",9701211010,"Paintings, originals by artists, executed entirely by hand,age exceeding 100 yrs",False,same heading,split,conc-10-stats-2022.xlsx,2026-09-07
9701101090,"Drawing & pastel,original by artist,executed by hand,o/t ind,com,etc,nes",9701211090,"Drawings and pastels,originals by artists,executed by hand,age exceeding 100 yrs",False,same heading,split,conc-10-stats-2022.xlsx,2026-09-07
9701109000,"Paintings, drawings, o/t No 49.06, and pastels,executed by hand, o/t originals",9701219000,"Paintings, drawings and pastels, executed by hand, o/t originals,> 100 years,nes",False,same heading,split,conc-10-stats-2022.xlsx,2026-09-07
9701901000,"Collages & similar decorative plaques, by original artists",9701221000,"Mosaics, originals by artists, of an age exceeding 100 years",False,same heading,split,conc-10-stats-2022.xlsx,2026-09-07
9701909000,"Collages & similar decorative plaques, o/t by original artists",9701229000,"Mosaics, o/t originals by artists, of an ageexceeding 100 years",False,same heading,split,conc-10-stats-2022.xlsx,2026-09-07
9701901000,"Collages & similar decorative plaques, by original artists",9701291000,"Collages and similar decor plaques, originals by artists, of an age > 100 years",False,same heading,split,conc-10-stats-2022.xlsx,2026-09-07
9701909000,"Collages & similar decorative plaques, o/t by original artists",9701299000,"Collages and similar decor plaques, o/t originals by artists,of an age > 100 yrs",False,same heading,split,conc-10-stats-2022.xlsx,2026-09-07
9701101010,"Paintings, originals by artist,executed entirely by hand",9701911010,"Paintings, originals by artists, executed entirely by hand, of an age <= 100 yrs",False,same heading,split,conc-10-stats-2022.xlsx,2026-09-07
9701101090,"Drawing & pastel,original by artist,executed by hand,o/t ind,com,etc,nes",9701911090,"Drawings and pastels,originals by artists,executed by hand, of an age <= 100 yrs",False,same heading,split,conc-10-stats-2022.xlsx,2026-09-07
9701109000,"Paintings, drawings, o/t No 49.06, and pastels,executed by hand, o/t originals",9701919000,"Paintings,drawings and pastels,executed by hand,o/t originals, age <=100 yrs,nes",False,same heading,split,conc-10-stats-2022.xlsx,2026-09-07
9701901000,"Collages & similar decorative plaques, by original artists",9701921000,"Mosaics, originals by artists, of an age less than/equal to 100 years",False,same heading,split,conc-10-stats-2022.xlsx,2026-09-07
9701909000,"Collages & similar decorative plaques, o/t by original artists",9701929000,"Mosaics, o/t originals by artists, of an age less than/equal to 100 years",False,same heading,split,conc-10-stats-2022.xlsx,2026-09-07
9701901000,"Collages & similar decorative plaques, by original artists",9701991000,"Collages and similar decor plaques, originals by artists, of an age <= 100 years",False,same heading,split,conc-10-stats-2022.xlsx,2026-09-07
9701909000,"Collages & similar decorative plaques, o/t by original artists",9701999000,"Collages & similar decor plaques,o/t originals by artists,of an age <= 100 years",False,same heading,split,conc-10-stats-2022.xlsx,2026-09-07
9702000000,"Engravings, prints and lithographs, original",9702100000,"Original engravings, prints and lithographs, of an age exceeding 100 years",False,same heading,split,conc-10-stats-2022.xlsx,2026-09-07
9702000000,"Engravings, prints and lithographs, original",9702900000,"Original engravings, prints and lithographs, o/t of an age > 100 year, nes",False,same heading,split,conc-10-stats-2022.xlsx,2026-09-07
9703000000,"Sculptures and statuary, original, in any material",9703100000,"Original sculpture and statuary, in any material, of an age exceeding 100 years",False,same heading,split,conc-10-stats-2022.xlsx,2026-09-07
9703000000,"Sculptures and statuary, original, in any material",9703900000,"Original sculpture and statuary, in any material, o/t of an age > 100 year, nes",False,same heading,split,conc-10-stats-2022.xlsx,2026-09-07
9705000000,Coll & coll pce of zoo/bot/min/anatom/hist/archaeo/palaeont/ethno/num interest,9705100000,"Collections and coll pieces of archaeological, ethnographic/historical interest",False,same heading,split,conc-10-stats-2022.xlsx,2026-09-07
9705000000,Coll & coll pce of zoo/bot/min/anatom/hist/archaeo/palaeont/ethno/num interest,9705210000,"Collections and collectors' pieces, of human specimens and parts thereof",False,same heading,split,conc-10-stats-2022.xlsx,2026-09-07
9705000000,Coll & coll pce of zoo/bot/min/anatom/hist/archaeo/palaeont/ethno/num interest,9705220000,"Collections and collectors' pieces,of extinct/endangered species & parts thereof",False,same heading,split,conc-10-stats-2022.xlsx,2026-09-07
9705000000,Coll & coll pce of zoo/bot/min/anatom/hist/archaeo/palaeont/ethno/num interest,9705290000,"Collections and colls' pieces, o/t human/extinct/endangered species & parts t/o",False,same heading,split,conc-10-stats-2022.xlsx,2026-09-07
9705000000,Coll & coll pce of zoo/bot/min/anatom/hist/archaeo/palaeont/ethno/num interest,9705310000,"Collections and collectors' pieces of numismatic interest, of an age > 100 years",False,same heading,split,conc-10-stats-2022.xlsx,2026-09-07
9705000000,Coll & coll pce of zoo/bot/min/anatom/hist/archaeo/palaeont/ethno/num interest,9705390000,"Collections and collectors' pieces of numismatic interest, of an age <=100 years",False,same heading,split,conc-10-stats-2022.xlsx,2026-09-07
9706000010,"Furniture, antiques, exceeding one hundred years",9706100000,"Antiques, of an age exceeding 250 years",False,same heading,many to many,conc-10-stats-2022.xlsx,2026-09-07
9706000090,"Antiques, other than furniture, exceeding one hundred years, nes",9706100000,"Antiques, of an age exceeding 250 years",False,same heading,many to many,conc-10-stats-2022.xlsx,2026-09-07
9706000010,"Furniture, antiques, exceeding one hundred years",9706900000,"Antiques, of an age exceeding 100 years, but less than or equal to 250 years",False,same heading,many to many,conc-10-stats-2022.xlsx,2026-09-07
9706000090,"Antiques, other than furniture, exceeding one hundred years, nes",9706900000,"Antiques, of an age exceeding 100 years, but less than or equal to 250 years",False,same heading,many to many,conc-10-stats-2022.xlsx,2026-09-07
